record_id,product_id,base_game_id,base_game,base_game_slug,expansion_name,publisher,product_type,edition,evidence_tier,publication_status,base_game_required,standalone_playable,prerequisite_rule,prerequisite_logic_json,prerequisite_verification,ownership_filter_safe,unverified_prerequisite_note,compatibility_notes,content_overlap_notes,possible_alias_warning,what_it_adds,description_specificity,what_it_fixes,what_it_fixes_status,min_players,max_players,player_count_basis,group_fit,worth_it_verdict,buy_order_priority,recommendation_use_case,recommendation_rationale,recommendation_status,recommendation_basis,ranking_scope,recommendation_evidence_url,price_usd,price_kind,price_band_usd,price_source_url,price_checked_on,purchase_url,purchase_link_status,amazon_us_url,amazon_asin,amazon_link_status,amazon_checked_on,release_year,release_status,catalog_availability,official_source_url,supporting_source_url,source_type,source_scope,verified_fields,verification_status,checked_on,source_check_method,review_flags,coverage_completeness,market_focus,bgg_id,bgg_rating,bgg_weight,bgg_stats_as_of,last_pass_checked_at_utc,last_pass_fetch_status,last_pass_identity_status,last_pass_source_url,last_pass_source_title,last_pass_evidence_id,last_pass_requirement_evidence_status,last_pass_missing_core_fields,last_pass_audit_flags,last_pass_supported_fields
rec_7cf576c12b1810,prd_75b7bab262cef5,game_7-wonders,7 Wonders,7-wonders,Architects Guild,Repos Production,official_promo,,primary_catalog_identity,hold_for_product_detail_verification,unknown,unknown,,,not_verified,false,,,,,,not_recorded,,not_established,,,,,,,,,not_assessed,,,,,,,,,,not_recorded,,,not_verified,,,unknown,not_checked,https://www.rprod.com/en/games/7-wonders,,publisher,publisher_download_catalog,product_name;base_game_association,catalog_verified_details_pending,2026-09-20,web_retrieval_or_search_index; not a legal/license audit,edition;printing;prerequisites;recommendation,not_established,US; regional availability not guaranteed,,,,,2026-09-20T14:35:11+00:00,fetch_failed,identity_not_established,https://www.rprod.com/en/games/7-wonders,,src-c95229d20254f1ad,not_established,what_it_adds | base_game_requirement | edition_compatibility_notes,,
rec_670758aa50dc7c,prd_91ce4fd675abaf,game_7-wonders,7 Wonders,7-wonders,Armada,Repos Production,expansion,,primary_catalog_identity,hold_for_product_detail_verification,unknown,unknown,,,not_verified,false,,Match the expansion printing to the base-game edition; do not confuse 7 Wonders with 7 Wonders Duel or Architects.,,,,not_recorded,,not_established,,,,,,,,,not_assessed,,,,,,,,,,not_recorded,,,not_verified,,,unknown,not_checked,https://www.rprod.com/en/games/7-wonders,,publisher,catalog,product_name;base_game_association,catalog_verified_details_pending,2026-09-20,web_retrieval_or_search_index; not a legal/license audit,prerequisites;edition;recommendation,not_established,US; regional availability not guaranteed,,,,,2026-09-20T14:35:11+00:00,fetch_failed,identity_not_established,https://www.rprod.com/en/games/7-wonders,,src-c95229d20254f1ad,not_established,what_it_adds | base_game_requirement,,
rec_c5d3b1edc52d77,prd_765b21b98733cb,game_7-wonders,7 Wonders,7-wonders,Cities,Repos Production,expansion,,primary_catalog_identity,hold_for_product_detail_verification,unknown,unknown,,,not_verified,false,,Match the expansion printing to the base-game edition; do not confuse 7 Wonders with 7 Wonders Duel or Architects.,,,,not_recorded,,not_established,,,,,,,,,not_assessed,,,,,,,,,,not_recorded,,,not_verified,,,unknown,not_checked,https://www.rprod.com/en/games/7-wonders,,publisher,catalog,product_name;base_game_association,catalog_verified_details_pending,2026-09-20,web_retrieval_or_search_index; not a legal/license audit,prerequisites;edition;recommendation,not_established,US; regional availability not guaranteed,,,,,2026-09-20T14:35:11+00:00,fetch_failed,identity_not_established,https://www.rprod.com/en/games/7-wonders,,src-c95229d20254f1ad,not_established,what_it_adds | base_game_requirement,,
rec_6c825c044dfc2a,prd_ab06627e5626f0,game_7-wonders,7 Wonders,7-wonders,Diceopolis Wonder,Repos Production,official_promo,,primary_catalog_identity,hold_for_product_detail_verification,unknown,unknown,,,not_verified,false,,,,,,not_recorded,,not_established,,,,,,,,,not_assessed,,,,,,,,,,not_recorded,,,not_verified,,,unknown,not_checked,https://www.rprod.com/en/games/7-wonders,,publisher,publisher_download_catalog,product_name;base_game_association,catalog_verified_details_pending,2026-09-20,web_retrieval_or_search_index; not a legal/license audit,edition;printing;prerequisites;recommendation,not_established,US; regional availability not guaranteed,,,,,2026-09-20T14:35:11+00:00,fetch_failed,identity_not_established,https://www.rprod.com/en/games/7-wonders,,src-c95229d20254f1ad,not_established,what_it_adds | base_game_requirement | edition_compatibility_notes,,
rec_fadb6a8251921a,prd_ceaa1f170a02f0,game_7-wonders,7 Wonders,7-wonders,Edifice,Repos Production,expansion,,primary_catalog_identity,hold_for_product_detail_verification,unknown,unknown,,,not_verified,false,,Match the expansion printing to the base-game edition; do not confuse 7 Wonders with 7 Wonders Duel or Architects.,,,,not_recorded,,not_established,,,,,,,,,not_assessed,,,,,,,,,,not_recorded,,,not_verified,,,unknown,not_checked,https://www.rprod.com/en/games/7-wonders,,publisher,catalog,product_name;base_game_association,catalog_verified_details_pending,2026-09-20,web_retrieval_or_search_index; not a legal/license audit,prerequisites;edition;recommendation,not_established,US; regional availability not guaranteed,,,,,2026-09-20T14:35:11+00:00,fetch_failed,identity_not_established,https://www.rprod.com/en/games/7-wonders,,src-c95229d20254f1ad,not_established,what_it_adds | base_game_requirement,,
rec_c63791cc57c307,prd_f4c410582ec06c,game_7-wonders,7 Wonders,7-wonders,Gamers Guild,Repos Production,official_promo,,primary_catalog_identity,hold_for_product_detail_verification,unknown,unknown,,,not_verified,false,,,,,,not_recorded,,not_established,,,,,,,,,not_assessed,,,,,,,,,,not_recorded,,,not_verified,,,unknown,not_checked,https://www.rprod.com/en/games/7-wonders,,publisher,publisher_download_catalog,product_name;base_game_association,catalog_verified_details_pending,2026-09-20,web_retrieval_or_search_index; not a legal/license audit,edition;printing;prerequisites;recommendation,not_established,US; regional availability not guaranteed,,,,,2026-09-20T14:35:11+00:00,fetch_failed,identity_not_established,https://www.rprod.com/en/games/7-wonders,,src-c95229d20254f1ad,not_established,what_it_adds | base_game_requirement | edition_compatibility_notes,,
rec_3cc868f90b6384,prd_fa1a54e09127f4,game_7-wonders,7 Wonders,7-wonders,Leaders,Repos Production,expansion,,primary_catalog_identity,hold_for_product_detail_verification,unknown,unknown,,,not_verified,false,,Match the expansion printing to the base-game edition; do not confuse 7 Wonders with 7 Wonders Duel or Architects.,,,,not_recorded,,not_established,,,,,,,,,not_assessed,,,,,,,,,,not_recorded,,,not_verified,,,unknown,not_checked,https://www.rprod.com/en/games/7-wonders,,publisher,catalog,product_name;base_game_association,catalog_verified_details_pending,2026-09-20,web_retrieval_or_search_index; not a legal/license audit,prerequisites;edition;recommendation,not_established,US; regional availability not guaranteed,,,,,2026-09-20T14:35:11+00:00,fetch_failed,identity_not_established,https://www.rprod.com/en/games/7-wonders,,src-c95229d20254f1ad,not_established,what_it_adds | base_game_requirement,,
rec_8626fbe29d0036,prd_61a61eb39496fe,game_7-wonders,7 Wonders,7-wonders,Manneken Pis Promo (2nd Edition),Repos Production,official_promo,,secondary_catalog_identity,hold_for_product_detail_verification,unknown,unknown,,,not_verified,false,,,,Potential overlap between named Wonder and second-edition promo; exact edition not resolved.,Promotional gameplay content; exact effects and required editions not independently checked.,format_level_only,,not_established,,,,,,,,,not_assessed,,,,,,,,,,not_recorded,,,not_verified,,,unknown,not_checked,,https://boardgamegeekstore.com/collections/bgg-store-promos?page=2,specialist_retailer,retailer_catalog,product_name;base_game_association,secondary_catalog_details_pending,2026-09-20,web_retrieval_or_search_index; not a legal/license audit,product_rulebook;prerequisites;edition;recommendation;retailer_identity_only,not_established,US; regional availability not guaranteed,,,,,2026-09-20T14:35:11+00:00,fetch_failed,identity_not_established,https://boardgamegeekstore.com/collections/bgg-store-promos?page=2,,src-42cc4ca501b42b1f,not_established,base_game_requirement | edition_compatibility_notes,,
rec_a1a8a995339d71,prd_29bf7fd8c3daaa,game_7-wonders,7 Wonders,7-wonders,Manneken Pis Wonder,Repos Production,official_promo,,primary_catalog_identity,hold_for_product_detail_verification,unknown,unknown,,,not_verified,false,,,,Potential overlap between named Wonder and second-edition promo; exact edition not resolved.,,not_recorded,,not_established,,,,,,,,,not_assessed,,,,,,,,,,not_recorded,,,not_verified,,,unknown,not_checked,https://www.rprod.com/en/games/7-wonders,,publisher,publisher_download_catalog,product_name;base_game_association,catalog_verified_details_pending,2026-09-20,web_retrieval_or_search_index; not a legal/license audit,edition;printing;prerequisites;recommendation,not_established,US; regional availability not guaranteed,,,,,2026-09-20T14:35:11+00:00,fetch_failed,identity_not_established,https://www.rprod.com/en/games/7-wonders,,src-c95229d20254f1ad,not_established,what_it_adds | base_game_requirement | edition_compatibility_notes,,
rec_ca98deff361241,prd_a4d318c0812ba3,game_7-wonders,7 Wonders,7-wonders,Mourners Guild,Repos Production,official_promo,,primary_catalog_identity,hold_for_product_detail_verification,unknown,unknown,,,not_verified,false,,,,,,not_recorded,,not_established,,,,,,,,,not_assessed,,,,,,,,,,not_recorded,,,not_verified,,,unknown,not_checked,https://www.rprod.com/en/games/7-wonders,,publisher,publisher_download_catalog,product_name;base_game_association,catalog_verified_details_pending,2026-09-20,web_retrieval_or_search_index; not a legal/license audit,edition;printing;prerequisites;recommendation,not_established,US; regional availability not guaranteed,,,,,2026-09-20T14:35:11+00:00,fetch_failed,identity_not_established,https://www.rprod.com/en/games/7-wonders,,src-c95229d20254f1ad,not_established,what_it_adds | base_game_requirement | edition_compatibility_notes,,
rec_6aed068c1bc0c1,prd_b48f31c85e7581,game_7-wonders,7 Wonders,7-wonders,The Great Wall Promo (2nd Edition),Repos Production,official_promo,,secondary_catalog_identity,hold_for_product_detail_verification,unknown,unknown,,,not_verified,false,,,,,Promotional gameplay content; exact effects and required editions not independently checked.,format_level_only,,not_established,,,,,,,,,not_assessed,,,,,,,,,,not_recorded,,,not_verified,,,unknown,not_checked,,https://boardgamegeekstore.com/collections/bgg-store-promos?page=2,specialist_retailer,retailer_catalog,product_name;base_game_association,secondary_catalog_details_pending,2026-09-20,web_retrieval_or_search_index; not a legal/license audit,product_rulebook;prerequisites;edition;recommendation;retailer_identity_only,not_established,US; regional availability not guaranteed,,,,,2026-09-20T14:35:11+00:00,fetch_failed,identity_not_established,https://boardgamegeekstore.com/collections/bgg-store-promos?page=2,,src-42cc4ca501b42b1f,not_established,base_game_requirement | edition_compatibility_notes,,
rec_c2905a7ded9acc,prd_e643923fef69c3,game_aeon-s-end,Aeon's End,aeon-s-end,Beyond the Breach,Indie Boards and Cards,expansion,,primary_catalog_identity,hold_for_product_detail_verification,unknown,unknown,,,not_verified,false,,,,,,not_recorded,,not_established,,,,,,,,,not_assessed,,,,,,,,,,not_recorded,,,not_verified,,,unknown,not_checked,https://indieboardsandcards.com/type/expansions/,,publisher,catalog,product_name;base_game_association,catalog_verified_details_pending,2026-09-20,web_retrieval_or_search_index; not a legal/license audit,exact_compatible_core_set;edition;prerequisites;recommendation,not_established,US; regional availability not guaranteed,,,,,2026-09-20T14:35:11+00:00,fetch_failed,identity_not_established,https://indieboardsandcards.com/type/expansions/,,src-ad059ab786e6a887,not_established,what_it_adds | base_game_requirement | edition_compatibility_notes,,
rec_4b652041b37ace,prd_d2c469ee95639e,game_aeon-s-end,Aeon's End,aeon-s-end,Buried Secrets,Indie Boards and Cards,expansion,,primary_catalog_identity,hold_for_product_detail_verification,unknown,unknown,,,not_verified,false,,,,,,not_recorded,,not_established,,,,,,,,,not_assessed,,,,,,,,,,not_recorded,,,not_verified,,,unknown,not_checked,https://indieboardsandcards.com/type/expansions/,,publisher,catalog,product_name;base_game_association,catalog_verified_details_pending,2026-09-20,web_retrieval_or_search_index; not a legal/license audit,exact_compatible_core_set;edition;prerequisites;recommendation,not_established,US; regional availability not guaranteed,,,,,2026-09-20T14:35:11+00:00,fetch_failed,identity_not_established,https://indieboardsandcards.com/type/expansions/,,src-ad059ab786e6a887,not_established,what_it_adds | base_game_requirement | edition_compatibility_notes,,
rec_660200e4f4fbe5,prd_baee51cd544d58,game_aeon-s-end,Aeon's End,aeon-s-end,Into the Wild,Indie Boards and Cards,expansion,,primary_catalog_identity,hold_for_product_detail_verification,unknown,unknown,,,not_verified,false,,,,,,not_recorded,,not_established,,,,,,,,,not_assessed,,,,,,,,,,not_recorded,,,not_verified,,,unknown,not_checked,https://indieboardsandcards.com/type/expansions/,,publisher,catalog,product_name;base_game_association,catalog_verified_details_pending,2026-09-20,web_retrieval_or_search_index; not a legal/license audit,exact_compatible_core_set;edition;prerequisites;recommendation,not_established,US; regional availability not guaranteed,,,,,2026-09-20T14:35:11+00:00,fetch_failed,identity_not_established,https://indieboardsandcards.com/type/expansions/,,src-ad059ab786e6a887,not_established,what_it_adds | base_game_requirement | edition_compatibility_notes,,
rec_412c589dd1f743,prd_4b469d018abe09,game_aeon-s-end,Aeon's End,aeon-s-end,Past and Future,Indie Boards and Cards,expansion,,primary_catalog_identity,hold_for_product_detail_verification,unknown,unknown,,,not_verified,false,,,,,,not_recorded,,not_established,,,,,,,,,not_assessed,,,,,,,,,,not_recorded,,,not_verified,,,unknown,not_checked,https://indieboardsandcards.com/type/expansions/,,publisher,catalog,product_name;base_game_association,catalog_verified_details_pending,2026-09-20,web_retrieval_or_search_index; not a legal/license audit,exact_compatible_core_set;edition;prerequisites;recommendation,not_established,US; regional availability not guaranteed,,,,,2026-09-20T14:35:11+00:00,fetch_failed,identity_not_established,https://indieboardsandcards.com/type/expansions/,,src-ad059ab786e6a887,not_established,what_it_adds | base_game_requirement | edition_compatibility_notes,,
rec_080159e042ed12,prd_48f51199e2c0b3,game_aeon-s-end,Aeon's End,aeon-s-end,Return to Gravehold,Indie Boards and Cards,expansion,,primary_catalog_identity,hold_for_product_detail_verification,unknown,unknown,,,not_verified,false,,,,,,not_recorded,,not_established,,,,,,,,,not_assessed,,,,,,,,,,not_recorded,,,not_verified,,,unknown,not_checked,https://indieboardsandcards.com/type/expansions/,,publisher,catalog,product_name;base_game_association,catalog_verified_details_pending,2026-09-20,web_retrieval_or_search_index; not a legal/license audit,exact_compatible_core_set;edition;prerequisites;recommendation,not_established,US; regional availability not guaranteed,,,,,2026-09-20T14:35:11+00:00,fetch_failed,identity_not_established,https://indieboardsandcards.com/type/expansions/,,src-ad059ab786e6a887,not_established,what_it_adds | base_game_requirement | edition_compatibility_notes,,
rec_7f23f64976580b,prd_0a0431164f59a3,game_aeon-s-end,Aeon's End,aeon-s-end,Shattered Dreams,Indie Boards and Cards,expansion,,primary_catalog_identity,hold_for_product_detail_verification,unknown,unknown,,,not_verified,false,,,,,,not_recorded,,not_established,,,,,,,,,not_assessed,,,,,,,,,,not_recorded,,,not_verified,,,unknown,not_checked,https://indieboardsandcards.com/type/expansions/,,publisher,catalog,product_name;base_game_association,catalog_verified_details_pending,2026-09-20,web_retrieval_or_search_index; not a legal/license audit,exact_compatible_core_set;edition;prerequisites;recommendation,not_established,US; regional availability not guaranteed,,,,,2026-09-20T14:35:11+00:00,fetch_failed,identity_not_established,https://indieboardsandcards.com/type/expansions/,,src-ad059ab786e6a887,not_established,what_it_adds | base_game_requirement | edition_compatibility_notes,,
rec_918888ea5e3431,prd_e1808fc93299e1,game_aeon-s-end,Aeon's End,aeon-s-end,Southern Village,Indie Boards and Cards,expansion,,primary_catalog_identity,hold_for_product_detail_verification,unknown,unknown,,,not_verified,false,,,,,,not_recorded,,not_established,,,,,,,,,not_assessed,,,,,,,,,,not_recorded,,,not_verified,,,unknown,not_checked,https://indieboardsandcards.com/type/expansions/,,publisher,catalog,product_name;base_game_association,catalog_verified_details_pending,2026-09-20,web_retrieval_or_search_index; not a legal/license audit,exact_compatible_core_set;edition;prerequisites;recommendation,not_established,US; regional availability not guaranteed,,,,,2026-09-20T14:35:11+00:00,fetch_failed,identity_not_established,https://indieboardsandcards.com/type/expansions/,,src-ad059ab786e6a887,not_established,what_it_adds | base_game_requirement | edition_compatibility_notes,,
rec_1d60c64606cb39,prd_ab2fe4785bdea0,game_aeon-s-end,Aeon's End,aeon-s-end,The Abyss,Indie Boards and Cards,expansion,,primary_catalog_identity,hold_for_product_detail_verification,unknown,unknown,,,not_verified,false,,,,,,not_recorded,,not_established,,,,,,,,,not_assessed,,,,,,,,,,not_recorded,,,not_verified,,,unknown,not_checked,https://indieboardsandcards.com/type/expansions/,,publisher,catalog,product_name;base_game_association,catalog_verified_details_pending,2026-09-20,web_retrieval_or_search_index; not a legal/license audit,exact_compatible_core_set;edition;prerequisites;recommendation,not_established,US; regional availability not guaranteed,,,,,2026-09-20T14:35:11+00:00,fetch_failed,identity_not_established,https://indieboardsandcards.com/type/expansions/,,src-ad059ab786e6a887,not_established,what_it_adds | base_game_requirement | edition_compatibility_notes,,
rec_c65eedb04e77ed,prd_2c39f731972e34,game_aeon-s-end,Aeon's End,aeon-s-end,The Ancients,Indie Boards and Cards,expansion,,primary_catalog_identity,hold_for_product_detail_verification,unknown,unknown,,,not_verified,false,,,,,,not_recorded,,not_established,,,,,,,,,not_assessed,,,,,,,,,,not_recorded,,,not_verified,,,unknown,not_checked,https://indieboardsandcards.com/type/expansions/,,publisher,catalog,product_name;base_game_association,catalog_verified_details_pending,2026-09-20,web_retrieval_or_search_index; not a legal/license audit,exact_compatible_core_set;edition;prerequisites;recommendation,not_established,US; regional availability not guaranteed,,,,,2026-09-20T14:35:11+00:00,fetch_failed,identity_not_established,https://indieboardsandcards.com/type/expansions/,,src-ad059ab786e6a887,not_established,what_it_adds | base_game_requirement | edition_compatibility_notes,,
rec_398e57ae286799,prd_8123fc8725da67,game_aeon-s-end,Aeon's End,aeon-s-end,The Caverns,Indie Boards and Cards,expansion,,primary_catalog_identity,hold_for_product_detail_verification,unknown,unknown,,,not_verified,false,,,,,,not_recorded,,not_established,,,,,,,,,not_assessed,,,,,,,,,,not_recorded,,,not_verified,,,unknown,not_checked,https://indieboardsandcards.com/type/expansions/,,publisher,catalog,product_name;base_game_association,catalog_verified_details_pending,2026-09-20,web_retrieval_or_search_index; not a legal/license audit,exact_compatible_core_set;edition;prerequisites;recommendation,not_established,US; regional availability not guaranteed,,,,,2026-09-20T14:35:11+00:00,fetch_failed,identity_not_established,https://indieboardsandcards.com/type/expansions/,,src-ad059ab786e6a887,not_established,what_it_adds | base_game_requirement | edition_compatibility_notes,,
rec_1fc931ad593dc0,prd_75bb6860d91a7f,game_aeon-s-end,Aeon's End,aeon-s-end,The Depths,Indie Boards and Cards,expansion,,primary_catalog_identity,hold_for_product_detail_verification,unknown,unknown,,,not_verified,false,,,,,,not_recorded,,not_established,,,,,,,,,not_assessed,,,,,,,,,,not_recorded,,,not_verified,,,unknown,not_checked,https://indieboardsandcards.com/type/expansions/,,publisher,catalog,product_name;base_game_association,catalog_verified_details_pending,2026-09-20,web_retrieval_or_search_index; not a legal/license audit,exact_compatible_core_set;edition;prerequisites;recommendation,not_established,US; regional availability not guaranteed,,,,,2026-09-20T14:35:11+00:00,fetch_failed,identity_not_established,https://indieboardsandcards.com/type/expansions/,,src-ad059ab786e6a887,not_established,what_it_adds | base_game_requirement | edition_compatibility_notes,,
rec_4da74801f518d7,prd_7e3c709507d9ad,game_aeon-s-end,Aeon's End,aeon-s-end,The Descent,Indie Boards and Cards,expansion,,primary_catalog_identity,hold_for_product_detail_verification,unknown,unknown,,,not_verified,false,,,,,,not_recorded,,not_established,,,,,,,,,not_assessed,,,,,,,,,,not_recorded,,,not_verified,,,unknown,not_checked,https://indieboardsandcards.com/type/expansions/,,publisher,catalog,product_name;base_game_association,catalog_verified_details_pending,2026-09-20,web_retrieval_or_search_index; not a legal/license audit,exact_compatible_core_set;edition;prerequisites;recommendation,not_established,US; regional availability not guaranteed,,,,,2026-09-20T14:35:11+00:00,fetch_failed,identity_not_established,https://indieboardsandcards.com/type/expansions/,,src-ad059ab786e6a887,not_established,what_it_adds | base_game_requirement | edition_compatibility_notes,,
rec_21a09eef5b8d9d,prd_44eb204ab5a232,game_aeon-s-end,Aeon's End,aeon-s-end,The Nameless,Indie Boards and Cards,expansion,,primary_catalog_identity,hold_for_product_detail_verification,unknown,unknown,,,not_verified,false,,,,,,not_recorded,,not_established,,,,,,,,,not_assessed,,,,,,,,,,not_recorded,,,not_verified,,,unknown,not_checked,https://indieboardsandcards.com/type/expansions/,,publisher,catalog,product_name;base_game_association,catalog_verified_details_pending,2026-09-20,web_retrieval_or_search_index; not a legal/license audit,exact_compatible_core_set;edition;prerequisites;recommendation,not_established,US; regional availability not guaranteed,,,,,2026-09-20T14:35:11+00:00,fetch_failed,identity_not_established,https://indieboardsandcards.com/type/expansions/,,src-ad059ab786e6a887,not_established,what_it_adds | base_game_requirement | edition_compatibility_notes,,
rec_b67263965cce04,prd_64b28d63211492,game_aeon-s-end,Aeon's End,aeon-s-end,The Outer Dark,Indie Boards and Cards,expansion,,primary_catalog_identity,hold_for_product_detail_verification,unknown,unknown,,,not_verified,false,,,,,,not_recorded,,not_established,,,,,,,,,not_assessed,,,,,,,,,,not_recorded,,,not_verified,,,unknown,not_checked,https://indieboardsandcards.com/type/expansions/,,publisher,catalog,product_name;base_game_association,catalog_verified_details_pending,2026-09-20,web_retrieval_or_search_index; not a legal/license audit,exact_compatible_core_set;edition;prerequisites;recommendation,not_established,US; regional availability not guaranteed,,,,,2026-09-20T14:35:11+00:00,fetch_failed,identity_not_established,https://indieboardsandcards.com/type/expansions/,,src-ad059ab786e6a887,not_established,what_it_adds | base_game_requirement | edition_compatibility_notes,,
rec_951cb7fdbc6310,prd_5f557ca548d79d,game_aeon-s-end,Aeon's End,aeon-s-end,The Void,Indie Boards and Cards,expansion,,primary_catalog_identity,hold_for_product_detail_verification,unknown,unknown,,,not_verified,false,,,,,,not_recorded,,not_established,,,,,,,,,not_assessed,,,,,,,,,,not_recorded,,,not_verified,,,unknown,not_checked,https://indieboardsandcards.com/type/expansions/,,publisher,catalog,product_name;base_game_association,catalog_verified_details_pending,2026-09-20,web_retrieval_or_search_index; not a legal/license audit,exact_compatible_core_set;edition;prerequisites;recommendation,not_established,US; regional availability not guaranteed,,,,,2026-09-20T14:35:11+00:00,fetch_failed,identity_not_established,https://indieboardsandcards.com/type/expansions/,,src-ad059ab786e6a887,not_established,what_it_adds | base_game_requirement | edition_compatibility_notes,,
rec_1f6c937a91912b,prd_5a1628961b6b47,game_anachrony,Anachrony,anachrony,Classic Expansion Pack,Mindclash Games,expansion,,primary_catalog_identity,hold_for_product_detail_verification,unknown,unknown,,,not_verified,false,,,,,,not_recorded,,not_established,,,,,,,,,not_assessed,,,,,,,,,,not_recorded,,,not_verified,,,unknown,not_checked,https://uk.shop.mindclashgames.com/product-category/expansions/,,publisher,catalog,product_name;base_game_association,catalog_verified_details_pending,2026-09-20,web_retrieval_or_search_index; not a legal/license audit,US_edition_availability;prerequisites;component_overlap;recommendation,not_established,US; regional availability not guaranteed,,,,,2026-09-20T14:35:11+00:00,fetch_failed,identity_not_established,https://uk.shop.mindclashgames.com/product-category/expansions/,,src-c2a0ba114a2a6d9e,not_established,what_it_adds | base_game_requirement | edition_compatibility_notes,,
rec_5b36c3420618ba,prd_ee1f744543cf06,game_anachrony,Anachrony,anachrony,Fractures of Time,Mindclash Games,expansion,,product_facts_checked,fact_checked_draft_needs_editorial_review,yes,no,Anachrony: Essential Edition,"[[""Anachrony: Essential Edition""]]",publisher_confirmed,true,,The original full edition may already contain modules sold separately in other packs. Check exact edition; publisher explicitly states Essential Edition as the prerequisite here.,,,"Blinking mechanism, Path of Unity, Operators, Amethynia Valley and revised solo opponents.",product_or_cycle_description,,not_established,,,,,,,,,not_assessed,,,,,,,,,https://gamefound.com/en/projects/mindclash-games/septima/products/details/27646,source_product_page_may_link_to_store,,,not_verified,,,unknown,not_checked,https://gamefound.com/en/projects/mindclash-games/septima/products/details/27646,,publisher_crowdfunding,product_detail,product_name;base_game_association;what_it_adds;base_requirement,core_facts_verified,2026-09-20,web_retrieval_or_search_index; not a legal/license audit,edition;recommendation,not_established,US; regional availability not guaranteed,,,,,2026-09-20T14:35:11+00:00,fetch_failed,identity_not_established,https://gamefound.com/en/projects/mindclash-games/septima/products/details/27646,,src-73db6ec9d9d987e1,not_established,,,
rec_cff4305b4ecdfe,prd_2fe8ab2441d540,game_anachrony,Anachrony,anachrony,Future Imperfect,Mindclash Games,expansion,,primary_catalog_identity,hold_for_product_detail_verification,unknown,unknown,,,not_verified,false,,,,,,not_recorded,,not_established,,,,,,,,,not_assessed,,,,,,,,,,not_recorded,,,not_verified,,,unknown,not_checked,https://uk.shop.mindclashgames.com/product-category/expansions/,,publisher,catalog,product_name;base_game_association,catalog_verified_details_pending,2026-09-20,web_retrieval_or_search_index; not a legal/license audit,US_edition_availability;prerequisites;component_overlap;recommendation,not_established,US; regional availability not guaranteed,,,,,2026-09-20T14:35:11+00:00,fetch_failed,identity_not_established,https://uk.shop.mindclashgames.com/product-category/expansions/,,src-c2a0ba114a2a6d9e,not_established,what_it_adds | base_game_requirement | edition_compatibility_notes,,
rec_4567278bc489fb,prd_9d8018895bf205,game_anachrony,Anachrony,anachrony,Promo Pack,Mindclash Games,official_promo,,primary_catalog_identity,hold_for_product_detail_verification,unknown,unknown,,,not_verified,false,,,,,,not_recorded,,not_established,,,,,,,,,not_assessed,,,,,,,,,,not_recorded,,,not_verified,,,unknown,not_checked,https://uk.shop.mindclashgames.com/product-category/expansions/,,publisher,catalog,product_name;base_game_association,catalog_verified_details_pending,2026-09-20,web_retrieval_or_search_index; not a legal/license audit,US_edition_availability;prerequisites;component_overlap;recommendation,not_established,US; regional availability not guaranteed,,,,,2026-09-20T14:35:11+00:00,fetch_failed,identity_not_established,https://uk.shop.mindclashgames.com/product-category/expansions/,,src-c2a0ba114a2a6d9e,not_established,what_it_adds | base_game_requirement | edition_compatibility_notes,,
rec_8382cf6e2df034,prd_ecf2f793847f61,game_ancient-knowledge,Ancient Knowledge,ancient-knowledge,Promo Cards,IELLO,official_promo,,secondary_catalog_identity,hold_for_product_detail_verification,unknown,unknown,,,not_verified,false,,,,,Promotional gameplay content; exact effects and required editions not independently checked.,format_level_only,,not_established,,,,,,,,,not_assessed,,,,,,,,,,not_recorded,,,not_verified,,,unknown,not_checked,,https://boardgamegeekstore.com/collections/bgg-store-promos?page=2,specialist_retailer,retailer_catalog,product_name;base_game_association,secondary_catalog_details_pending,2026-09-20,web_retrieval_or_search_index; not a legal/license audit,product_rulebook;prerequisites;edition;recommendation;retailer_identity_only,not_established,US; regional availability not guaranteed,,,,,2026-09-20T14:35:11+00:00,fetch_failed,identity_not_established,https://boardgamegeekstore.com/collections/bgg-store-promos?page=2,,src-42cc4ca501b42b1f,not_established,base_game_requirement | edition_compatibility_notes,,
rec_75f0c5991563f0,prd_26629a79898923,game_apiary,Apiary,apiary,Expanding the Hive,Stonemaier Games,expansion,,primary_catalog_identity,hold_for_product_detail_verification,unknown,unknown,,,not_verified,false,,,,,,not_recorded,,not_established,,,,,,,,,not_assessed,,,,,,,,,,not_recorded,,,not_verified,,,unknown,not_checked,https://store.stonemaiergames.com/collections/wingspan,,publisher,publisher_navigation,product_name;base_game_association,catalog_verified_details_pending,2026-09-20,web_retrieval_or_search_index; not a legal/license audit,product_detail;prerequisites;edition;release_status;recommendation,not_established,US; regional availability not guaranteed,,,,,2026-09-20T14:35:11+00:00,fetch_failed,identity_not_established,https://store.stonemaiergames.com/collections/wingspan,,src-aad88cb2772fb023,not_established,what_it_adds | base_game_requirement | edition_compatibility_notes,,
rec_e56fa1a303dfb1,prd_5d25b1501c0973,game_architects-of-the-west-kingdom,Architects of the West Kingdom,architects-of-the-west-kingdom,2018 Kickstarter Promos,Garphill Games,official_promo,,primary_catalog_identity,hold_for_product_detail_verification,unknown,unknown,,,not_verified,false,,,,,,not_recorded,,not_established,,,,,,,,,not_assessed,,,,,,,,,,not_recorded,,,not_verified,,,unknown,not_checked,https://www.garphill.com/collections/west-kingdom,,publisher,catalog,product_name;base_game_association,catalog_verified_details_pending,2026-09-20,web_retrieval_or_search_index; not a legal/license audit,promo_overlap;prerequisites;recommendation,not_established,US; regional availability not guaranteed,,,,,2026-09-20T14:35:11+00:00,fetch_failed,identity_not_established,https://www.garphill.com/collections/west-kingdom,,src-7f6cf10813685995,not_established,what_it_adds | base_game_requirement | edition_compatibility_notes,,
rec_e1a338807459fe,prd_65232c2fa5f4d8,game_architects-of-the-west-kingdom,Architects of the West Kingdom,architects-of-the-west-kingdom,Age of Artisans,Garphill Games,expansion,,primary_catalog_identity,hold_for_product_detail_verification,unknown,unknown,,,not_verified,false,,,,,,not_recorded,,not_established,,,,,,,,,not_assessed,,,,,,,,,,not_recorded,,,not_verified,,,unknown,not_checked,https://www.garphill.com/collections/west-kingdom,,publisher,catalog,product_name;base_game_association,catalog_verified_details_pending,2026-09-20,web_retrieval_or_search_index; not a legal/license audit,prerequisites;edition;recommendation,not_established,US; regional availability not guaranteed,,,,,2026-09-20T14:35:11+00:00,fetch_failed,identity_not_established,https://www.garphill.com/collections/west-kingdom,,src-7f6cf10813685995,not_established,what_it_adds | base_game_requirement | edition_compatibility_notes,,
rec_5fd9788fd10107,prd_72dc07007e88f5,game_architects-of-the-west-kingdom,Architects of the West Kingdom,architects-of-the-west-kingdom,Crossover Promos,Garphill Games,official_promo,,primary_catalog_identity,hold_for_product_detail_verification,unknown,unknown,,,not_verified,false,,,,,,not_recorded,,not_established,,,,,,,,,not_assessed,,,,,,,,,,not_recorded,,,not_verified,,,unknown,not_checked,https://www.garphill.com/collections/west-kingdom,,publisher,catalog,product_name;base_game_association,catalog_verified_details_pending,2026-09-20,web_retrieval_or_search_index; not a legal/license audit,promo_overlap;prerequisites;recommendation,not_established,US; regional availability not guaranteed,,,,,2026-09-20T14:35:11+00:00,fetch_failed,identity_not_established,https://www.garphill.com/collections/west-kingdom,,src-7f6cf10813685995,not_established,what_it_adds | base_game_requirement | edition_compatibility_notes,,
rec_b6ac984316278f,prd_bc0ace5fdc2159,game_architects-of-the-west-kingdom,Architects of the West Kingdom,architects-of-the-west-kingdom,Old Promos,Garphill Games,official_promo,,primary_catalog_identity,hold_for_product_detail_verification,unknown,unknown,,,not_verified,false,,,,,,not_recorded,,not_established,,,,,,,,,not_assessed,,,,,,,,,,not_recorded,,,not_verified,,,unknown,not_checked,https://www.garphill.com/collections/west-kingdom,,publisher,catalog,product_name;base_game_association,catalog_verified_details_pending,2026-09-20,web_retrieval_or_search_index; not a legal/license audit,promo_overlap;prerequisites;recommendation,not_established,US; regional availability not guaranteed,,,,,2026-09-20T14:35:11+00:00,fetch_failed,identity_not_established,https://www.garphill.com/collections/west-kingdom,,src-7f6cf10813685995,not_established,what_it_adds | base_game_requirement | edition_compatibility_notes,,
rec_528f225e428d6b,prd_6d500a9788a820,game_architects-of-the-west-kingdom,Architects of the West Kingdom,architects-of-the-west-kingdom,Suzerain Promos,Garphill Games,official_promo,,secondary_catalog_identity,hold_for_product_detail_verification,unknown,unknown,,,not_verified,false,,,,,Promotional gameplay content; exact effects and required editions not independently checked.,format_level_only,,not_established,,,,,,,,,not_assessed,,,,,,,,,,not_recorded,,,not_verified,,,unknown,not_checked,,https://boardgamegeekstore.com/collections/bgg-store-promos?page=5,specialist_retailer,retailer_catalog,product_name;base_game_association,secondary_catalog_details_pending,2026-09-20,web_retrieval_or_search_index; not a legal/license audit,product_rulebook;prerequisites;edition;recommendation;retailer_identity_only,not_established,US; regional availability not guaranteed,,,,,2026-09-20T14:35:11+00:00,fetch_failed,identity_not_established,https://boardgamegeekstore.com/collections/bgg-store-promos?page=5,,src-8c6068e038559de0,not_established,base_game_requirement | edition_compatibility_notes,,
rec_d0ba54df665407,prd_e9dccf74d79e09,game_architects-of-the-west-kingdom,Architects of the West Kingdom,architects-of-the-west-kingdom,Works of Wonder,Garphill Games,expansion,,primary_catalog_identity,hold_for_product_detail_verification,unknown,unknown,,,not_verified,false,,,,,,not_recorded,,not_established,,,,,,,,,not_assessed,,,,,,,,,,not_recorded,,,not_verified,,,unknown,not_checked,https://www.garphill.com/collections/west-kingdom,,publisher,catalog,product_name;base_game_association,catalog_verified_details_pending,2026-09-20,web_retrieval_or_search_index; not a legal/license audit,prerequisites;edition;recommendation,not_established,US; regional availability not guaranteed,,,,,2026-09-20T14:35:11+00:00,fetch_failed,identity_not_established,https://www.garphill.com/collections/west-kingdom,,src-7f6cf10813685995,not_established,what_it_adds | base_game_requirement | edition_compatibility_notes,,
rec_7032418471da7a,prd_0b070bf9da67af,game_ark-nova,Ark Nova,ark-nova,Marine Worlds,Capstone Games / Feuerland,expansion,,product_facts_checked,fact_checked_draft_needs_editorial_review,yes,no,Ark Nova,"[[""Ark Nova""]]",publisher_confirmed,true,,Publisher store lists 2-4 although base game has solo support; player-range field withheld pending rulebook verification.,,,"Marine animals and aquariums, alternative action cards, a new university and additional scoring content.",product_or_cycle_description,,not_established,,,,"Owner wants marine animals, aquariums and alternative action cards.",consider_for_stated_use,1,"Owner wants marine animals, aquariums and alternative action cards.",The added systems match those preferences; player-count discrepancies remain flagged separately.,editorial_draft_mechanics_based,editorial_inference_from_publisher_mechanics_not_playtesting,stated_use_case_only_not_universal_rank,https://capstone-games.com/products/ark-nova-marine-worlds,34.99,displayed_catalog_price_not_live_quote,20_to_39_99,https://capstone-games.com/products/ark-nova-marine-worlds,2026-09-20,https://capstone-games.com/products/ark-nova-marine-worlds,source_product_page_may_link_to_store,,,not_verified,,,unknown,not_checked,https://capstone-games.com/products/ark-nova-marine-worlds,,publisher,product_detail,product_name;base_game_association;what_it_adds;base_requirement,core_facts_verified,2026-09-20,web_retrieval_or_search_index; not a legal/license audit,player_count_source_discrepancy;recommendation;editorial_human_review,not_established,US; regional availability not guaranteed,,,,,2026-09-20T14:35:11+00:00,fetch_failed,identity_not_established,https://capstone-games.com/products/ark-nova-marine-worlds,,src-ee2f2179bf97012b,not_established,,,
rec_3785766e8a11e3,prd_34c9656bebc9de,game_arkham-horror-the-card-game,Arkham Horror: The Card Game,arkham-horror-the-card-game,A Light in the Fog,Fantasy Flight Games,mythos_pack,original Mythos-pack format,secondary_catalog_identity,hold_for_product_detail_verification,unknown,unknown,,,not_verified,false,Core set plus The Innsmouth Conspiracy original deluxe expansion for encounter sets; campaign progression may require earlier scenarios.,Not a complete campaign. Sequence is not the same as a hard component prerequisite; do not interpret the pack number as a universal buy recommendation.,The later The Innsmouth Conspiracy Campaign Expansion repack contains this cycle's encounter content; its Investigator Expansion repack contains the player content. Check ownership to avoid buying duplicates.,,A campaign-cycle scenario and player cards.,product_or_cycle_description,,not_established,,,,,,,,,not_assessed,,,,,,,,,,not_recorded,,,not_verified,,,unknown,not_checked,,https://raw.githubusercontent.com/Kamalisk/arkhamdb-json-data/master/packs.json,community_database,structured_pack_catalog,product_name;base_game_association;product_type,secondary_catalog_details_pending,2026-09-20,web_retrieval_or_search_index; not a legal/license audit,official_product_detail;edition;prerequisites;recommendation,not_established,US; regional availability not guaranteed,,,,,2026-09-20T14:35:11+00:00,fetch_failed,identity_not_established,https://raw.githubusercontent.com/Kamalisk/arkhamdb-json-data/master/packs.json,,src-100f37782b083d56,not_established,base_game_requirement,,
rec_a6dd96c23a0115,prd_e06ea2348bfdcb,game_arkham-horror-the-card-game,Arkham Horror: The Card Game,arkham-horror-the-card-game,A Phantom of Truth,Fantasy Flight Games,mythos_pack,original Mythos-pack format,secondary_catalog_identity,hold_for_product_detail_verification,unknown,unknown,,,not_verified,false,Core set plus The Path to Carcosa original deluxe expansion for encounter sets; campaign progression may require earlier scenarios.,Not a complete campaign. Sequence is not the same as a hard component prerequisite; do not interpret the pack number as a universal buy recommendation.,The later The Path to Carcosa Campaign Expansion repack contains this cycle's encounter content; its Investigator Expansion repack contains the player content. Check ownership to avoid buying duplicates.,,A campaign-cycle scenario and player cards.,product_or_cycle_description,,not_established,,,,,,,,,not_assessed,,,,,,,,,,not_recorded,,,not_verified,,,unknown,not_checked,,https://raw.githubusercontent.com/Kamalisk/arkhamdb-json-data/master/packs.json,community_database,structured_pack_catalog,product_name;base_game_association;product_type,secondary_catalog_details_pending,2026-09-20,web_retrieval_or_search_index; not a legal/license audit,official_product_detail;edition;prerequisites;recommendation,not_established,US; regional availability not guaranteed,,,,,2026-09-20T14:35:11+00:00,fetch_failed,identity_not_established,https://raw.githubusercontent.com/Kamalisk/arkhamdb-json-data/master/packs.json,,src-100f37782b083d56,not_established,base_game_requirement,,
rec_208fe6e8d75381,prd_6c27d6ec6f8488,game_arkham-horror-the-card-game,Arkham Horror: The Card Game,arkham-horror-the-card-game,A Thousand Shapes of Horror,Fantasy Flight Games,mythos_pack,original Mythos-pack format,secondary_catalog_identity,hold_for_product_detail_verification,unknown,unknown,,,not_verified,false,Core set plus The Dream-Eaters original deluxe expansion for encounter sets; campaign progression may require earlier scenarios.,Not a complete campaign. Sequence is not the same as a hard component prerequisite; do not interpret the pack number as a universal buy recommendation.,The later The Dream-Eaters Campaign Expansion repack contains this cycle's encounter content; its Investigator Expansion repack contains the player content. Check ownership to avoid buying duplicates.,,A campaign-cycle scenario and player cards.,product_or_cycle_description,,not_established,,,,,,,,,not_assessed,,,,,,,,,,not_recorded,,,not_verified,,,unknown,not_checked,,https://raw.githubusercontent.com/Kamalisk/arkhamdb-json-data/master/packs.json,community_database,structured_pack_catalog,product_name;base_game_association;product_type,secondary_catalog_details_pending,2026-09-20,web_retrieval_or_search_index; not a legal/license audit,official_product_detail;edition;prerequisites;recommendation,not_established,US; regional availability not guaranteed,,,,,2026-09-20T14:35:11+00:00,fetch_failed,identity_not_established,https://raw.githubusercontent.com/Kamalisk/arkhamdb-json-data/master/packs.json,,src-100f37782b083d56,not_established,base_game_requirement,,
rec_a5c18e89073686,prd_e09173beb58cf7,game_arkham-horror-the-card-game,Arkham Horror: The Card Game,arkham-horror-the-card-game,All or Nothing,Fantasy Flight Games,official_print_and_play,,secondary_catalog_identity,hold_for_product_detail_verification,unknown,unknown,,,not_verified,false,,"Specific investigator, signature-card and encounter-set requirements vary. Verify the download instructions before displaying a playable recommendation.",,,Official parallel-investigator and/or challenge-scenario print-and-play material.,product_or_cycle_description,,not_established,,,,,,,,,not_assessed,,,,,,,,,,not_recorded,,,not_verified,,,unknown,not_checked,,https://raw.githubusercontent.com/Kamalisk/arkhamdb-json-data/master/packs.json,community_database,structured_pack_catalog,product_name;base_game_association;product_type,secondary_catalog_details_pending,2026-09-20,web_retrieval_or_search_index; not a legal/license audit,official_product_detail;edition;prerequisites;recommendation,not_established,US; regional availability not guaranteed,,,,,2026-09-20T14:35:11+00:00,fetch_failed,identity_not_established,https://raw.githubusercontent.com/Kamalisk/arkhamdb-json-data/master/packs.json,,src-100f37782b083d56,not_established,base_game_requirement,,
rec_944c4897e34749,prd_d75af935c53f2f,game_arkham-horror-the-card-game,Arkham Horror: The Card Game,arkham-horror-the-card-game,Andre Patel Investigator Starter Deck,Fantasy Flight Games,investigator_starter_deck,,primary_catalog_identity,hold_for_product_detail_verification,unknown,unknown,,,not_verified,false,Compatible core set and a scenario to play.,,,,A ready-to-play investigator deck and upgrade options; not a campaign.,product_or_cycle_description,,not_established,,,,,,,,,not_assessed,,,,,,,,,,not_recorded,,,not_verified,,,unknown,not_checked,https://www.fantasyflightgames.com/en/products/arkham-horror-the-card-game/,https://raw.githubusercontent.com/Kamalisk/arkhamdb-json-data/master/packs.json,publisher_and_community_database,structured_pack_catalog,product_name;base_game_association;product_type,catalog_verified_details_pending,2026-09-20,web_retrieval_or_search_index; not a legal/license audit,official_product_detail;edition;prerequisites;recommendation,not_established,US; regional availability not guaranteed,,,,,2026-09-20T14:35:11+00:00,fetch_failed,identity_not_established,https://www.fantasyflightgames.com/en/products/arkham-horror-the-card-game/,,src-766a6dc30fa82cb6,not_established,base_game_requirement | edition_compatibility_notes,,
rec_5b6841e54685ed,prd_6cd24171b1afd8,game_arkham-horror-the-card-game,Arkham Horror: The Card Game,arkham-horror-the-card-game,Aura of Faith,Fantasy Flight Games,official_print_and_play,,secondary_catalog_identity,hold_for_product_detail_verification,unknown,unknown,,,not_verified,false,,"Specific investigator, signature-card and encounter-set requirements vary. Verify the download instructions before displaying a playable recommendation.",,,Official parallel-investigator and/or challenge-scenario print-and-play material.,product_or_cycle_description,,not_established,,,,,,,,,not_assessed,,,,,,,,,,not_recorded,,,not_verified,,,unknown,not_checked,,https://raw.githubusercontent.com/Kamalisk/arkhamdb-json-data/master/packs.json,community_database,structured_pack_catalog,product_name;base_game_association;product_type,secondary_catalog_details_pending,2026-09-20,web_retrieval_or_search_index; not a legal/license audit,official_product_detail;edition;prerequisites;recommendation,not_established,US; regional availability not guaranteed,,,,,2026-09-20T14:35:11+00:00,fetch_failed,identity_not_established,https://raw.githubusercontent.com/Kamalisk/arkhamdb-json-data/master/packs.json,,src-100f37782b083d56,not_established,base_game_requirement,,
rec_3f503405ceea44,prd_54d3f4927e575a,game_arkham-horror-the-card-game,Arkham Horror: The Card Game,arkham-horror-the-card-game,Bad Blood,Fantasy Flight Games,official_print_and_play,,secondary_catalog_identity,hold_for_product_detail_verification,unknown,unknown,,,not_verified,false,,"Specific investigator, signature-card and encounter-set requirements vary. Verify the download instructions before displaying a playable recommendation.",,,Official parallel-investigator and/or challenge-scenario print-and-play material.,product_or_cycle_description,,not_established,,,,,,,,,not_assessed,,,,,,,,,,not_recorded,,,not_verified,,,unknown,not_checked,,https://raw.githubusercontent.com/Kamalisk/arkhamdb-json-data/master/packs.json,community_database,structured_pack_catalog,product_name;base_game_association;product_type,secondary_catalog_details_pending,2026-09-20,web_retrieval_or_search_index; not a legal/license audit,official_product_detail;edition;prerequisites;recommendation,not_established,US; regional availability not guaranteed,,,,,2026-09-20T14:35:11+00:00,fetch_failed,identity_not_established,https://raw.githubusercontent.com/Kamalisk/arkhamdb-json-data/master/packs.json,,src-100f37782b083d56,not_established,base_game_requirement,,
rec_9ac4e1a7213b19,prd_d14e332c0106ac,game_arkham-horror-the-card-game,Arkham Horror: The Card Game,arkham-horror-the-card-game,Before the Black Throne,Fantasy Flight Games,mythos_pack,original Mythos-pack format,secondary_catalog_identity,hold_for_product_detail_verification,unknown,unknown,,,not_verified,false,Core set plus The Circle Undone original deluxe expansion for encounter sets; campaign progression may require earlier scenarios.,Not a complete campaign. Sequence is not the same as a hard component prerequisite; do not interpret the pack number as a universal buy recommendation.,The later The Circle Undone Campaign Expansion repack contains this cycle's encounter content; its Investigator Expansion repack contains the player content. Check ownership to avoid buying duplicates.,,A campaign-cycle scenario and player cards.,product_or_cycle_description,,not_established,,,,,,,,,not_assessed,,,,,,,,,,not_recorded,,,not_verified,,,unknown,not_checked,,https://raw.githubusercontent.com/Kamalisk/arkhamdb-json-data/master/packs.json,community_database,structured_pack_catalog,product_name;base_game_association;product_type,secondary_catalog_details_pending,2026-09-20,web_retrieval_or_search_index; not a legal/license audit,official_product_detail;edition;prerequisites;recommendation,not_established,US; regional availability not guaranteed,,,,,2026-09-20T14:35:11+00:00,fetch_failed,identity_not_established,https://raw.githubusercontent.com/Kamalisk/arkhamdb-json-data/master/packs.json,,src-100f37782b083d56,not_established,base_game_requirement,,
rec_f5224ecab6de33,prd_15ba2fc8232df6,game_arkham-horror-the-card-game,Arkham Horror: The Card Game,arkham-horror-the-card-game,Black Stars Rise,Fantasy Flight Games,mythos_pack,original Mythos-pack format,secondary_catalog_identity,hold_for_product_detail_verification,unknown,unknown,,,not_verified,false,Core set plus The Path to Carcosa original deluxe expansion for encounter sets; campaign progression may require earlier scenarios.,Not a complete campaign. Sequence is not the same as a hard component prerequisite; do not interpret the pack number as a universal buy recommendation.,The later The Path to Carcosa Campaign Expansion repack contains this cycle's encounter content; its Investigator Expansion repack contains the player content. Check ownership to avoid buying duplicates.,,A campaign-cycle scenario and player cards.,product_or_cycle_description,,not_established,,,,,,,,,not_assessed,,,,,,,,,,not_recorded,,,not_verified,,,unknown,not_checked,,https://raw.githubusercontent.com/Kamalisk/arkhamdb-json-data/master/packs.json,community_database,structured_pack_catalog,product_name;base_game_association;product_type,secondary_catalog_details_pending,2026-09-20,web_retrieval_or_search_index; not a legal/license audit,official_product_detail;edition;prerequisites;recommendation,not_established,US; regional availability not guaranteed,,,,,2026-09-20T14:35:11+00:00,fetch_failed,identity_not_established,https://raw.githubusercontent.com/Kamalisk/arkhamdb-json-data/master/packs.json,,src-100f37782b083d56,not_established,base_game_requirement,,
rec_f7d009a8a903da,prd_c175fd215c8826,game_arkham-horror-the-card-game,Arkham Horror: The Card Game,arkham-horror-the-card-game,Blood on the Altar,Fantasy Flight Games,mythos_pack,original Mythos-pack format,secondary_catalog_identity,hold_for_product_detail_verification,unknown,unknown,,,not_verified,false,Core set plus The Dunwich Legacy original deluxe expansion for encounter sets; campaign progression may require earlier scenarios.,Not a complete campaign. Sequence is not the same as a hard component prerequisite; do not interpret the pack number as a universal buy recommendation.,The later The Dunwich Legacy Campaign Expansion repack contains this cycle's encounter content; its Investigator Expansion repack contains the player content. Check ownership to avoid buying duplicates.,,A campaign-cycle scenario and player cards.,product_or_cycle_description,,not_established,,,,,,,,,not_assessed,,,,,,,,,,not_recorded,,,not_verified,,,unknown,not_checked,,https://raw.githubusercontent.com/Kamalisk/arkhamdb-json-data/master/packs.json,community_database,structured_pack_catalog,product_name;base_game_association;product_type,secondary_catalog_details_pending,2026-09-20,web_retrieval_or_search_index; not a legal/license audit,official_product_detail;edition;prerequisites;recommendation,not_established,US; regional availability not guaranteed,,,,,2026-09-20T14:35:11+00:00,fetch_failed,identity_not_established,https://raw.githubusercontent.com/Kamalisk/arkhamdb-json-data/master/packs.json,,src-100f37782b083d56,not_established,base_game_requirement,,
rec_c9142c128d3000,prd_467e40376f7f35,game_arkham-horror-the-card-game,Arkham Horror: The Card Game,arkham-horror-the-card-game,By the Book,Fantasy Flight Games,official_print_and_play,,secondary_catalog_identity,hold_for_product_detail_verification,unknown,unknown,,,not_verified,false,,"Specific investigator, signature-card and encounter-set requirements vary. Verify the download instructions before displaying a playable recommendation.",,,Official parallel-investigator and/or challenge-scenario print-and-play material.,product_or_cycle_description,,not_established,,,,,,,,,not_assessed,,,,,,,,,,not_recorded,,,not_verified,,,unknown,not_checked,,https://raw.githubusercontent.com/Kamalisk/arkhamdb-json-data/master/packs.json,community_database,structured_pack_catalog,product_name;base_game_association;product_type,secondary_catalog_details_pending,2026-09-20,web_retrieval_or_search_index; not a legal/license audit,official_product_detail;edition;prerequisites;recommendation,not_established,US; regional availability not guaranteed,,,,,2026-09-20T14:35:11+00:00,fetch_failed,identity_not_established,https://raw.githubusercontent.com/Kamalisk/arkhamdb-json-data/master/packs.json,,src-100f37782b083d56,not_established,base_game_requirement,,
rec_2e01e25406ac42,prd_41b4f407f4a569,game_arkham-horror-the-card-game,Arkham Horror: The Card Game,arkham-horror-the-card-game,Carnevale of Horrors,Fantasy Flight Games,scenario_pack,,primary_catalog_identity,hold_for_product_detail_verification,unknown,unknown,,,not_verified,false,Compatible core components and legal investigator decks; scenario-specific setup rules apply.,Standalone scenario does not mean standalone game. Special multi-group modes may have different requirements.,,,Additional scenario content; inspect rules for standalone or campaign insertion and multiplayer modes.,product_or_cycle_description,,not_established,,,,,,,,,not_assessed,,,,,,,,,,not_recorded,,,not_verified,,,unknown,not_checked,https://www.fantasyflightgames.com/en/products/arkham-horror-the-card-game/,https://raw.githubusercontent.com/Kamalisk/arkhamdb-json-data/master/packs.json,publisher_and_community_database,structured_pack_catalog,product_name;base_game_association;product_type,catalog_verified_details_pending,2026-09-20,web_retrieval_or_search_index; not a legal/license audit,official_product_detail;edition;prerequisites;recommendation,not_established,US; regional availability not guaranteed,,,,,2026-09-20T14:35:11+00:00,fetch_failed,identity_not_established,https://www.fantasyflightgames.com/en/products/arkham-horror-the-card-game/,,src-766a6dc30fa82cb6,not_established,base_game_requirement,,
rec_abf8bb041596c6,prd_06563494a1ac5a,game_arkham-horror-the-card-game,Arkham Horror: The Card Game,arkham-horror-the-card-game,Carolyn Fern Investigator Starter Deck,Fantasy Flight Games,investigator_starter_deck,,primary_catalog_identity,hold_for_product_detail_verification,unknown,unknown,,,not_verified,false,Compatible core set and a scenario to play.,,,,A ready-to-play investigator deck and upgrade options; not a campaign.,product_or_cycle_description,,not_established,,,,,,,,,not_assessed,,,,,,,,,,not_recorded,,,not_verified,,,unknown,not_checked,https://www.fantasyflightgames.com/en/products/arkham-horror-the-card-game/,https://raw.githubusercontent.com/Kamalisk/arkhamdb-json-data/master/packs.json,publisher_and_community_database,structured_pack_catalog,product_name;base_game_association;product_type,catalog_verified_details_pending,2026-09-20,web_retrieval_or_search_index; not a legal/license audit,official_product_detail;edition;prerequisites;recommendation,not_established,US; regional availability not guaranteed,,,,,2026-09-20T14:35:11+00:00,fetch_failed,identity_not_established,https://www.fantasyflightgames.com/en/products/arkham-horror-the-card-game/,,src-766a6dc30fa82cb6,not_established,base_game_requirement | edition_compatibility_notes,,
rec_f9da5e95fa2901,prd_32a8a2eee07d3c,game_arkham-horror-the-card-game,Arkham Horror: The Card Game,arkham-horror-the-card-game,Children of Blood,Fantasy Flight Games,campaign_expansion,,primary_catalog_identity,hold_for_product_detail_verification,unknown,unknown,,,not_verified,false,,,,,,not_recorded,,not_established,,,,,,,,,not_assessed,,,,,,,,,,not_recorded,,,not_verified,,,unknown,not_checked,https://www.fantasyflightgames.com/en/products/arkham-horror-the-card-game/,https://raw.githubusercontent.com/Kamalisk/arkhamdb-json-data/master/packs.json,publisher,catalog,product_name;base_game_association,catalog_verified_details_pending,2026-09-20,web_retrieval_or_search_index; not a legal/license audit,2026_core_compatibility;prerequisites;release_status;recommendation,not_established,US; regional availability not guaranteed,,,,,2026-09-20T14:35:11+00:00,fetch_failed,identity_not_established,https://www.fantasyflightgames.com/en/products/arkham-horror-the-card-game/,,src-766a6dc30fa82cb6,not_established,what_it_adds | base_game_requirement | edition_compatibility_notes,,
rec_6e7da41a9c9a02,prd_1a89b2c437695b,game_arkham-horror-the-card-game,Arkham Horror: The Card Game,arkham-horror-the-card-game,Curse of the Rougarou,Fantasy Flight Games,scenario_pack,,primary_catalog_identity,hold_for_product_detail_verification,unknown,unknown,,,not_verified,false,Compatible core components and legal investigator decks; scenario-specific setup rules apply.,Standalone scenario does not mean standalone game. Special multi-group modes may have different requirements.,,,Additional scenario content; inspect rules for standalone or campaign insertion and multiplayer modes.,product_or_cycle_description,,not_established,,,,,,,,,not_assessed,,,,,,,,,,not_recorded,,,not_verified,,,unknown,not_checked,https://www.fantasyflightgames.com/en/products/arkham-horror-the-card-game/,https://raw.githubusercontent.com/Kamalisk/arkhamdb-json-data/master/packs.json,publisher_and_community_database,structured_pack_catalog,product_name;base_game_association;product_type,catalog_verified_details_pending,2026-09-20,web_retrieval_or_search_index; not a legal/license audit,official_product_detail;edition;prerequisites;recommendation,not_established,US; regional availability not guaranteed,,,,,2026-09-20T14:35:11+00:00,fetch_failed,identity_not_established,https://www.fantasyflightgames.com/en/products/arkham-horror-the-card-game/,,src-766a6dc30fa82cb6,not_established,base_game_requirement,,
rec_da1bcb02731ad3,prd_26fd294d7d1a7f,game_arkham-horror-the-card-game,Arkham Horror: The Card Game,arkham-horror-the-card-game,Dark Revelations Promo Cards,Fantasy Flight Games,novella_promo_cards,,secondary_catalog_identity,hold_for_product_detail_verification,unknown,unknown,,,not_verified,false,,Check whether the specific book printing includes cards; content may overlap later investigator releases.,,,"Promotional investigator-related cards associated with the novella, not the prose book itself.",product_or_cycle_description,,not_established,,,,,,,,,not_assessed,,,,,,,,,,not_recorded,,,not_verified,,,unknown,not_checked,,https://raw.githubusercontent.com/Kamalisk/arkhamdb-json-data/master/packs.json,community_database,structured_pack_catalog,product_name;base_game_association;product_type,secondary_catalog_details_pending,2026-09-20,web_retrieval_or_search_index; not a legal/license audit,official_product_detail;edition;prerequisites;recommendation,not_established,US; regional availability not guaranteed,,,,,2026-09-20T14:35:11+00:00,fetch_failed,identity_not_established,https://raw.githubusercontent.com/Kamalisk/arkhamdb-json-data/master/packs.json,,src-100f37782b083d56,not_established,base_game_requirement,,
rec_a24908d1a37776,prd_7c002f83056011,game_arkham-horror-the-card-game,Arkham Horror: The Card Game,arkham-horror-the-card-game,Dark Side of the Moon,Fantasy Flight Games,mythos_pack,original Mythos-pack format,secondary_catalog_identity,hold_for_product_detail_verification,unknown,unknown,,,not_verified,false,Core set plus The Dream-Eaters original deluxe expansion for encounter sets; campaign progression may require earlier scenarios.,Not a complete campaign. Sequence is not the same as a hard component prerequisite; do not interpret the pack number as a universal buy recommendation.,The later The Dream-Eaters Campaign Expansion repack contains this cycle's encounter content; its Investigator Expansion repack contains the player content. Check ownership to avoid buying duplicates.,,A campaign-cycle scenario and player cards.,product_or_cycle_description,,not_established,,,,,,,,,not_assessed,,,,,,,,,,not_recorded,,,not_verified,,,unknown,not_checked,,https://raw.githubusercontent.com/Kamalisk/arkhamdb-json-data/master/packs.json,community_database,structured_pack_catalog,product_name;base_game_association;product_type,secondary_catalog_details_pending,2026-09-20,web_retrieval_or_search_index; not a legal/license audit,official_product_detail;edition;prerequisites;recommendation,not_established,US; regional availability not guaranteed,,,,,2026-09-20T14:35:11+00:00,fetch_failed,identity_not_established,https://raw.githubusercontent.com/Kamalisk/arkhamdb-json-data/master/packs.json,,src-100f37782b083d56,not_established,base_game_requirement,,
rec_431168c909d25e,prd_263c861adb1ba3,game_arkham-horror-the-card-game,Arkham Horror: The Card Game,arkham-horror-the-card-game,Devil Reef,Fantasy Flight Games,mythos_pack,original Mythos-pack format,secondary_catalog_identity,hold_for_product_detail_verification,unknown,unknown,,,not_verified,false,Core set plus The Innsmouth Conspiracy original deluxe expansion for encounter sets; campaign progression may require earlier scenarios.,Not a complete campaign. Sequence is not the same as a hard component prerequisite; do not interpret the pack number as a universal buy recommendation.,The later The Innsmouth Conspiracy Campaign Expansion repack contains this cycle's encounter content; its Investigator Expansion repack contains the player content. Check ownership to avoid buying duplicates.,,A campaign-cycle scenario and player cards.,product_or_cycle_description,,not_established,,,,,,,,,not_assessed,,,,,,,,,,not_recorded,,,not_verified,,,unknown,not_checked,,https://raw.githubusercontent.com/Kamalisk/arkhamdb-json-data/master/packs.json,community_database,structured_pack_catalog,product_name;base_game_association;product_type,secondary_catalog_details_pending,2026-09-20,web_retrieval_or_search_index; not a legal/license audit,official_product_detail;edition;prerequisites;recommendation,not_established,US; regional availability not guaranteed,,,,,2026-09-20T14:35:11+00:00,fetch_failed,identity_not_established,https://raw.githubusercontent.com/Kamalisk/arkhamdb-json-data/master/packs.json,,src-100f37782b083d56,not_established,base_game_requirement,,
rec_8c69d45eb4d3c1,prd_8a8c7e3d5d4bce,game_arkham-horror-the-card-game,Arkham Horror: The Card Game,arkham-horror-the-card-game,Dim Carcosa,Fantasy Flight Games,mythos_pack,original Mythos-pack format,secondary_catalog_identity,hold_for_product_detail_verification,unknown,unknown,,,not_verified,false,Core set plus The Path to Carcosa original deluxe expansion for encounter sets; campaign progression may require earlier scenarios.,Not a complete campaign. Sequence is not the same as a hard component prerequisite; do not interpret the pack number as a universal buy recommendation.,The later The Path to Carcosa Campaign Expansion repack contains this cycle's encounter content; its Investigator Expansion repack contains the player content. Check ownership to avoid buying duplicates.,,A campaign-cycle scenario and player cards.,product_or_cycle_description,,not_established,,,,,,,,,not_assessed,,,,,,,,,,not_recorded,,,not_verified,,,unknown,not_checked,,https://raw.githubusercontent.com/Kamalisk/arkhamdb-json-data/master/packs.json,community_database,structured_pack_catalog,product_name;base_game_association;product_type,secondary_catalog_details_pending,2026-09-20,web_retrieval_or_search_index; not a legal/license audit,official_product_detail;edition;prerequisites;recommendation,not_established,US; regional availability not guaranteed,,,,,2026-09-20T14:35:11+00:00,fetch_failed,identity_not_established,https://raw.githubusercontent.com/Kamalisk/arkhamdb-json-data/master/packs.json,,src-100f37782b083d56,not_established,base_game_requirement,,
rec_d7aa4b609333df,prd_b3f9d3e9e0e699,game_arkham-horror-the-card-game,Arkham Horror: The Card Game,arkham-horror-the-card-game,Echoes of the Past,Fantasy Flight Games,mythos_pack,original Mythos-pack format,secondary_catalog_identity,hold_for_product_detail_verification,unknown,unknown,,,not_verified,false,Core set plus The Path to Carcosa original deluxe expansion for encounter sets; campaign progression may require earlier scenarios.,Not a complete campaign. Sequence is not the same as a hard component prerequisite; do not interpret the pack number as a universal buy recommendation.,The later The Path to Carcosa Campaign Expansion repack contains this cycle's encounter content; its Investigator Expansion repack contains the player content. Check ownership to avoid buying duplicates.,,A campaign-cycle scenario and player cards.,product_or_cycle_description,,not_established,,,,,,,,,not_assessed,,,,,,,,,,not_recorded,,,not_verified,,,unknown,not_checked,,https://raw.githubusercontent.com/Kamalisk/arkhamdb-json-data/master/packs.json,community_database,structured_pack_catalog,product_name;base_game_association;product_type,secondary_catalog_details_pending,2026-09-20,web_retrieval_or_search_index; not a legal/license audit,official_product_detail;edition;prerequisites;recommendation,not_established,US; regional availability not guaranteed,,,,,2026-09-20T14:35:11+00:00,fetch_failed,identity_not_established,https://raw.githubusercontent.com/Kamalisk/arkhamdb-json-data/master/packs.json,,src-100f37782b083d56,not_established,base_game_requirement,,
rec_d309246906b1c4,prd_b746ed46cf120d,game_arkham-horror-the-card-game,Arkham Horror: The Card Game,arkham-horror-the-card-game,Edge of the Earth Campaign Expansion,Fantasy Flight Games,campaign_expansion,,primary_catalog_identity,hold_for_product_detail_verification,unknown,unknown,,,not_verified,false,Compatible core set. Campaign and investigator products are separate purchases.,,,,New campaign scenarios.,product_or_cycle_description,,not_established,,,,,,,,,not_assessed,,,,,,,,,,not_recorded,,,not_verified,,,unknown,not_checked,https://www.fantasyflightgames.com/en/products/arkham-horror-the-card-game/,https://raw.githubusercontent.com/Kamalisk/arkhamdb-json-data/master/packs.json,publisher_and_community_database,structured_pack_catalog,product_name;base_game_association;product_type,catalog_verified_details_pending,2026-09-20,web_retrieval_or_search_index; not a legal/license audit,official_product_detail;edition;prerequisites;recommendation,not_established,US; regional availability not guaranteed,,,,,2026-09-20T14:35:11+00:00,fetch_failed,identity_not_established,https://www.fantasyflightgames.com/en/products/arkham-horror-the-card-game/,,src-766a6dc30fa82cb6,not_established,base_game_requirement | edition_compatibility_notes,,
rec_33e664d9c861c5,prd_1e846165548741,game_arkham-horror-the-card-game,Arkham Horror: The Card Game,arkham-horror-the-card-game,Edge of the Earth Investigator Expansion,Fantasy Flight Games,investigator_expansion,,primary_catalog_identity,hold_for_product_detail_verification,unknown,unknown,,,not_verified,false,Compatible core set. Campaign and investigator products are separate purchases.,,,,New investigators and player-card options.,product_or_cycle_description,,not_established,,,,,,,,,not_assessed,,,,,,,,,,not_recorded,,,not_verified,,,unknown,not_checked,https://www.fantasyflightgames.com/en/products/arkham-horror-the-card-game/,https://raw.githubusercontent.com/Kamalisk/arkhamdb-json-data/master/packs.json,publisher_and_community_database,structured_pack_catalog,product_name;base_game_association;product_type,catalog_verified_details_pending,2026-09-20,web_retrieval_or_search_index; not a legal/license audit,official_product_detail;edition;prerequisites;recommendation,not_established,US; regional availability not guaranteed,,,,,2026-09-20T14:35:11+00:00,fetch_failed,identity_not_established,https://www.fantasyflightgames.com/en/products/arkham-horror-the-card-game/,,src-766a6dc30fa82cb6,not_established,base_game_requirement | edition_compatibility_notes,,
rec_5ea9db3133cf1b,prd_c50a4265b7ae6c,game_arkham-horror-the-card-game,Arkham Horror: The Card Game,arkham-horror-the-card-game,Enthralling Encore,Fantasy Flight Games,official_print_and_play,,secondary_catalog_identity,hold_for_product_detail_verification,unknown,unknown,,,not_verified,false,,"Specific investigator, signature-card and encounter-set requirements vary. Verify the download instructions before displaying a playable recommendation.",,,Official parallel-investigator and/or challenge-scenario print-and-play material.,product_or_cycle_description,,not_established,,,,,,,,,not_assessed,,,,,,,,,,not_recorded,,,not_verified,,,unknown,not_checked,,https://raw.githubusercontent.com/Kamalisk/arkhamdb-json-data/master/packs.json,community_database,structured_pack_catalog,product_name;base_game_association;product_type,secondary_catalog_details_pending,2026-09-20,web_retrieval_or_search_index; not a legal/license audit,official_product_detail;edition;prerequisites;recommendation,not_established,US; regional availability not guaranteed,,,,,2026-09-20T14:35:11+00:00,fetch_failed,identity_not_established,https://raw.githubusercontent.com/Kamalisk/arkhamdb-json-data/master/packs.json,,src-100f37782b083d56,not_established,base_game_requirement,,
rec_911ca047a94ae0,prd_81c899f5424b85,game_arkham-horror-the-card-game,Arkham Horror: The Card Game,arkham-horror-the-card-game,Film Fatale,Fantasy Flight Games,scenario_pack,,primary_catalog_identity,hold_for_product_detail_verification,unknown,unknown,,,not_verified,false,Compatible core components and legal investigator decks; scenario-specific setup rules apply.,Standalone scenario does not mean standalone game. Special multi-group modes may have different requirements.,,,Additional scenario content; inspect rules for standalone or campaign insertion and multiplayer modes.,product_or_cycle_description,,not_established,,,,,,,,,not_assessed,,,,,,,,,,not_recorded,,,not_verified,,,unknown,not_checked,https://www.fantasyflightgames.com/en/products/arkham-horror-the-card-game/,https://raw.githubusercontent.com/Kamalisk/arkhamdb-json-data/master/packs.json,publisher_and_community_database,structured_pack_catalog,product_name;base_game_association;product_type,catalog_verified_details_pending,2026-09-20,web_retrieval_or_search_index; not a legal/license audit,official_product_detail;edition;prerequisites;recommendation,not_established,US; regional availability not guaranteed,,,,,2026-09-20T14:35:11+00:00,fetch_failed,identity_not_established,https://www.fantasyflightgames.com/en/products/arkham-horror-the-card-game/,,src-766a6dc30fa82cb6,not_established,base_game_requirement,,
rec_57dcc836ea5b05,prd_1e1a750fe686be,game_arkham-horror-the-card-game,Arkham Horror: The Card Game,arkham-horror-the-card-game,For the Greater Good,Fantasy Flight Games,mythos_pack,original Mythos-pack format,secondary_catalog_identity,hold_for_product_detail_verification,unknown,unknown,,,not_verified,false,Core set plus The Circle Undone original deluxe expansion for encounter sets; campaign progression may require earlier scenarios.,Not a complete campaign. Sequence is not the same as a hard component prerequisite; do not interpret the pack number as a universal buy recommendation.,The later The Circle Undone Campaign Expansion repack contains this cycle's encounter content; its Investigator Expansion repack contains the player content. Check ownership to avoid buying duplicates.,,A campaign-cycle scenario and player cards.,product_or_cycle_description,,not_established,,,,,,,,,not_assessed,,,,,,,,,,not_recorded,,,not_verified,,,unknown,not_checked,,https://raw.githubusercontent.com/Kamalisk/arkhamdb-json-data/master/packs.json,community_database,structured_pack_catalog,product_name;base_game_association;product_type,secondary_catalog_details_pending,2026-09-20,web_retrieval_or_search_index; not a legal/license audit,official_product_detail;edition;prerequisites;recommendation,not_established,US; regional availability not guaranteed,,,,,2026-09-20T14:35:11+00:00,fetch_failed,identity_not_established,https://raw.githubusercontent.com/Kamalisk/arkhamdb-json-data/master/packs.json,,src-100f37782b083d56,not_established,base_game_requirement,,
rec_469543b3090273,prd_ca96a065634426,game_arkham-horror-the-card-game,Arkham Horror: The Card Game,arkham-horror-the-card-game,Fortune and Folly,Fantasy Flight Games,scenario_pack,,primary_catalog_identity,hold_for_product_detail_verification,unknown,unknown,,,not_verified,false,Compatible core components and legal investigator decks; scenario-specific setup rules apply.,Standalone scenario does not mean standalone game. Special multi-group modes may have different requirements.,,,Additional scenario content; inspect rules for standalone or campaign insertion and multiplayer modes.,product_or_cycle_description,,not_established,,,,,,,,,not_assessed,,,,,,,,,,not_recorded,,,not_verified,,,unknown,not_checked,https://www.fantasyflightgames.com/en/products/arkham-horror-the-card-game/,https://raw.githubusercontent.com/Kamalisk/arkhamdb-json-data/master/packs.json,publisher_and_community_database,structured_pack_catalog,product_name;base_game_association;product_type,catalog_verified_details_pending,2026-09-20,web_retrieval_or_search_index; not a legal/license audit,official_product_detail;edition;prerequisites;recommendation,not_established,US; regional availability not guaranteed,,,,,2026-09-20T14:35:11+00:00,fetch_failed,identity_not_established,https://www.fantasyflightgames.com/en/products/arkham-horror-the-card-game/,,src-766a6dc30fa82cb6,not_established,base_game_requirement,,
rec_e2b27548df4731,prd_2c7557a2ccf778,game_arkham-horror-the-card-game,Arkham Horror: The Card Game,arkham-horror-the-card-game,Guardians of the Abyss,Fantasy Flight Games,scenario_pack,,primary_catalog_identity,hold_for_product_detail_verification,unknown,unknown,,,not_verified,false,Compatible core components and legal investigator decks; scenario-specific setup rules apply.,Standalone scenario does not mean standalone game. Special multi-group modes may have different requirements.,,,Additional scenario content; inspect rules for standalone or campaign insertion and multiplayer modes.,product_or_cycle_description,,not_established,,,,,,,,,not_assessed,,,,,,,,,,not_recorded,,,not_verified,,,unknown,not_checked,https://www.fantasyflightgames.com/en/products/arkham-horror-the-card-game/,https://raw.githubusercontent.com/Kamalisk/arkhamdb-json-data/master/packs.json,publisher_and_community_database,structured_pack_catalog,product_name;base_game_association;product_type,catalog_verified_details_pending,2026-09-20,web_retrieval_or_search_index; not a legal/license audit,official_product_detail;edition;prerequisites;recommendation,not_established,US; regional availability not guaranteed,,,,,2026-09-20T14:35:11+00:00,fetch_failed,identity_not_established,https://www.fantasyflightgames.com/en/products/arkham-horror-the-card-game/,,src-766a6dc30fa82cb6,not_established,base_game_requirement,,
rec_cf4d4f2250f1e0,prd_9e58f88a68d8f8,game_arkham-horror-the-card-game,Arkham Horror: The Card Game,arkham-horror-the-card-game,Harvey Walters Investigator Starter Deck,Fantasy Flight Games,investigator_starter_deck,,primary_catalog_identity,hold_for_product_detail_verification,unknown,unknown,,,not_verified,false,Compatible core set and a scenario to play.,,,,A ready-to-play investigator deck and upgrade options; not a campaign.,product_or_cycle_description,,not_established,,,,,,,,,not_assessed,,,,,,,,,,not_recorded,,,not_verified,,,unknown,not_checked,https://www.fantasyflightgames.com/en/products/arkham-horror-the-card-game/,https://raw.githubusercontent.com/Kamalisk/arkhamdb-json-data/master/packs.json,publisher_and_community_database,structured_pack_catalog,product_name;base_game_association;product_type,catalog_verified_details_pending,2026-09-20,web_retrieval_or_search_index; not a legal/license audit,official_product_detail;edition;prerequisites;recommendation,not_established,US; regional availability not guaranteed,,,,,2026-09-20T14:35:11+00:00,fetch_failed,identity_not_established,https://www.fantasyflightgames.com/en/products/arkham-horror-the-card-game/,,src-766a6dc30fa82cb6,not_established,base_game_requirement | edition_compatibility_notes,,
rec_295e4e5c75bc8c,prd_a3f9ae763e128f,game_arkham-horror-the-card-game,Arkham Horror: The Card Game,arkham-horror-the-card-game,Heart of the Elders,Fantasy Flight Games,mythos_pack,original Mythos-pack format,secondary_catalog_identity,hold_for_product_detail_verification,unknown,unknown,,,not_verified,false,Core set plus The Forgotten Age original deluxe expansion for encounter sets; campaign progression may require earlier scenarios.,Not a complete campaign. Sequence is not the same as a hard component prerequisite; do not interpret the pack number as a universal buy recommendation.,The later The Forgotten Age Campaign Expansion repack contains this cycle's encounter content; its Investigator Expansion repack contains the player content. Check ownership to avoid buying duplicates.,,A campaign-cycle scenario and player cards.,product_or_cycle_description,,not_established,,,,,,,,,not_assessed,,,,,,,,,,not_recorded,,,not_verified,,,unknown,not_checked,,https://raw.githubusercontent.com/Kamalisk/arkhamdb-json-data/master/packs.json,community_database,structured_pack_catalog,product_name;base_game_association;product_type,secondary_catalog_details_pending,2026-09-20,web_retrieval_or_search_index; not a legal/license audit,official_product_detail;edition;prerequisites;recommendation,not_established,US; regional availability not guaranteed,,,,,2026-09-20T14:35:11+00:00,fetch_failed,identity_not_established,https://raw.githubusercontent.com/Kamalisk/arkhamdb-json-data/master/packs.json,,src-100f37782b083d56,not_established,base_game_requirement,,
rec_6ace068f09cd23,prd_0b493c98ddd478,game_arkham-horror-the-card-game,Arkham Horror: The Card Game,arkham-horror-the-card-game,Horror in High Gear,Fantasy Flight Games,mythos_pack,original Mythos-pack format,secondary_catalog_identity,hold_for_product_detail_verification,unknown,unknown,,,not_verified,false,Core set plus The Innsmouth Conspiracy original deluxe expansion for encounter sets; campaign progression may require earlier scenarios.,Not a complete campaign. Sequence is not the same as a hard component prerequisite; do not interpret the pack number as a universal buy recommendation.,The later The Innsmouth Conspiracy Campaign Expansion repack contains this cycle's encounter content; its Investigator Expansion repack contains the player content. Check ownership to avoid buying duplicates.,,A campaign-cycle scenario and player cards.,product_or_cycle_description,,not_established,,,,,,,,,not_assessed,,,,,,,,,,not_recorded,,,not_verified,,,unknown,not_checked,,https://raw.githubusercontent.com/Kamalisk/arkhamdb-json-data/master/packs.json,community_database,structured_pack_catalog,product_name;base_game_association;product_type,secondary_catalog_details_pending,2026-09-20,web_retrieval_or_search_index; not a legal/license audit,official_product_detail;edition;prerequisites;recommendation,not_established,US; regional availability not guaranteed,,,,,2026-09-20T14:35:11+00:00,fetch_failed,identity_not_established,https://raw.githubusercontent.com/Kamalisk/arkhamdb-json-data/master/packs.json,,src-100f37782b083d56,not_established,base_game_requirement,,
rec_ca154ffb6074ba,prd_7e9464e2c5ac8b,game_arkham-horror-the-card-game,Arkham Horror: The Card Game,arkham-horror-the-card-game,Hour of the Huntress Promo Cards,Fantasy Flight Games,novella_promo_cards,,secondary_catalog_identity,hold_for_product_detail_verification,unknown,unknown,,,not_verified,false,,Check whether the specific book printing includes cards; content may overlap later investigator releases.,,,"Promotional investigator-related cards associated with the novella, not the prose book itself.",product_or_cycle_description,,not_established,,,,,,,,,not_assessed,,,,,,,,,,not_recorded,,,not_verified,,,unknown,not_checked,,https://raw.githubusercontent.com/Kamalisk/arkhamdb-json-data/master/packs.json,community_database,structured_pack_catalog,product_name;base_game_association;product_type,secondary_catalog_details_pending,2026-09-20,web_retrieval_or_search_index; not a legal/license audit,official_product_detail;edition;prerequisites;recommendation,not_established,US; regional availability not guaranteed,,,,,2026-09-20T14:35:11+00:00,fetch_failed,identity_not_established,https://raw.githubusercontent.com/Kamalisk/arkhamdb-json-data/master/packs.json,,src-100f37782b083d56,not_established,base_game_requirement,,
rec_0f7a3fba5be87f,prd_1645534da24503,game_arkham-horror-the-card-game,Arkham Horror: The Card Game,arkham-horror-the-card-game,Hunting for Answers,Fantasy Flight Games,official_print_and_play,,secondary_catalog_identity,hold_for_product_detail_verification,unknown,unknown,,,not_verified,false,,"Specific investigator, signature-card and encounter-set requirements vary. Verify the download instructions before displaying a playable recommendation.",,,Official parallel-investigator and/or challenge-scenario print-and-play material.,product_or_cycle_description,,not_established,,,,,,,,,not_assessed,,,,,,,,,,not_recorded,,,not_verified,,,unknown,not_checked,,https://raw.githubusercontent.com/Kamalisk/arkhamdb-json-data/master/packs.json,community_database,structured_pack_catalog,product_name;base_game_association;product_type,secondary_catalog_details_pending,2026-09-20,web_retrieval_or_search_index; not a legal/license audit,official_product_detail;edition;prerequisites;recommendation,not_established,US; regional availability not guaranteed,,,,,2026-09-20T14:35:11+00:00,fetch_failed,identity_not_established,https://raw.githubusercontent.com/Kamalisk/arkhamdb-json-data/master/packs.json,,src-100f37782b083d56,not_established,base_game_requirement,,
rec_f26c8d88302572,prd_34f877cb42938d,game_arkham-horror-the-card-game,Arkham Horror: The Card Game,arkham-horror-the-card-game,In the Clutches of Chaos,Fantasy Flight Games,mythos_pack,original Mythos-pack format,secondary_catalog_identity,hold_for_product_detail_verification,unknown,unknown,,,not_verified,false,Core set plus The Circle Undone original deluxe expansion for encounter sets; campaign progression may require earlier scenarios.,Not a complete campaign. Sequence is not the same as a hard component prerequisite; do not interpret the pack number as a universal buy recommendation.,The later The Circle Undone Campaign Expansion repack contains this cycle's encounter content; its Investigator Expansion repack contains the player content. Check ownership to avoid buying duplicates.,,A campaign-cycle scenario and player cards.,product_or_cycle_description,,not_established,,,,,,,,,not_assessed,,,,,,,,,,not_recorded,,,not_verified,,,unknown,not_checked,,https://raw.githubusercontent.com/Kamalisk/arkhamdb-json-data/master/packs.json,community_database,structured_pack_catalog,product_name;base_game_association;product_type,secondary_catalog_details_pending,2026-09-20,web_retrieval_or_search_index; not a legal/license audit,official_product_detail;edition;prerequisites;recommendation,not_established,US; regional availability not guaranteed,,,,,2026-09-20T14:35:11+00:00,fetch_failed,identity_not_established,https://raw.githubusercontent.com/Kamalisk/arkhamdb-json-data/master/packs.json,,src-100f37782b083d56,not_established,base_game_requirement,,
rec_d7a3661d1aa610,prd_c486b2725f4dbc,game_arkham-horror-the-card-game,Arkham Horror: The Card Game,arkham-horror-the-card-game,In Too Deep,Fantasy Flight Games,mythos_pack,original Mythos-pack format,secondary_catalog_identity,hold_for_product_detail_verification,unknown,unknown,,,not_verified,false,Core set plus The Innsmouth Conspiracy original deluxe expansion for encounter sets; campaign progression may require earlier scenarios.,Not a complete campaign. Sequence is not the same as a hard component prerequisite; do not interpret the pack number as a universal buy recommendation.,The later The Innsmouth Conspiracy Campaign Expansion repack contains this cycle's encounter content; its Investigator Expansion repack contains the player content. Check ownership to avoid buying duplicates.,,A campaign-cycle scenario and player cards.,product_or_cycle_description,,not_established,,,,,,,,,not_assessed,,,,,,,,,,not_recorded,,,not_verified,,,unknown,not_checked,,https://raw.githubusercontent.com/Kamalisk/arkhamdb-json-data/master/packs.json,community_database,structured_pack_catalog,product_name;base_game_association;product_type,secondary_catalog_details_pending,2026-09-20,web_retrieval_or_search_index; not a legal/license audit,official_product_detail;edition;prerequisites;recommendation,not_established,US; regional availability not guaranteed,,,,,2026-09-20T14:35:11+00:00,fetch_failed,identity_not_established,https://raw.githubusercontent.com/Kamalisk/arkhamdb-json-data/master/packs.json,,src-100f37782b083d56,not_established,base_game_requirement,,
rec_ff266c5c72c852,prd_62e219ecb113b8,game_arkham-horror-the-card-game,Arkham Horror: The Card Game,arkham-horror-the-card-game,Into the Maelstrom,Fantasy Flight Games,mythos_pack,original Mythos-pack format,secondary_catalog_identity,hold_for_product_detail_verification,unknown,unknown,,,not_verified,false,Core set plus The Innsmouth Conspiracy original deluxe expansion for encounter sets; campaign progression may require earlier scenarios.,Not a complete campaign. Sequence is not the same as a hard component prerequisite; do not interpret the pack number as a universal buy recommendation.,The later The Innsmouth Conspiracy Campaign Expansion repack contains this cycle's encounter content; its Investigator Expansion repack contains the player content. Check ownership to avoid buying duplicates.,,A campaign-cycle scenario and player cards.,product_or_cycle_description,,not_established,,,,,,,,,not_assessed,,,,,,,,,,not_recorded,,,not_verified,,,unknown,not_checked,,https://raw.githubusercontent.com/Kamalisk/arkhamdb-json-data/master/packs.json,community_database,structured_pack_catalog,product_name;base_game_association;product_type,secondary_catalog_details_pending,2026-09-20,web_retrieval_or_search_index; not a legal/license audit,official_product_detail;edition;prerequisites;recommendation,not_established,US; regional availability not guaranteed,,,,,2026-09-20T14:35:11+00:00,fetch_failed,identity_not_established,https://raw.githubusercontent.com/Kamalisk/arkhamdb-json-data/master/packs.json,,src-100f37782b083d56,not_established,base_game_requirement,,
rec_84decd4ba669ab,prd_da0ffc117890b3,game_arkham-horror-the-card-game,Arkham Horror: The Card Game,arkham-horror-the-card-game,Ire of the Void Promo Cards,Fantasy Flight Games,novella_promo_cards,,secondary_catalog_identity,hold_for_product_detail_verification,unknown,unknown,,,not_verified,false,,Check whether the specific book printing includes cards; content may overlap later investigator releases.,,,"Promotional investigator-related cards associated with the novella, not the prose book itself.",product_or_cycle_description,,not_established,,,,,,,,,not_assessed,,,,,,,,,,not_recorded,,,not_verified,,,unknown,not_checked,,https://raw.githubusercontent.com/Kamalisk/arkhamdb-json-data/master/packs.json,community_database,structured_pack_catalog,product_name;base_game_association;product_type,secondary_catalog_details_pending,2026-09-20,web_retrieval_or_search_index; not a legal/license audit,official_product_detail;edition;prerequisites;recommendation,not_established,US; regional availability not guaranteed,,,,,2026-09-20T14:35:11+00:00,fetch_failed,identity_not_established,https://raw.githubusercontent.com/Kamalisk/arkhamdb-json-data/master/packs.json,,src-100f37782b083d56,not_established,base_game_requirement,,
rec_b676986b577906,prd_ccf3b65c6b6e33,game_arkham-horror-the-card-game,Arkham Horror: The Card Game,arkham-horror-the-card-game,Jacqueline Fine Investigator Starter Deck,Fantasy Flight Games,investigator_starter_deck,,primary_catalog_identity,hold_for_product_detail_verification,unknown,unknown,,,not_verified,false,Compatible core set and a scenario to play.,,,,A ready-to-play investigator deck and upgrade options; not a campaign.,product_or_cycle_description,,not_established,,,,,,,,,not_assessed,,,,,,,,,,not_recorded,,,not_verified,,,unknown,not_checked,https://www.fantasyflightgames.com/en/products/arkham-horror-the-card-game/,https://raw.githubusercontent.com/Kamalisk/arkhamdb-json-data/master/packs.json,publisher_and_community_database,structured_pack_catalog,product_name;base_game_association;product_type,catalog_verified_details_pending,2026-09-20,web_retrieval_or_search_index; not a legal/license audit,official_product_detail;edition;prerequisites;recommendation,not_established,US; regional availability not guaranteed,,,,,2026-09-20T14:35:11+00:00,fetch_failed,identity_not_established,https://www.fantasyflightgames.com/en/products/arkham-horror-the-card-game/,,src-766a6dc30fa82cb6,not_established,base_game_requirement | edition_compatibility_notes,,
rec_733226f2e6d622,prd_67f78e76b375e0,game_arkham-horror-the-card-game,Arkham Horror: The Card Game,arkham-horror-the-card-game,Laid to Rest,Fantasy Flight Games,official_print_and_play,,secondary_catalog_identity,hold_for_product_detail_verification,unknown,unknown,,,not_verified,false,,"Specific investigator, signature-card and encounter-set requirements vary. Verify the download instructions before displaying a playable recommendation.",,,Official parallel-investigator and/or challenge-scenario print-and-play material.,product_or_cycle_description,,not_established,,,,,,,,,not_assessed,,,,,,,,,,not_recorded,,,not_verified,,,unknown,not_checked,,https://raw.githubusercontent.com/Kamalisk/arkhamdb-json-data/master/packs.json,community_database,structured_pack_catalog,product_name;base_game_association;product_type,secondary_catalog_details_pending,2026-09-20,web_retrieval_or_search_index; not a legal/license audit,official_product_detail;edition;prerequisites;recommendation,not_established,US; regional availability not guaranteed,,,,,2026-09-20T14:35:11+00:00,fetch_failed,identity_not_established,https://raw.githubusercontent.com/Kamalisk/arkhamdb-json-data/master/packs.json,,src-100f37782b083d56,not_established,base_game_requirement,,
rec_0ab954a5ac0ded,prd_7ec564203c7faf,game_arkham-horror-the-card-game,Arkham Horror: The Card Game,arkham-horror-the-card-game,Lost in Time and Space,Fantasy Flight Games,mythos_pack,original Mythos-pack format,secondary_catalog_identity,hold_for_product_detail_verification,unknown,unknown,,,not_verified,false,Core set plus The Dunwich Legacy original deluxe expansion for encounter sets; campaign progression may require earlier scenarios.,Not a complete campaign. Sequence is not the same as a hard component prerequisite; do not interpret the pack number as a universal buy recommendation.,The later The Dunwich Legacy Campaign Expansion repack contains this cycle's encounter content; its Investigator Expansion repack contains the player content. Check ownership to avoid buying duplicates.,,A campaign-cycle scenario and player cards.,product_or_cycle_description,,not_established,,,,,,,,,not_assessed,,,,,,,,,,not_recorded,,,not_verified,,,unknown,not_checked,,https://raw.githubusercontent.com/Kamalisk/arkhamdb-json-data/master/packs.json,community_database,structured_pack_catalog,product_name;base_game_association;product_type,secondary_catalog_details_pending,2026-09-20,web_retrieval_or_search_index; not a legal/license audit,official_product_detail;edition;prerequisites;recommendation,not_established,US; regional availability not guaranteed,,,,,2026-09-20T14:35:11+00:00,fetch_failed,identity_not_established,https://raw.githubusercontent.com/Kamalisk/arkhamdb-json-data/master/packs.json,,src-100f37782b083d56,not_established,base_game_requirement,,
rec_6577a8a4cad2a4,prd_fbab31184bbb58,game_arkham-horror-the-card-game,Arkham Horror: The Card Game,arkham-horror-the-card-game,Machinations Through Time,Fantasy Flight Games,scenario_pack,,primary_catalog_identity,hold_for_product_detail_verification,unknown,unknown,,,not_verified,false,Compatible core components and legal investigator decks; scenario-specific setup rules apply.,Standalone scenario does not mean standalone game. Special multi-group modes may have different requirements.,,,Additional scenario content; inspect rules for standalone or campaign insertion and multiplayer modes.,product_or_cycle_description,,not_established,,,,,,,,,not_assessed,,,,,,,,,,not_recorded,,,not_verified,,,unknown,not_checked,https://www.fantasyflightgames.com/en/products/arkham-horror-the-card-game/,https://raw.githubusercontent.com/Kamalisk/arkhamdb-json-data/master/packs.json,publisher_and_community_database,structured_pack_catalog,product_name;base_game_association;product_type,catalog_verified_details_pending,2026-09-20,web_retrieval_or_search_index; not a legal/license audit,official_product_detail;edition;prerequisites;recommendation,not_established,US; regional availability not guaranteed,,,,,2026-09-20T14:35:11+00:00,fetch_failed,identity_not_established,https://www.fantasyflightgames.com/en/products/arkham-horror-the-card-game/,,src-766a6dc30fa82cb6,not_established,base_game_requirement,,
rec_8adfacfc95995f,prd_82a02f283ffe75,game_arkham-horror-the-card-game,Arkham Horror: The Card Game,arkham-horror-the-card-game,Marie Lambeau Investigator Starter Deck,Fantasy Flight Games,investigator_starter_deck,,primary_catalog_identity,hold_for_product_detail_verification,unknown,unknown,,,not_verified,false,Compatible core set and a scenario to play.,,,,A ready-to-play investigator deck and upgrade options; not a campaign.,product_or_cycle_description,,not_established,,,,,,,,,not_assessed,,,,,,,,,,not_recorded,,,not_verified,,,unknown,not_checked,https://www.fantasyflightgames.com/en/products/arkham-horror-the-card-game/,https://raw.githubusercontent.com/Kamalisk/arkhamdb-json-data/master/packs.json,publisher_and_community_database,structured_pack_catalog,product_name;base_game_association;product_type,catalog_verified_details_pending,2026-09-20,web_retrieval_or_search_index; not a legal/license audit,official_product_detail;edition;prerequisites;recommendation,not_established,US; regional availability not guaranteed,,,,,2026-09-20T14:35:11+00:00,fetch_failed,identity_not_established,https://www.fantasyflightgames.com/en/products/arkham-horror-the-card-game/,,src-766a6dc30fa82cb6,not_established,base_game_requirement | edition_compatibility_notes,,
rec_fd8dd205dab62f,prd_2eb7148901b835,game_arkham-horror-the-card-game,Arkham Horror: The Card Game,arkham-horror-the-card-game,Miguel de la Cruz Investigator Starter Deck,Fantasy Flight Games,investigator_starter_deck,,primary_catalog_identity,hold_for_product_detail_verification,unknown,unknown,,,not_verified,false,Compatible core set and a scenario to play.,,,,A ready-to-play investigator deck and upgrade options; not a campaign.,product_or_cycle_description,,not_established,,,,,,,,,not_assessed,,,,,,,,,,not_recorded,,,not_verified,,,unknown,not_checked,https://www.fantasyflightgames.com/en/products/arkham-horror-the-card-game/,https://raw.githubusercontent.com/Kamalisk/arkhamdb-json-data/master/packs.json,publisher_and_community_database,structured_pack_catalog,product_name;base_game_association;product_type,catalog_verified_details_pending,2026-09-20,web_retrieval_or_search_index; not a legal/license audit,official_product_detail;edition;prerequisites;recommendation,not_established,US; regional availability not guaranteed,,,,,2026-09-20T14:35:11+00:00,fetch_failed,identity_not_established,https://www.fantasyflightgames.com/en/products/arkham-horror-the-card-game/,,src-766a6dc30fa82cb6,not_established,base_game_requirement | edition_compatibility_notes,,
rec_8b3fe7fd154c27,prd_153af253f62917,game_arkham-horror-the-card-game,Arkham Horror: The Card Game,arkham-horror-the-card-game,Murder at the Excelsior Hotel,Fantasy Flight Games,scenario_pack,,primary_catalog_identity,hold_for_product_detail_verification,unknown,unknown,,,not_verified,false,Compatible core components and legal investigator decks; scenario-specific setup rules apply.,Standalone scenario does not mean standalone game. Special multi-group modes may have different requirements.,,,Additional scenario content; inspect rules for standalone or campaign insertion and multiplayer modes.,product_or_cycle_description,,not_established,,,,,,,,,not_assessed,,,,,,,,,,not_recorded,,,not_verified,,,unknown,not_checked,https://www.fantasyflightgames.com/en/products/arkham-horror-the-card-game/,https://raw.githubusercontent.com/Kamalisk/arkhamdb-json-data/master/packs.json,publisher_and_community_database,structured_pack_catalog,product_name;base_game_association;product_type,catalog_verified_details_pending,2026-09-20,web_retrieval_or_search_index; not a legal/license audit,official_product_detail;edition;prerequisites;recommendation,not_established,US; regional availability not guaranteed,,,,,2026-09-20T14:35:11+00:00,fetch_failed,identity_not_established,https://www.fantasyflightgames.com/en/products/arkham-horror-the-card-game/,,src-766a6dc30fa82cb6,not_established,base_game_requirement,,
rec_f03891a36f4376,prd_41b2990246f19b,game_arkham-horror-the-card-game,Arkham Horror: The Card Game,arkham-horror-the-card-game,Nathaniel Cho Investigator Starter Deck,Fantasy Flight Games,investigator_starter_deck,,primary_catalog_identity,hold_for_product_detail_verification,unknown,unknown,,,not_verified,false,Compatible core set and a scenario to play.,,,,A ready-to-play investigator deck and upgrade options; not a campaign.,product_or_cycle_description,,not_established,,,,,,,,,not_assessed,,,,,,,,,,not_recorded,,,not_verified,,,unknown,not_checked,https://www.fantasyflightgames.com/en/products/arkham-horror-the-card-game/,https://raw.githubusercontent.com/Kamalisk/arkhamdb-json-data/master/packs.json,publisher_and_community_database,structured_pack_catalog,product_name;base_game_association;product_type,catalog_verified_details_pending,2026-09-20,web_retrieval_or_search_index; not a legal/license audit,official_product_detail;edition;prerequisites;recommendation,not_established,US; regional availability not guaranteed,,,,,2026-09-20T14:35:11+00:00,fetch_failed,identity_not_established,https://www.fantasyflightgames.com/en/products/arkham-horror-the-card-game/,,src-766a6dc30fa82cb6,not_established,base_game_requirement | edition_compatibility_notes,,
rec_bfc347ab2a0c87,prd_8f090f79b5ec1d,game_arkham-horror-the-card-game,Arkham Horror: The Card Game,arkham-horror-the-card-game,On the Road Again,Fantasy Flight Games,official_print_and_play,,secondary_catalog_identity,hold_for_product_detail_verification,unknown,unknown,,,not_verified,false,,"Specific investigator, signature-card and encounter-set requirements vary. Verify the download instructions before displaying a playable recommendation.",,,Official parallel-investigator and/or challenge-scenario print-and-play material.,product_or_cycle_description,,not_established,,,,,,,,,not_assessed,,,,,,,,,,not_recorded,,,not_verified,,,unknown,not_checked,,https://raw.githubusercontent.com/Kamalisk/arkhamdb-json-data/master/packs.json,community_database,structured_pack_catalog,product_name;base_game_association;product_type,secondary_catalog_details_pending,2026-09-20,web_retrieval_or_search_index; not a legal/license audit,official_product_detail;edition;prerequisites;recommendation,not_established,US; regional availability not guaranteed,,,,,2026-09-20T14:35:11+00:00,fetch_failed,identity_not_established,https://raw.githubusercontent.com/Kamalisk/arkhamdb-json-data/master/packs.json,,src-100f37782b083d56,not_established,base_game_requirement,,
rec_b62a8d3e25402b,prd_8320fea1732688,game_arkham-horror-the-card-game,Arkham Horror: The Card Game,arkham-horror-the-card-game,Path of the Righteous,Fantasy Flight Games,official_print_and_play,,secondary_catalog_identity,hold_for_product_detail_verification,unknown,unknown,,,not_verified,false,,"Specific investigator, signature-card and encounter-set requirements vary. Verify the download instructions before displaying a playable recommendation.",,,Official parallel-investigator and/or challenge-scenario print-and-play material.,product_or_cycle_description,,not_established,,,,,,,,,not_assessed,,,,,,,,,,not_recorded,,,not_verified,,,unknown,not_checked,,https://raw.githubusercontent.com/Kamalisk/arkhamdb-json-data/master/packs.json,community_database,structured_pack_catalog,product_name;base_game_association;product_type,secondary_catalog_details_pending,2026-09-20,web_retrieval_or_search_index; not a legal/license audit,official_product_detail;edition;prerequisites;recommendation,not_established,US; regional availability not guaranteed,,,,,2026-09-20T14:35:11+00:00,fetch_failed,identity_not_established,https://raw.githubusercontent.com/Kamalisk/arkhamdb-json-data/master/packs.json,,src-100f37782b083d56,not_established,base_game_requirement,,
rec_e10b5c8b8824cb,prd_ce083a83a09878,game_arkham-horror-the-card-game,Arkham Horror: The Card Game,arkham-horror-the-card-game,Pistols and Pearls,Fantasy Flight Games,official_print_and_play,,secondary_catalog_identity,hold_for_product_detail_verification,unknown,unknown,,,not_verified,false,,"Specific investigator, signature-card and encounter-set requirements vary. Verify the download instructions before displaying a playable recommendation.",,,Official parallel-investigator and/or challenge-scenario print-and-play material.,product_or_cycle_description,,not_established,,,,,,,,,not_assessed,,,,,,,,,,not_recorded,,,not_verified,,,unknown,not_checked,,https://raw.githubusercontent.com/Kamalisk/arkhamdb-json-data/master/packs.json,community_database,structured_pack_catalog,product_name;base_game_association;product_type,secondary_catalog_details_pending,2026-09-20,web_retrieval_or_search_index; not a legal/license audit,official_product_detail;edition;prerequisites;recommendation,not_established,US; regional availability not guaranteed,,,,,2026-09-20T14:35:11+00:00,fetch_failed,identity_not_established,https://raw.githubusercontent.com/Kamalisk/arkhamdb-json-data/master/packs.json,,src-100f37782b083d56,not_established,base_game_requirement,,
rec_db728df20f8697,prd_067c00e85de2e0,game_arkham-horror-the-card-game,Arkham Horror: The Card Game,arkham-horror-the-card-game,Point of No Return,Fantasy Flight Games,mythos_pack,original Mythos-pack format,secondary_catalog_identity,hold_for_product_detail_verification,unknown,unknown,,,not_verified,false,Core set plus The Dream-Eaters original deluxe expansion for encounter sets; campaign progression may require earlier scenarios.,Not a complete campaign. Sequence is not the same as a hard component prerequisite; do not interpret the pack number as a universal buy recommendation.,The later The Dream-Eaters Campaign Expansion repack contains this cycle's encounter content; its Investigator Expansion repack contains the player content. Check ownership to avoid buying duplicates.,,A campaign-cycle scenario and player cards.,product_or_cycle_description,,not_established,,,,,,,,,not_assessed,,,,,,,,,,not_recorded,,,not_verified,,,unknown,not_checked,,https://raw.githubusercontent.com/Kamalisk/arkhamdb-json-data/master/packs.json,community_database,structured_pack_catalog,product_name;base_game_association;product_type,secondary_catalog_details_pending,2026-09-20,web_retrieval_or_search_index; not a legal/license audit,official_product_detail;edition;prerequisites;recommendation,not_established,US; regional availability not guaranteed,,,,,2026-09-20T14:35:11+00:00,fetch_failed,identity_not_established,https://raw.githubusercontent.com/Kamalisk/arkhamdb-json-data/master/packs.json,,src-100f37782b083d56,not_established,base_game_requirement,,
rec_1b178425f42d67,prd_ea1b897928717f,game_arkham-horror-the-card-game,Arkham Horror: The Card Game,arkham-horror-the-card-game,Read or Die,Fantasy Flight Games,official_print_and_play,,secondary_catalog_identity,hold_for_product_detail_verification,unknown,unknown,,,not_verified,false,,"Specific investigator, signature-card and encounter-set requirements vary. Verify the download instructions before displaying a playable recommendation.",,,Official parallel-investigator and/or challenge-scenario print-and-play material.,product_or_cycle_description,,not_established,,,,,,,,,not_assessed,,,,,,,,,,not_recorded,,,not_verified,,,unknown,not_checked,,https://raw.githubusercontent.com/Kamalisk/arkhamdb-json-data/master/packs.json,community_database,structured_pack_catalog,product_name;base_game_association;product_type,secondary_catalog_details_pending,2026-09-20,web_retrieval_or_search_index; not a legal/license audit,official_product_detail;edition;prerequisites;recommendation,not_established,US; regional availability not guaranteed,,,,,2026-09-20T14:35:11+00:00,fetch_failed,identity_not_established,https://raw.githubusercontent.com/Kamalisk/arkhamdb-json-data/master/packs.json,,src-100f37782b083d56,not_established,base_game_requirement,,
rec_6685949e9882c9,prd_dc928847470ec7,game_arkham-horror-the-card-game,Arkham Horror: The Card Game,arkham-horror-the-card-game,Red Tide Rising,Fantasy Flight Games,official_print_and_play,,secondary_catalog_identity,hold_for_product_detail_verification,unknown,unknown,,,not_verified,false,,"Specific investigator, signature-card and encounter-set requirements vary. Verify the download instructions before displaying a playable recommendation.",,,Official parallel-investigator and/or challenge-scenario print-and-play material.,product_or_cycle_description,,not_established,,,,,,,,,not_assessed,,,,,,,,,,not_recorded,,,not_verified,,,unknown,not_checked,,https://raw.githubusercontent.com/Kamalisk/arkhamdb-json-data/master/packs.json,community_database,structured_pack_catalog,product_name;base_game_association;product_type,secondary_catalog_details_pending,2026-09-20,web_retrieval_or_search_index; not a legal/license audit,official_product_detail;edition;prerequisites;recommendation,not_established,US; regional availability not guaranteed,,,,,2026-09-20T14:35:11+00:00,fetch_failed,identity_not_established,https://raw.githubusercontent.com/Kamalisk/arkhamdb-json-data/master/packs.json,,src-100f37782b083d56,not_established,base_game_requirement,,
rec_f000ac233c6f1d,prd_fafe87e88fb57f,game_arkham-horror-the-card-game,Arkham Horror: The Card Game,arkham-horror-the-card-game,Relics of the Past,Fantasy Flight Games,official_print_and_play,,secondary_catalog_identity,hold_for_product_detail_verification,unknown,unknown,,,not_verified,false,,"Specific investigator, signature-card and encounter-set requirements vary. Verify the download instructions before displaying a playable recommendation.",,,Official parallel-investigator and/or challenge-scenario print-and-play material.,product_or_cycle_description,,not_established,,,,,,,,,not_assessed,,,,,,,,,,not_recorded,,,not_verified,,,unknown,not_checked,,https://raw.githubusercontent.com/Kamalisk/arkhamdb-json-data/master/packs.json,community_database,structured_pack_catalog,product_name;base_game_association;product_type,secondary_catalog_details_pending,2026-09-20,web_retrieval_or_search_index; not a legal/license audit,official_product_detail;edition;prerequisites;recommendation,not_established,US; regional availability not guaranteed,,,,,2026-09-20T14:35:11+00:00,fetch_failed,identity_not_established,https://raw.githubusercontent.com/Kamalisk/arkhamdb-json-data/master/packs.json,,src-100f37782b083d56,not_established,base_game_requirement,,
rec_7ce35062d80bcf,prd_eed2e87596b57c,game_arkham-horror-the-card-game,Arkham Horror: The Card Game,arkham-horror-the-card-game,Return to Night of the Zealot,Fantasy Flight Games,campaign_remix_expansion,,primary_catalog_identity,hold_for_product_detail_verification,unknown,unknown,,,not_verified,false,Core set and the complete original Night of the Zealot campaign encounter content; this is not a replacement for that campaign.,Confirm compatibility with the exact original or repackaged campaign owned.,,,Remixed campaign encounter content and player-card additions.,product_or_cycle_description,,not_established,,,,,,,,,not_assessed,,,,,,,,,,not_recorded,,,not_verified,,,unknown,not_checked,https://www.fantasyflightgames.com/en/products/arkham-horror-the-card-game/,https://raw.githubusercontent.com/Kamalisk/arkhamdb-json-data/master/packs.json,publisher_and_community_database,structured_pack_catalog,product_name;base_game_association;product_type,catalog_verified_details_pending,2026-09-20,web_retrieval_or_search_index; not a legal/license audit,official_product_detail;edition;prerequisites;recommendation,not_established,US; regional availability not guaranteed,,,,,2026-09-20T14:35:11+00:00,fetch_failed,identity_not_established,https://www.fantasyflightgames.com/en/products/arkham-horror-the-card-game/,,src-766a6dc30fa82cb6,not_established,base_game_requirement,,
rec_7fb320acaa2540,prd_052891181c5c96,game_arkham-horror-the-card-game,Arkham Horror: The Card Game,arkham-horror-the-card-game,Return to The Circle Undone,Fantasy Flight Games,campaign_remix_expansion,,primary_catalog_identity,hold_for_product_detail_verification,unknown,unknown,,,not_verified,false,Core set and the complete original The Circle Undone campaign encounter content; this is not a replacement for that campaign.,Confirm compatibility with the exact original or repackaged campaign owned.,,,Remixed campaign encounter content and player-card additions.,product_or_cycle_description,,not_established,,,,,,,,,not_assessed,,,,,,,,,,not_recorded,,,not_verified,,,unknown,not_checked,https://www.fantasyflightgames.com/en/products/arkham-horror-the-card-game/,https://raw.githubusercontent.com/Kamalisk/arkhamdb-json-data/master/packs.json,publisher_and_community_database,structured_pack_catalog,product_name;base_game_association;product_type,catalog_verified_details_pending,2026-09-20,web_retrieval_or_search_index; not a legal/license audit,official_product_detail;edition;prerequisites;recommendation,not_established,US; regional availability not guaranteed,,,,,2026-09-20T14:35:11+00:00,fetch_failed,identity_not_established,https://www.fantasyflightgames.com/en/products/arkham-horror-the-card-game/,,src-766a6dc30fa82cb6,not_established,base_game_requirement,,
rec_5ae449edac4ee1,prd_4fe9b5b33dc769,game_arkham-horror-the-card-game,Arkham Horror: The Card Game,arkham-horror-the-card-game,Return to The Dunwich Legacy,Fantasy Flight Games,campaign_remix_expansion,,primary_catalog_identity,hold_for_product_detail_verification,unknown,unknown,,,not_verified,false,Core set and the complete original The Dunwich Legacy campaign encounter content; this is not a replacement for that campaign.,Confirm compatibility with the exact original or repackaged campaign owned.,,,Remixed campaign encounter content and player-card additions.,product_or_cycle_description,,not_established,,,,,,,,,not_assessed,,,,,,,,,,not_recorded,,,not_verified,,,unknown,not_checked,https://www.fantasyflightgames.com/en/products/arkham-horror-the-card-game/,https://raw.githubusercontent.com/Kamalisk/arkhamdb-json-data/master/packs.json,publisher_and_community_database,structured_pack_catalog,product_name;base_game_association;product_type,catalog_verified_details_pending,2026-09-20,web_retrieval_or_search_index; not a legal/license audit,official_product_detail;edition;prerequisites;recommendation,not_established,US; regional availability not guaranteed,,,,,2026-09-20T14:35:11+00:00,fetch_failed,identity_not_established,https://www.fantasyflightgames.com/en/products/arkham-horror-the-card-game/,,src-766a6dc30fa82cb6,not_established,base_game_requirement,,
rec_14d9e0ea8839eb,prd_a1bc563f7cd6d2,game_arkham-horror-the-card-game,Arkham Horror: The Card Game,arkham-horror-the-card-game,Return to The Forgotten Age,Fantasy Flight Games,campaign_remix_expansion,,primary_catalog_identity,hold_for_product_detail_verification,unknown,unknown,,,not_verified,false,Core set and the complete original The Forgotten Age campaign encounter content; this is not a replacement for that campaign.,Confirm compatibility with the exact original or repackaged campaign owned.,,,Remixed campaign encounter content and player-card additions.,product_or_cycle_description,,not_established,,,,,,,,,not_assessed,,,,,,,,,,not_recorded,,,not_verified,,,unknown,not_checked,https://www.fantasyflightgames.com/en/products/arkham-horror-the-card-game/,https://raw.githubusercontent.com/Kamalisk/arkhamdb-json-data/master/packs.json,publisher_and_community_database,structured_pack_catalog,product_name;base_game_association;product_type,catalog_verified_details_pending,2026-09-20,web_retrieval_or_search_index; not a legal/license audit,official_product_detail;edition;prerequisites;recommendation,not_established,US; regional availability not guaranteed,,,,,2026-09-20T14:35:11+00:00,fetch_failed,identity_not_established,https://www.fantasyflightgames.com/en/products/arkham-horror-the-card-game/,,src-766a6dc30fa82cb6,not_established,base_game_requirement,,
rec_c3498fdf08a735,prd_3eaeba653b6569,game_arkham-horror-the-card-game,Arkham Horror: The Card Game,arkham-horror-the-card-game,Return to The Path to Carcosa,Fantasy Flight Games,campaign_remix_expansion,,primary_catalog_identity,hold_for_product_detail_verification,unknown,unknown,,,not_verified,false,Core set and the complete original The Path to Carcosa campaign encounter content; this is not a replacement for that campaign.,Confirm compatibility with the exact original or repackaged campaign owned.,,,Remixed campaign encounter content and player-card additions.,product_or_cycle_description,,not_established,,,,,,,,,not_assessed,,,,,,,,,,not_recorded,,,not_verified,,,unknown,not_checked,https://www.fantasyflightgames.com/en/products/arkham-horror-the-card-game/,https://raw.githubusercontent.com/Kamalisk/arkhamdb-json-data/master/packs.json,publisher_and_community_database,structured_pack_catalog,product_name;base_game_association;product_type,catalog_verified_details_pending,2026-09-20,web_retrieval_or_search_index; not a legal/license audit,official_product_detail;edition;prerequisites;recommendation,not_established,US; regional availability not guaranteed,,,,,2026-09-20T14:35:11+00:00,fetch_failed,identity_not_established,https://www.fantasyflightgames.com/en/products/arkham-horror-the-card-game/,,src-766a6dc30fa82cb6,not_established,base_game_requirement,,
rec_1be7807fdae6f1,prd_3b46ed2fd5b66d,game_arkham-horror-the-card-game,Arkham Horror: The Card Game,arkham-horror-the-card-game,Shattered Aeons,Fantasy Flight Games,mythos_pack,original Mythos-pack format,secondary_catalog_identity,hold_for_product_detail_verification,unknown,unknown,,,not_verified,false,Core set plus The Forgotten Age original deluxe expansion for encounter sets; campaign progression may require earlier scenarios.,Not a complete campaign. Sequence is not the same as a hard component prerequisite; do not interpret the pack number as a universal buy recommendation.,The later The Forgotten Age Campaign Expansion repack contains this cycle's encounter content; its Investigator Expansion repack contains the player content. Check ownership to avoid buying duplicates.,,A campaign-cycle scenario and player cards.,product_or_cycle_description,,not_established,,,,,,,,,not_assessed,,,,,,,,,,not_recorded,,,not_verified,,,unknown,not_checked,,https://raw.githubusercontent.com/Kamalisk/arkhamdb-json-data/master/packs.json,community_database,structured_pack_catalog,product_name;base_game_association;product_type,secondary_catalog_details_pending,2026-09-20,web_retrieval_or_search_index; not a legal/license audit,official_product_detail;edition;prerequisites;recommendation,not_established,US; regional availability not guaranteed,,,,,2026-09-20T14:35:11+00:00,fetch_failed,identity_not_established,https://raw.githubusercontent.com/Kamalisk/arkhamdb-json-data/master/packs.json,,src-100f37782b083d56,not_established,base_game_requirement,,
rec_c4bc43a7bd3357,prd_8705278865c3a0,game_arkham-horror-the-card-game,Arkham Horror: The Card Game,arkham-horror-the-card-game,Stella Clark Investigator Starter Deck,Fantasy Flight Games,investigator_starter_deck,,primary_catalog_identity,hold_for_product_detail_verification,unknown,unknown,,,not_verified,false,Compatible core set and a scenario to play.,,,,A ready-to-play investigator deck and upgrade options; not a campaign.,product_or_cycle_description,,not_established,,,,,,,,,not_assessed,,,,,,,,,,not_recorded,,,not_verified,,,unknown,not_checked,https://www.fantasyflightgames.com/en/products/arkham-horror-the-card-game/,https://raw.githubusercontent.com/Kamalisk/arkhamdb-json-data/master/packs.json,publisher_and_community_database,structured_pack_catalog,product_name;base_game_association;product_type,catalog_verified_details_pending,2026-09-20,web_retrieval_or_search_index; not a legal/license audit,official_product_detail;edition;prerequisites;recommendation,not_established,US; regional availability not guaranteed,,,,,2026-09-20T14:35:11+00:00,fetch_failed,identity_not_established,https://www.fantasyflightgames.com/en/products/arkham-horror-the-card-game/,,src-766a6dc30fa82cb6,not_established,base_game_requirement | edition_compatibility_notes,,
rec_c2a9f5bdbcfb5e,prd_597ade538739c0,game_arkham-horror-the-card-game,Arkham Horror: The Card Game,arkham-horror-the-card-game,The Blob That Ate Everything,Fantasy Flight Games,scenario_pack,,product_facts_checked,fact_checked_draft_needs_editorial_review,yes,no,Arkham Horror: The Card Game Core Set,"[[""Arkham Horror: The Card Game Core Set""]]",publisher_confirmed,false,,Standalone scenario does not mean standalone game: core components are still required. Exact 2026 core compatibility not established.,,,A standalone-playable scenario for the Arkham Horror LCG campaign system.,product_or_cycle_description,,not_established,,,,,,,,,not_assessed,,,,21.99,historical_publisher_listed_price,20_to_39_99,https://www.fantasyflightgames.com/en/products/arkham-horror-the-card-game/products/blob-ate-everything/,2026-09-20,https://www.fantasyflightgames.com/en/products/arkham-horror-the-card-game/products/blob-ate-everything/,source_product_page_may_link_to_store,,,not_verified,,,out_of_print,not_checked,https://www.fantasyflightgames.com/en/products/arkham-horror-the-card-game/products/blob-ate-everything/,https://raw.githubusercontent.com/Kamalisk/arkhamdb-json-data/master/packs.json,publisher,product_detail,product_name;base_game_association;what_it_adds;base_requirement,core_facts_verified,2026-09-20,web_retrieval_or_search_index; not a legal/license audit,2026_core_edition;recommendation,not_established,US; regional availability not guaranteed,,,,,2026-09-20T14:35:11+00:00,fetch_failed,identity_not_established,https://www.fantasyflightgames.com/en/products/arkham-horror-the-card-game/products/blob-ate-everything/,,src-3e00dec1d63a18d3,not_established,,,
rec_5e401263815638,prd_a2c87020af626e,game_arkham-horror-the-card-game,Arkham Horror: The Card Game,arkham-horror-the-card-game,The Blob That Ate Everything ELSE!,Fantasy Flight Games,official_print_and_play,,product_facts_checked,fact_checked_draft_needs_editorial_review,yes,no,Enhanced scenario requires an Arkham Horror LCG core set and The Blob That Ate Everything. Investigator-only use is a different configuration.,,publisher_confirmed_conditional,false,,Standalone scenario does not mean standalone game. Special multi-group modes may have different requirements.,"An enhancement, not a standalone replacement for the original scenario pack.",,Print-and-play Suzi investigator plus additional encounter content for the original Blob scenario.,product_or_cycle_description,,not_established,,,,,,,,,not_assessed,,,,,,,,,,not_recorded,,,not_verified,,2023,released,not_checked,https://www.fantasyflightgames.com/en/news/2023/7/13/the-blob-that-ate-everything-else/,https://www.fantasyflightgames.com/en/news/2023/8/11/available-now-august-11/,publisher,product_announcement,product_name;format;what_it_adds;scenario_dependency,core_facts_verified,2026-09-20,web_retrieval_or_search_index; not a legal/license audit,selected_mode;core_edition;recommendation,not_established,US; regional availability not guaranteed,,,,,2026-09-20T14:35:11+00:00,fetch_failed,identity_not_established,https://www.fantasyflightgames.com/en/news/2023/7/13/the-blob-that-ate-everything-else/,,src-2cd73794e94010e1,not_established,,,
rec_2c0c1a83d7a84b,prd_0017377e5b4dae,game_arkham-horror-the-card-game,Arkham Horror: The Card Game,arkham-horror-the-card-game,The Blood of Baalshandor Promo Cards,Fantasy Flight Games,novella_promo_cards,,secondary_catalog_identity,hold_for_product_detail_verification,unknown,unknown,,,not_verified,false,,Check whether the specific book printing includes cards; content may overlap later investigator releases.,,,"Promotional investigator-related cards associated with the novella, not the prose book itself.",product_or_cycle_description,,not_established,,,,,,,,,not_assessed,,,,,,,,,,not_recorded,,,not_verified,,,unknown,not_checked,,https://raw.githubusercontent.com/Kamalisk/arkhamdb-json-data/master/packs.json,community_database,structured_pack_catalog,product_name;base_game_association;product_type,secondary_catalog_details_pending,2026-09-20,web_retrieval_or_search_index; not a legal/license audit,official_product_detail;edition;prerequisites;recommendation,not_established,US; regional availability not guaranteed,,,,,2026-09-20T14:35:11+00:00,fetch_failed,identity_not_established,https://raw.githubusercontent.com/Kamalisk/arkhamdb-json-data/master/packs.json,,src-100f37782b083d56,not_established,base_game_requirement,,
rec_8990e97e361929,prd_5b63a9e75f6c95,game_arkham-horror-the-card-game,Arkham Horror: The Card Game,arkham-horror-the-card-game,The Boundary Beyond,Fantasy Flight Games,mythos_pack,original Mythos-pack format,secondary_catalog_identity,hold_for_product_detail_verification,unknown,unknown,,,not_verified,false,Core set plus The Forgotten Age original deluxe expansion for encounter sets; campaign progression may require earlier scenarios.,Not a complete campaign. Sequence is not the same as a hard component prerequisite; do not interpret the pack number as a universal buy recommendation.,The later The Forgotten Age Campaign Expansion repack contains this cycle's encounter content; its Investigator Expansion repack contains the player content. Check ownership to avoid buying duplicates.,,A campaign-cycle scenario and player cards.,product_or_cycle_description,,not_established,,,,,,,,,not_assessed,,,,,,,,,,not_recorded,,,not_verified,,,unknown,not_checked,,https://raw.githubusercontent.com/Kamalisk/arkhamdb-json-data/master/packs.json,community_database,structured_pack_catalog,product_name;base_game_association;product_type,secondary_catalog_details_pending,2026-09-20,web_retrieval_or_search_index; not a legal/license audit,official_product_detail;edition;prerequisites;recommendation,not_established,US; regional availability not guaranteed,,,,,2026-09-20T14:35:11+00:00,fetch_failed,identity_not_established,https://raw.githubusercontent.com/Kamalisk/arkhamdb-json-data/master/packs.json,,src-100f37782b083d56,not_established,base_game_requirement,,
rec_b2792ba8a4b908,prd_8140efc8a25f57,game_arkham-horror-the-card-game,Arkham Horror: The Card Game,arkham-horror-the-card-game,The Circle Undone (Original Deluxe Expansion),Fantasy Flight Games,deluxe_card_expansion,original deluxe-and-Mythos-pack format,secondary_catalog_identity,hold_for_product_detail_verification,unknown,unknown,,,not_verified,false,Compatible Arkham Horror LCG core set; this original deluxe box does not contain the complete cycle.,,The later The Circle Undone Campaign Expansion repack contains this cycle's encounter content; its Investigator Expansion repack contains the player content. Check ownership to avoid buying duplicates.,,Opening scenarios and player cards for this campaign cycle.,product_or_cycle_description,,not_established,,,,,,,,,not_assessed,,,,,,,,,,not_recorded,,,not_verified,,,unknown,not_checked,,https://raw.githubusercontent.com/Kamalisk/arkhamdb-json-data/master/packs.json,community_database,structured_pack_catalog,product_name;base_game_association;product_type,secondary_catalog_details_pending,2026-09-20,web_retrieval_or_search_index; not a legal/license audit,official_product_detail;edition;prerequisites;recommendation,not_established,US; regional availability not guaranteed,,,,,2026-09-20T14:35:11+00:00,fetch_failed,identity_not_established,https://raw.githubusercontent.com/Kamalisk/arkhamdb-json-data/master/packs.json,,src-100f37782b083d56,not_established,base_game_requirement | edition_compatibility_notes,,
rec_ba6dffbf54a66c,prd_fad7b4bd707b6c,game_arkham-horror-the-card-game,Arkham Horror: The Card Game,arkham-horror-the-card-game,The Circle Undone Campaign Expansion,Fantasy Flight Games,campaign_expansion,repackaged split campaign/investigator format,primary_catalog_identity,hold_for_product_detail_verification,unknown,unknown,,,not_verified,false,Compatible Arkham Horror LCG core set. The matching Investigator Expansion is not automatically a required co-purchase.,,The later The Circle Undone Campaign Expansion repack contains this cycle's encounter content; its Investigator Expansion repack contains the player content. Check ownership to avoid buying duplicates.,,Collects the cycle's campaign encounter content; does not include its player-card collection.,product_or_cycle_description,,not_established,,,,,,,,,not_assessed,,,,,,,,,,not_recorded,,,not_verified,,,unknown,not_checked,https://www.fantasyflightgames.com/en/products/arkham-horror-the-card-game/,https://raw.githubusercontent.com/Kamalisk/arkhamdb-json-data/master/packs.json,publisher_and_community_database,structured_pack_catalog,product_name;base_game_association;product_type,catalog_verified_details_pending,2026-09-20,web_retrieval_or_search_index; not a legal/license audit,official_product_detail;edition;prerequisites;recommendation,not_established,US; regional availability not guaranteed,,,,,2026-09-20T14:35:11+00:00,fetch_failed,identity_not_established,https://www.fantasyflightgames.com/en/products/arkham-horror-the-card-game/,,src-766a6dc30fa82cb6,not_established,base_game_requirement | edition_compatibility_notes,,
rec_cccaef9740d6a1,prd_192435576f27ac,game_arkham-horror-the-card-game,Arkham Horror: The Card Game,arkham-horror-the-card-game,The Circle Undone Investigator Expansion,Fantasy Flight Games,investigator_expansion,repackaged split campaign/investigator format,primary_catalog_identity,hold_for_product_detail_verification,unknown,unknown,,,not_verified,false,Compatible Arkham Horror LCG core set. The matching Campaign Expansion is not automatically a required co-purchase.,,The later The Circle Undone Campaign Expansion repack contains this cycle's encounter content; its Investigator Expansion repack contains the player content. Check ownership to avoid buying duplicates.,,Collects the cycle's investigators and player cards; does not include its campaign scenarios.,product_or_cycle_description,,not_established,,,,,,,,,not_assessed,,,,,,,,,,not_recorded,,,not_verified,,,unknown,not_checked,https://www.fantasyflightgames.com/en/products/arkham-horror-the-card-game/,https://raw.githubusercontent.com/Kamalisk/arkhamdb-json-data/master/packs.json,publisher_and_community_database,structured_pack_catalog,product_name;base_game_association;product_type,catalog_verified_details_pending,2026-09-20,web_retrieval_or_search_index; not a legal/license audit,official_product_detail;edition;prerequisites;recommendation,not_established,US; regional availability not guaranteed,,,,,2026-09-20T14:35:11+00:00,fetch_failed,identity_not_established,https://www.fantasyflightgames.com/en/products/arkham-horror-the-card-game/,,src-766a6dc30fa82cb6,not_established,base_game_requirement | edition_compatibility_notes,,
rec_40e02934b15fc4,prd_7e4412bb29d088,game_arkham-horror-the-card-game,Arkham Horror: The Card Game,arkham-horror-the-card-game,The City of Archives,Fantasy Flight Games,mythos_pack,original Mythos-pack format,secondary_catalog_identity,hold_for_product_detail_verification,unknown,unknown,,,not_verified,false,Core set plus The Forgotten Age original deluxe expansion for encounter sets; campaign progression may require earlier scenarios.,Not a complete campaign. Sequence is not the same as a hard component prerequisite; do not interpret the pack number as a universal buy recommendation.,The later The Forgotten Age Campaign Expansion repack contains this cycle's encounter content; its Investigator Expansion repack contains the player content. Check ownership to avoid buying duplicates.,,A campaign-cycle scenario and player cards.,product_or_cycle_description,,not_established,,,,,,,,,not_assessed,,,,,,,,,,not_recorded,,,not_verified,,,unknown,not_checked,,https://raw.githubusercontent.com/Kamalisk/arkhamdb-json-data/master/packs.json,community_database,structured_pack_catalog,product_name;base_game_association;product_type,secondary_catalog_details_pending,2026-09-20,web_retrieval_or_search_index; not a legal/license audit,official_product_detail;edition;prerequisites;recommendation,not_established,US; regional availability not guaranteed,,,,,2026-09-20T14:35:11+00:00,fetch_failed,identity_not_established,https://raw.githubusercontent.com/Kamalisk/arkhamdb-json-data/master/packs.json,,src-100f37782b083d56,not_established,base_game_requirement,,
rec_7dcb3bfe0c3d63,prd_9457ccfc915468,game_arkham-horror-the-card-game,Arkham Horror: The Card Game,arkham-horror-the-card-game,The Deep Gate Promo Cards,Fantasy Flight Games,novella_promo_cards,,secondary_catalog_identity,hold_for_product_detail_verification,unknown,unknown,,,not_verified,false,,Check whether the specific book printing includes cards; content may overlap later investigator releases.,,,"Promotional investigator-related cards associated with the novella, not the prose book itself.",product_or_cycle_description,,not_established,,,,,,,,,not_assessed,,,,,,,,,,not_recorded,,,not_verified,,,unknown,not_checked,,https://raw.githubusercontent.com/Kamalisk/arkhamdb-json-data/master/packs.json,community_database,structured_pack_catalog,product_name;base_game_association;product_type,secondary_catalog_details_pending,2026-09-20,web_retrieval_or_search_index; not a legal/license audit,official_product_detail;edition;prerequisites;recommendation,not_established,US; regional availability not guaranteed,,,,,2026-09-20T14:35:11+00:00,fetch_failed,identity_not_established,https://raw.githubusercontent.com/Kamalisk/arkhamdb-json-data/master/packs.json,,src-100f37782b083d56,not_established,base_game_requirement,,
rec_03cd3bf3a12a9e,prd_c1e2a044c4faf0,game_arkham-horror-the-card-game,Arkham Horror: The Card Game,arkham-horror-the-card-game,The Depths of Yoth,Fantasy Flight Games,mythos_pack,original Mythos-pack format,secondary_catalog_identity,hold_for_product_detail_verification,unknown,unknown,,,not_verified,false,Core set plus The Forgotten Age original deluxe expansion for encounter sets; campaign progression may require earlier scenarios.,Not a complete campaign. Sequence is not the same as a hard component prerequisite; do not interpret the pack number as a universal buy recommendation.,The later The Forgotten Age Campaign Expansion repack contains this cycle's encounter content; its Investigator Expansion repack contains the player content. Check ownership to avoid buying duplicates.,,A campaign-cycle scenario and player cards.,product_or_cycle_description,,not_established,,,,,,,,,not_assessed,,,,,,,,,,not_recorded,,,not_verified,,,unknown,not_checked,,https://raw.githubusercontent.com/Kamalisk/arkhamdb-json-data/master/packs.json,community_database,structured_pack_catalog,product_name;base_game_association;product_type,secondary_catalog_details_pending,2026-09-20,web_retrieval_or_search_index; not a legal/license audit,official_product_detail;edition;prerequisites;recommendation,not_established,US; regional availability not guaranteed,,,,,2026-09-20T14:35:11+00:00,fetch_failed,identity_not_established,https://raw.githubusercontent.com/Kamalisk/arkhamdb-json-data/master/packs.json,,src-100f37782b083d56,not_established,base_game_requirement,,
rec_c090a1dafad28f,prd_51f3e662e69d63,game_arkham-horror-the-card-game,Arkham Horror: The Card Game,arkham-horror-the-card-game,The Dirge of Reason Promo Cards,Fantasy Flight Games,novella_promo_cards,,secondary_catalog_identity,hold_for_product_detail_verification,unknown,unknown,,,not_verified,false,,Check whether the specific book printing includes cards; content may overlap later investigator releases.,,,"Promotional investigator-related cards associated with the novella, not the prose book itself.",product_or_cycle_description,,not_established,,,,,,,,,not_assessed,,,,,,,,,,not_recorded,,,not_verified,,,unknown,not_checked,,https://raw.githubusercontent.com/Kamalisk/arkhamdb-json-data/master/packs.json,community_database,structured_pack_catalog,product_name;base_game_association;product_type,secondary_catalog_details_pending,2026-09-20,web_retrieval_or_search_index; not a legal/license audit,official_product_detail;edition;prerequisites;recommendation,not_established,US; regional availability not guaranteed,,,,,2026-09-20T14:35:11+00:00,fetch_failed,identity_not_established,https://raw.githubusercontent.com/Kamalisk/arkhamdb-json-data/master/packs.json,,src-100f37782b083d56,not_established,base_game_requirement,,
rec_a9751de6faafe9,prd_d43d0870aef6d1,game_arkham-horror-the-card-game,Arkham Horror: The Card Game,arkham-horror-the-card-game,The Dream-Eaters (Original Deluxe Expansion),Fantasy Flight Games,deluxe_card_expansion,original deluxe-and-Mythos-pack format,secondary_catalog_identity,hold_for_product_detail_verification,unknown,unknown,,,not_verified,false,Compatible Arkham Horror LCG core set; this original deluxe box does not contain the complete cycle.,,The later The Dream-Eaters Campaign Expansion repack contains this cycle's encounter content; its Investigator Expansion repack contains the player content. Check ownership to avoid buying duplicates.,,Opening scenarios and player cards for this campaign cycle.,product_or_cycle_description,,not_established,,,,,,,,,not_assessed,,,,,,,,,,not_recorded,,,not_verified,,,unknown,not_checked,,https://raw.githubusercontent.com/Kamalisk/arkhamdb-json-data/master/packs.json,community_database,structured_pack_catalog,product_name;base_game_association;product_type,secondary_catalog_details_pending,2026-09-20,web_retrieval_or_search_index; not a legal/license audit,official_product_detail;edition;prerequisites;recommendation,not_established,US; regional availability not guaranteed,,,,,2026-09-20T14:35:11+00:00,fetch_failed,identity_not_established,https://raw.githubusercontent.com/Kamalisk/arkhamdb-json-data/master/packs.json,,src-100f37782b083d56,not_established,base_game_requirement | edition_compatibility_notes,,
rec_cf71765877d719,prd_a71b9c3643aaca,game_arkham-horror-the-card-game,Arkham Horror: The Card Game,arkham-horror-the-card-game,The Dream-Eaters Campaign Expansion,Fantasy Flight Games,campaign_expansion,repackaged split campaign/investigator format,primary_catalog_identity,hold_for_product_detail_verification,unknown,unknown,,,not_verified,false,Compatible Arkham Horror LCG core set. The matching Investigator Expansion is not automatically a required co-purchase.,,The later The Dream-Eaters Campaign Expansion repack contains this cycle's encounter content; its Investigator Expansion repack contains the player content. Check ownership to avoid buying duplicates.,,Collects the cycle's campaign encounter content; does not include its player-card collection.,product_or_cycle_description,,not_established,,,,,,,,,not_assessed,,,,,,,,,,not_recorded,,,not_verified,,,unknown,not_checked,https://www.fantasyflightgames.com/en/products/arkham-horror-the-card-game/,https://raw.githubusercontent.com/Kamalisk/arkhamdb-json-data/master/packs.json,publisher_and_community_database,structured_pack_catalog,product_name;base_game_association;product_type,catalog_verified_details_pending,2026-09-20,web_retrieval_or_search_index; not a legal/license audit,official_product_detail;edition;prerequisites;recommendation,not_established,US; regional availability not guaranteed,,,,,2026-09-20T14:35:11+00:00,fetch_failed,identity_not_established,https://www.fantasyflightgames.com/en/products/arkham-horror-the-card-game/,,src-766a6dc30fa82cb6,not_established,base_game_requirement | edition_compatibility_notes,,
rec_6c467e889b0075,prd_646b081fee2719,game_arkham-horror-the-card-game,Arkham Horror: The Card Game,arkham-horror-the-card-game,The Dream-Eaters Investigator Expansion,Fantasy Flight Games,investigator_expansion,repackaged split campaign/investigator format,primary_catalog_identity,hold_for_product_detail_verification,unknown,unknown,,,not_verified,false,Compatible Arkham Horror LCG core set. The matching Campaign Expansion is not automatically a required co-purchase.,,The later The Dream-Eaters Campaign Expansion repack contains this cycle's encounter content; its Investigator Expansion repack contains the player content. Check ownership to avoid buying duplicates.,,Collects the cycle's investigators and player cards; does not include its campaign scenarios.,product_or_cycle_description,,not_established,,,,,,,,,not_assessed,,,,,,,,,,not_recorded,,,not_verified,,,unknown,not_checked,https://www.fantasyflightgames.com/en/products/arkham-horror-the-card-game/,https://raw.githubusercontent.com/Kamalisk/arkhamdb-json-data/master/packs.json,publisher_and_community_database,structured_pack_catalog,product_name;base_game_association;product_type,catalog_verified_details_pending,2026-09-20,web_retrieval_or_search_index; not a legal/license audit,official_product_detail;edition;prerequisites;recommendation,not_established,US; regional availability not guaranteed,,,,,2026-09-20T14:35:11+00:00,fetch_failed,identity_not_established,https://www.fantasyflightgames.com/en/products/arkham-horror-the-card-game/,,src-766a6dc30fa82cb6,not_established,base_game_requirement | edition_compatibility_notes,,
rec_dd41dcd6ccb442,prd_0baaa6cfa7ffcf,game_arkham-horror-the-card-game,Arkham Horror: The Card Game,arkham-horror-the-card-game,The Drowned City Campaign Expansion,Fantasy Flight Games,campaign_expansion,,primary_catalog_identity,hold_for_product_detail_verification,unknown,unknown,,,not_verified,false,Compatible core set. Campaign and investigator products are separate purchases.,,,,New campaign scenarios.,product_or_cycle_description,,not_established,,,,,,,,,not_assessed,,,,,,,,,,not_recorded,,,not_verified,,,unknown,not_checked,https://www.fantasyflightgames.com/en/products/arkham-horror-the-card-game/,https://raw.githubusercontent.com/Kamalisk/arkhamdb-json-data/master/packs.json,publisher_and_community_database,structured_pack_catalog,product_name;base_game_association;product_type,catalog_verified_details_pending,2026-09-20,web_retrieval_or_search_index; not a legal/license audit,official_product_detail;edition;prerequisites;recommendation,not_established,US; regional availability not guaranteed,,,,,2026-09-20T14:35:11+00:00,fetch_failed,identity_not_established,https://www.fantasyflightgames.com/en/products/arkham-horror-the-card-game/,,src-766a6dc30fa82cb6,not_established,base_game_requirement | edition_compatibility_notes,,
rec_f1e80c8b208738,prd_d02871f5579f90,game_arkham-horror-the-card-game,Arkham Horror: The Card Game,arkham-horror-the-card-game,The Drowned City Investigator Expansion,Fantasy Flight Games,investigator_expansion,,primary_catalog_identity,hold_for_product_detail_verification,unknown,unknown,,,not_verified,false,Compatible core set. Campaign and investigator products are separate purchases.,,,,New investigators and player-card options.,product_or_cycle_description,,not_established,,,,,,,,,not_assessed,,,,,,,,,,not_recorded,,,not_verified,,,unknown,not_checked,https://www.fantasyflightgames.com/en/products/arkham-horror-the-card-game/,https://raw.githubusercontent.com/Kamalisk/arkhamdb-json-data/master/packs.json,publisher_and_community_database,structured_pack_catalog,product_name;base_game_association;product_type,catalog_verified_details_pending,2026-09-20,web_retrieval_or_search_index; not a legal/license audit,official_product_detail;edition;prerequisites;recommendation,not_established,US; regional availability not guaranteed,,,,,2026-09-20T14:35:11+00:00,fetch_failed,identity_not_established,https://www.fantasyflightgames.com/en/products/arkham-horror-the-card-game/,,src-766a6dc30fa82cb6,not_established,base_game_requirement | edition_compatibility_notes,,
rec_1ebd6cd466ed42,prd_7e60cb82c08d2d,game_arkham-horror-the-card-game,Arkham Horror: The Card Game,arkham-horror-the-card-game,The Dunwich Legacy (Original Deluxe Expansion),Fantasy Flight Games,deluxe_card_expansion,original deluxe-and-Mythos-pack format,secondary_catalog_identity,hold_for_product_detail_verification,unknown,unknown,,,not_verified,false,Compatible Arkham Horror LCG core set; this original deluxe box does not contain the complete cycle.,,The later The Dunwich Legacy Campaign Expansion repack contains this cycle's encounter content; its Investigator Expansion repack contains the player content. Check ownership to avoid buying duplicates.,,Opening scenarios and player cards for this campaign cycle.,product_or_cycle_description,,not_established,,,,,,,,,not_assessed,,,,,,,,,,not_recorded,,,not_verified,,,unknown,not_checked,,https://raw.githubusercontent.com/Kamalisk/arkhamdb-json-data/master/packs.json,community_database,structured_pack_catalog,product_name;base_game_association;product_type,secondary_catalog_details_pending,2026-09-20,web_retrieval_or_search_index; not a legal/license audit,official_product_detail;edition;prerequisites;recommendation,not_established,US; regional availability not guaranteed,,,,,2026-09-20T14:35:11+00:00,fetch_failed,identity_not_established,https://raw.githubusercontent.com/Kamalisk/arkhamdb-json-data/master/packs.json,,src-100f37782b083d56,not_established,base_game_requirement | edition_compatibility_notes,,
rec_e443c6fa8acd09,prd_4c286b200ce383,game_arkham-horror-the-card-game,Arkham Horror: The Card Game,arkham-horror-the-card-game,The Dunwich Legacy Campaign Expansion,Fantasy Flight Games,campaign_expansion,repackaged split campaign/investigator format,primary_catalog_identity,hold_for_product_detail_verification,unknown,unknown,,,not_verified,false,Compatible Arkham Horror LCG core set. The matching Investigator Expansion is not automatically a required co-purchase.,,The later The Dunwich Legacy Campaign Expansion repack contains this cycle's encounter content; its Investigator Expansion repack contains the player content. Check ownership to avoid buying duplicates.,,Collects the cycle's campaign encounter content; does not include its player-card collection.,product_or_cycle_description,,not_established,,,,,,,,,not_assessed,,,,,,,,,,not_recorded,,,not_verified,,,unknown,not_checked,https://www.fantasyflightgames.com/en/products/arkham-horror-the-card-game/,https://raw.githubusercontent.com/Kamalisk/arkhamdb-json-data/master/packs.json,publisher_and_community_database,structured_pack_catalog,product_name;base_game_association;product_type,catalog_verified_details_pending,2026-09-20,web_retrieval_or_search_index; not a legal/license audit,official_product_detail;edition;prerequisites;recommendation,not_established,US; regional availability not guaranteed,,,,,2026-09-20T14:35:11+00:00,fetch_failed,identity_not_established,https://www.fantasyflightgames.com/en/products/arkham-horror-the-card-game/,,src-766a6dc30fa82cb6,not_established,base_game_requirement | edition_compatibility_notes,,
rec_0fe9c124aa156a,prd_257a1a2f1a0e4f,game_arkham-horror-the-card-game,Arkham Horror: The Card Game,arkham-horror-the-card-game,The Dunwich Legacy Investigator Expansion,Fantasy Flight Games,investigator_expansion,repackaged split campaign/investigator format,primary_catalog_identity,hold_for_product_detail_verification,unknown,unknown,,,not_verified,false,Compatible Arkham Horror LCG core set. The matching Campaign Expansion is not automatically a required co-purchase.,,The later The Dunwich Legacy Campaign Expansion repack contains this cycle's encounter content; its Investigator Expansion repack contains the player content. Check ownership to avoid buying duplicates.,,Collects the cycle's investigators and player cards; does not include its campaign scenarios.,product_or_cycle_description,,not_established,,,,,,,,,not_assessed,,,,,,,,,,not_recorded,,,not_verified,,,unknown,not_checked,https://www.fantasyflightgames.com/en/products/arkham-horror-the-card-game/,https://raw.githubusercontent.com/Kamalisk/arkhamdb-json-data/master/packs.json,publisher_and_community_database,structured_pack_catalog,product_name;base_game_association;product_type,catalog_verified_details_pending,2026-09-20,web_retrieval_or_search_index; not a legal/license audit,official_product_detail;edition;prerequisites;recommendation,not_established,US; regional availability not guaranteed,,,,,2026-09-20T14:35:11+00:00,fetch_failed,identity_not_established,https://www.fantasyflightgames.com/en/products/arkham-horror-the-card-game/,,src-766a6dc30fa82cb6,not_established,base_game_requirement | edition_compatibility_notes,,
rec_d3f02edac32ce8,prd_39f9f63823bb7d,game_arkham-horror-the-card-game,Arkham Horror: The Card Game,arkham-horror-the-card-game,The Essex County Express,Fantasy Flight Games,mythos_pack,original Mythos-pack format,secondary_catalog_identity,hold_for_product_detail_verification,unknown,unknown,,,not_verified,false,Core set plus The Dunwich Legacy original deluxe expansion for encounter sets; campaign progression may require earlier scenarios.,Not a complete campaign. Sequence is not the same as a hard component prerequisite; do not interpret the pack number as a universal buy recommendation.,The later The Dunwich Legacy Campaign Expansion repack contains this cycle's encounter content; its Investigator Expansion repack contains the player content. Check ownership to avoid buying duplicates.,,A campaign-cycle scenario and player cards.,product_or_cycle_description,,not_established,,,,,,,,,not_assessed,,,,,,,,,,not_recorded,,,not_verified,,,unknown,not_checked,,https://raw.githubusercontent.com/Kamalisk/arkhamdb-json-data/master/packs.json,community_database,structured_pack_catalog,product_name;base_game_association;product_type,secondary_catalog_details_pending,2026-09-20,web_retrieval_or_search_index; not a legal/license audit,official_product_detail;edition;prerequisites;recommendation,not_established,US; regional availability not guaranteed,,,,,2026-09-20T14:35:11+00:00,fetch_failed,identity_not_established,https://raw.githubusercontent.com/Kamalisk/arkhamdb-json-data/master/packs.json,,src-100f37782b083d56,not_established,base_game_requirement,,
rec_abc94056355657,prd_94994eca836155,game_arkham-horror-the-card-game,Arkham Horror: The Card Game,arkham-horror-the-card-game,The Feast of Hemlock Vale Campaign Expansion,Fantasy Flight Games,campaign_expansion,,primary_catalog_identity,hold_for_product_detail_verification,unknown,unknown,,,not_verified,false,Compatible core set. Campaign and investigator products are separate purchases.,,,,New campaign scenarios.,product_or_cycle_description,,not_established,,,,,,,,,not_assessed,,,,,,,,,,not_recorded,,,not_verified,,,unknown,not_checked,https://www.fantasyflightgames.com/en/products/arkham-horror-the-card-game/,https://raw.githubusercontent.com/Kamalisk/arkhamdb-json-data/master/packs.json,publisher_and_community_database,structured_pack_catalog,product_name;base_game_association;product_type,catalog_verified_details_pending,2026-09-20,web_retrieval_or_search_index; not a legal/license audit,official_product_detail;edition;prerequisites;recommendation,not_established,US; regional availability not guaranteed,,,,,2026-09-20T14:35:11+00:00,fetch_failed,identity_not_established,https://www.fantasyflightgames.com/en/products/arkham-horror-the-card-game/,,src-766a6dc30fa82cb6,not_established,base_game_requirement | edition_compatibility_notes,,
rec_7c4bdd8106c78c,prd_fc4d18ab3b77b2,game_arkham-horror-the-card-game,Arkham Horror: The Card Game,arkham-horror-the-card-game,The Feast of Hemlock Vale Investigator Expansion,Fantasy Flight Games,investigator_expansion,,primary_catalog_identity,hold_for_product_detail_verification,unknown,unknown,,,not_verified,false,Compatible core set. Campaign and investigator products are separate purchases.,,,,New investigators and player-card options.,product_or_cycle_description,,not_established,,,,,,,,,not_assessed,,,,,,,,,,not_recorded,,,not_verified,,,unknown,not_checked,https://www.fantasyflightgames.com/en/products/arkham-horror-the-card-game/,https://raw.githubusercontent.com/Kamalisk/arkhamdb-json-data/master/packs.json,publisher_and_community_database,structured_pack_catalog,product_name;base_game_association;product_type,catalog_verified_details_pending,2026-09-20,web_retrieval_or_search_index; not a legal/license audit,official_product_detail;edition;prerequisites;recommendation,not_established,US; regional availability not guaranteed,,,,,2026-09-20T14:35:11+00:00,fetch_failed,identity_not_established,https://www.fantasyflightgames.com/en/products/arkham-horror-the-card-game/,,src-766a6dc30fa82cb6,not_established,base_game_requirement | edition_compatibility_notes,,
rec_52ef706ab6a76a,prd_1ed24f4871964d,game_arkham-horror-the-card-game,Arkham Horror: The Card Game,arkham-horror-the-card-game,The Forgotten Age (Original Deluxe Expansion),Fantasy Flight Games,deluxe_card_expansion,original deluxe-and-Mythos-pack format,secondary_catalog_identity,hold_for_product_detail_verification,unknown,unknown,,,not_verified,false,Compatible Arkham Horror LCG core set; this original deluxe box does not contain the complete cycle.,,The later The Forgotten Age Campaign Expansion repack contains this cycle's encounter content; its Investigator Expansion repack contains the player content. Check ownership to avoid buying duplicates.,,Opening scenarios and player cards for this campaign cycle.,product_or_cycle_description,,not_established,,,,,,,,,not_assessed,,,,,,,,,,not_recorded,,,not_verified,,,unknown,not_checked,,https://raw.githubusercontent.com/Kamalisk/arkhamdb-json-data/master/packs.json,community_database,structured_pack_catalog,product_name;base_game_association;product_type,secondary_catalog_details_pending,2026-09-20,web_retrieval_or_search_index; not a legal/license audit,official_product_detail;edition;prerequisites;recommendation,not_established,US; regional availability not guaranteed,,,,,2026-09-20T14:35:11+00:00,fetch_failed,identity_not_established,https://raw.githubusercontent.com/Kamalisk/arkhamdb-json-data/master/packs.json,,src-100f37782b083d56,not_established,base_game_requirement | edition_compatibility_notes,,
rec_41eb22d50072fd,prd_d4c8e78fba9492,game_arkham-horror-the-card-game,Arkham Horror: The Card Game,arkham-horror-the-card-game,The Forgotten Age Campaign Expansion,Fantasy Flight Games,campaign_expansion,repackaged split campaign/investigator format,primary_catalog_identity,hold_for_product_detail_verification,unknown,unknown,,,not_verified,false,Compatible Arkham Horror LCG core set. The matching Investigator Expansion is not automatically a required co-purchase.,,The later The Forgotten Age Campaign Expansion repack contains this cycle's encounter content; its Investigator Expansion repack contains the player content. Check ownership to avoid buying duplicates.,,Collects the cycle's campaign encounter content; does not include its player-card collection.,product_or_cycle_description,,not_established,,,,,,,,,not_assessed,,,,,,,,,,not_recorded,,,not_verified,,,unknown,not_checked,https://www.fantasyflightgames.com/en/products/arkham-horror-the-card-game/,https://raw.githubusercontent.com/Kamalisk/arkhamdb-json-data/master/packs.json,publisher_and_community_database,structured_pack_catalog,product_name;base_game_association;product_type,catalog_verified_details_pending,2026-09-20,web_retrieval_or_search_index; not a legal/license audit,official_product_detail;edition;prerequisites;recommendation,not_established,US; regional availability not guaranteed,,,,,2026-09-20T14:35:11+00:00,fetch_failed,identity_not_established,https://www.fantasyflightgames.com/en/products/arkham-horror-the-card-game/,,src-766a6dc30fa82cb6,not_established,base_game_requirement | edition_compatibility_notes,,
rec_00ad8f71952f0e,prd_a75a850ac1c2ae,game_arkham-horror-the-card-game,Arkham Horror: The Card Game,arkham-horror-the-card-game,The Forgotten Age Investigator Expansion,Fantasy Flight Games,investigator_expansion,repackaged split campaign/investigator format,primary_catalog_identity,hold_for_product_detail_verification,unknown,unknown,,,not_verified,false,Compatible Arkham Horror LCG core set. The matching Campaign Expansion is not automatically a required co-purchase.,,The later The Forgotten Age Campaign Expansion repack contains this cycle's encounter content; its Investigator Expansion repack contains the player content. Check ownership to avoid buying duplicates.,,Collects the cycle's investigators and player cards; does not include its campaign scenarios.,product_or_cycle_description,,not_established,,,,,,,,,not_assessed,,,,,,,,,,not_recorded,,,not_verified,,,unknown,not_checked,https://www.fantasyflightgames.com/en/products/arkham-horror-the-card-game/,https://raw.githubusercontent.com/Kamalisk/arkhamdb-json-data/master/packs.json,publisher_and_community_database,structured_pack_catalog,product_name;base_game_association;product_type,catalog_verified_details_pending,2026-09-20,web_retrieval_or_search_index; not a legal/license audit,official_product_detail;edition;prerequisites;recommendation,not_established,US; regional availability not guaranteed,,,,,2026-09-20T14:35:11+00:00,fetch_failed,identity_not_established,https://www.fantasyflightgames.com/en/products/arkham-horror-the-card-game/,,src-766a6dc30fa82cb6,not_established,base_game_requirement | edition_compatibility_notes,,
rec_d2376696020223,prd_2a407d84326de7,game_arkham-horror-the-card-game,Arkham Horror: The Card Game,arkham-horror-the-card-game,The Innsmouth Conspiracy (Original Deluxe Expansion),Fantasy Flight Games,deluxe_card_expansion,original deluxe-and-Mythos-pack format,secondary_catalog_identity,hold_for_product_detail_verification,unknown,unknown,,,not_verified,false,Compatible Arkham Horror LCG core set; this original deluxe box does not contain the complete cycle.,,The later The Innsmouth Conspiracy Campaign Expansion repack contains this cycle's encounter content; its Investigator Expansion repack contains the player content. Check ownership to avoid buying duplicates.,,Opening scenarios and player cards for this campaign cycle.,product_or_cycle_description,,not_established,,,,,,,,,not_assessed,,,,,,,,,,not_recorded,,,not_verified,,,unknown,not_checked,,https://raw.githubusercontent.com/Kamalisk/arkhamdb-json-data/master/packs.json,community_database,structured_pack_catalog,product_name;base_game_association;product_type,secondary_catalog_details_pending,2026-09-20,web_retrieval_or_search_index; not a legal/license audit,official_product_detail;edition;prerequisites;recommendation,not_established,US; regional availability not guaranteed,,,,,2026-09-20T14:35:11+00:00,fetch_failed,identity_not_established,https://raw.githubusercontent.com/Kamalisk/arkhamdb-json-data/master/packs.json,,src-100f37782b083d56,not_established,base_game_requirement | edition_compatibility_notes,,
rec_0f5b4b61306b5c,prd_2226ff54216e10,game_arkham-horror-the-card-game,Arkham Horror: The Card Game,arkham-horror-the-card-game,The Innsmouth Conspiracy Campaign Expansion,Fantasy Flight Games,campaign_expansion,repackaged split campaign/investigator format,primary_catalog_identity,hold_for_product_detail_verification,unknown,unknown,,,not_verified,false,Compatible Arkham Horror LCG core set. The matching Investigator Expansion is not automatically a required co-purchase.,,The later The Innsmouth Conspiracy Campaign Expansion repack contains this cycle's encounter content; its Investigator Expansion repack contains the player content. Check ownership to avoid buying duplicates.,,Collects the cycle's campaign encounter content; does not include its player-card collection.,product_or_cycle_description,,not_established,,,,,,,,,not_assessed,,,,,,,,,,not_recorded,,,not_verified,,,unknown,not_checked,https://www.fantasyflightgames.com/en/products/arkham-horror-the-card-game/,https://raw.githubusercontent.com/Kamalisk/arkhamdb-json-data/master/packs.json,publisher_and_community_database,structured_pack_catalog,product_name;base_game_association;product_type,catalog_verified_details_pending,2026-09-20,web_retrieval_or_search_index; not a legal/license audit,official_product_detail;edition;prerequisites;recommendation,not_established,US; regional availability not guaranteed,,,,,2026-09-20T14:35:11+00:00,fetch_failed,identity_not_established,https://www.fantasyflightgames.com/en/products/arkham-horror-the-card-game/,,src-766a6dc30fa82cb6,not_established,base_game_requirement | edition_compatibility_notes,,
rec_f93b91ec88d3b8,prd_53e8918e9da49c,game_arkham-horror-the-card-game,Arkham Horror: The Card Game,arkham-horror-the-card-game,The Innsmouth Conspiracy Investigator Expansion,Fantasy Flight Games,investigator_expansion,repackaged split campaign/investigator format,primary_catalog_identity,hold_for_product_detail_verification,unknown,unknown,,,not_verified,false,Compatible Arkham Horror LCG core set. The matching Campaign Expansion is not automatically a required co-purchase.,,The later The Innsmouth Conspiracy Campaign Expansion repack contains this cycle's encounter content; its Investigator Expansion repack contains the player content. Check ownership to avoid buying duplicates.,,Collects the cycle's investigators and player cards; does not include its campaign scenarios.,product_or_cycle_description,,not_established,,,,,,,,,not_assessed,,,,,,,,,,not_recorded,,,not_verified,,,unknown,not_checked,https://www.fantasyflightgames.com/en/products/arkham-horror-the-card-game/,https://raw.githubusercontent.com/Kamalisk/arkhamdb-json-data/master/packs.json,publisher_and_community_database,structured_pack_catalog,product_name;base_game_association;product_type,catalog_verified_details_pending,2026-09-20,web_retrieval_or_search_index; not a legal/license audit,official_product_detail;edition;prerequisites;recommendation,not_established,US; regional availability not guaranteed,,,,,2026-09-20T14:35:11+00:00,fetch_failed,identity_not_established,https://www.fantasyflightgames.com/en/products/arkham-horror-the-card-game/,,src-766a6dc30fa82cb6,not_established,base_game_requirement | edition_compatibility_notes,,
rec_61d355a0dcb6bd,prd_437dc91b4d3dc6,game_arkham-horror-the-card-game,Arkham Horror: The Card Game,arkham-horror-the-card-game,The Labyrinths of Lunacy,Fantasy Flight Games,scenario_pack,,primary_catalog_identity,hold_for_product_detail_verification,unknown,unknown,,,not_verified,false,Compatible core components and legal investigator decks; scenario-specific setup rules apply.,Standalone scenario does not mean standalone game. Special multi-group modes may have different requirements.,,,Additional scenario content; inspect rules for standalone or campaign insertion and multiplayer modes.,product_or_cycle_description,,not_established,,,,,,,,,not_assessed,,,,,,,,,,not_recorded,,,not_verified,,,unknown,not_checked,https://www.fantasyflightgames.com/en/products/arkham-horror-the-card-game/,https://raw.githubusercontent.com/Kamalisk/arkhamdb-json-data/master/packs.json,publisher_and_community_database,structured_pack_catalog,product_name;base_game_association;product_type,catalog_verified_details_pending,2026-09-20,web_retrieval_or_search_index; not a legal/license audit,official_product_detail;edition;prerequisites;recommendation,not_established,US; regional availability not guaranteed,,,,,2026-09-20T14:35:11+00:00,fetch_failed,identity_not_established,https://www.fantasyflightgames.com/en/products/arkham-horror-the-card-game/,,src-766a6dc30fa82cb6,not_established,base_game_requirement,,
rec_8dd6bd6c4511d2,prd_6bdd28bc450d9c,game_arkham-horror-the-card-game,Arkham Horror: The Card Game,arkham-horror-the-card-game,The Lair of Dagon,Fantasy Flight Games,mythos_pack,original Mythos-pack format,secondary_catalog_identity,hold_for_product_detail_verification,unknown,unknown,,,not_verified,false,Core set plus The Innsmouth Conspiracy original deluxe expansion for encounter sets; campaign progression may require earlier scenarios.,Not a complete campaign. Sequence is not the same as a hard component prerequisite; do not interpret the pack number as a universal buy recommendation.,The later The Innsmouth Conspiracy Campaign Expansion repack contains this cycle's encounter content; its Investigator Expansion repack contains the player content. Check ownership to avoid buying duplicates.,,A campaign-cycle scenario and player cards.,product_or_cycle_description,,not_established,,,,,,,,,not_assessed,,,,,,,,,,not_recorded,,,not_verified,,,unknown,not_checked,,https://raw.githubusercontent.com/Kamalisk/arkhamdb-json-data/master/packs.json,community_database,structured_pack_catalog,product_name;base_game_association;product_type,secondary_catalog_details_pending,2026-09-20,web_retrieval_or_search_index; not a legal/license audit,official_product_detail;edition;prerequisites;recommendation,not_established,US; regional availability not guaranteed,,,,,2026-09-20T14:35:11+00:00,fetch_failed,identity_not_established,https://raw.githubusercontent.com/Kamalisk/arkhamdb-json-data/master/packs.json,,src-100f37782b083d56,not_established,base_game_requirement,,
rec_60af3e298ca59b,prd_3e6ddd5a51dd54,game_arkham-horror-the-card-game,Arkham Horror: The Card Game,arkham-horror-the-card-game,The Meddling of Meowlathotep,Fantasy Flight Games,official_print_and_play,,primary_catalog_identity,hold_for_product_detail_verification,unknown,unknown,,,not_verified,false,,,,,Official downloadable scenario material.,product_or_cycle_description,,not_established,,,,,,,,,not_assessed,,,,,,,,,,not_recorded,,,not_verified,,,unknown,not_checked,https://www.fantasyflightgames.com/en/products/arkham-horror-the-card-game/,,publisher,catalog,product_name;base_game_association,catalog_verified_details_pending,2026-09-20,web_retrieval_or_search_index; not a legal/license audit,prerequisites;edition;recommendation,not_established,US; regional availability not guaranteed,,,,,2026-09-20T14:35:11+00:00,fetch_failed,identity_not_established,https://www.fantasyflightgames.com/en/products/arkham-horror-the-card-game/,,src-766a6dc30fa82cb6,not_established,base_game_requirement | edition_compatibility_notes,,
rec_ba6e7f7f8a394d,prd_dc74ae544bb44d,game_arkham-horror-the-card-game,Arkham Horror: The Card Game,arkham-horror-the-card-game,The Midwinter Gala,Fantasy Flight Games,scenario_pack,,primary_catalog_identity,hold_for_product_detail_verification,unknown,unknown,,,not_verified,false,Compatible core components and legal investigator decks; scenario-specific setup rules apply.,Standalone scenario does not mean standalone game. Special multi-group modes may have different requirements.,,,Additional scenario content; inspect rules for standalone or campaign insertion and multiplayer modes.,product_or_cycle_description,,not_established,,,,,,,,,not_assessed,,,,,,,,,,not_recorded,,,not_verified,,,unknown,not_checked,https://www.fantasyflightgames.com/en/products/arkham-horror-the-card-game/,https://raw.githubusercontent.com/Kamalisk/arkhamdb-json-data/master/packs.json,publisher_and_community_database,structured_pack_catalog,product_name;base_game_association;product_type,catalog_verified_details_pending,2026-09-20,web_retrieval_or_search_index; not a legal/license audit,official_product_detail;edition;prerequisites;recommendation,not_established,US; regional availability not guaranteed,,,,,2026-09-20T14:35:11+00:00,fetch_failed,identity_not_established,https://www.fantasyflightgames.com/en/products/arkham-horror-the-card-game/,,src-766a6dc30fa82cb6,not_established,base_game_requirement,,
rec_3b95b753a9cfcf,prd_d8f753ed496d71,game_arkham-horror-the-card-game,Arkham Horror: The Card Game,arkham-horror-the-card-game,The Miskatonic Museum,Fantasy Flight Games,mythos_pack,original Mythos-pack format,secondary_catalog_identity,hold_for_product_detail_verification,unknown,unknown,,,not_verified,false,Core set plus The Dunwich Legacy original deluxe expansion for encounter sets; campaign progression may require earlier scenarios.,Not a complete campaign. Sequence is not the same as a hard component prerequisite; do not interpret the pack number as a universal buy recommendation.,The later The Dunwich Legacy Campaign Expansion repack contains this cycle's encounter content; its Investigator Expansion repack contains the player content. Check ownership to avoid buying duplicates.,,A campaign-cycle scenario and player cards.,product_or_cycle_description,,not_established,,,,,,,,,not_assessed,,,,,,,,,,not_recorded,,,not_verified,,,unknown,not_checked,,https://raw.githubusercontent.com/Kamalisk/arkhamdb-json-data/master/packs.json,community_database,structured_pack_catalog,product_name;base_game_association;product_type,secondary_catalog_details_pending,2026-09-20,web_retrieval_or_search_index; not a legal/license audit,official_product_detail;edition;prerequisites;recommendation,not_established,US; regional availability not guaranteed,,,,,2026-09-20T14:35:11+00:00,fetch_failed,identity_not_established,https://raw.githubusercontent.com/Kamalisk/arkhamdb-json-data/master/packs.json,,src-100f37782b083d56,not_established,base_game_requirement,,
rec_fb5a5d31ad6255,prd_d1399b219a8b0d,game_arkham-horror-the-card-game,Arkham Horror: The Card Game,arkham-horror-the-card-game,The Pallid Mask,Fantasy Flight Games,mythos_pack,original Mythos-pack format,secondary_catalog_identity,hold_for_product_detail_verification,unknown,unknown,,,not_verified,false,Core set plus The Path to Carcosa original deluxe expansion for encounter sets; campaign progression may require earlier scenarios.,Not a complete campaign. Sequence is not the same as a hard component prerequisite; do not interpret the pack number as a universal buy recommendation.,The later The Path to Carcosa Campaign Expansion repack contains this cycle's encounter content; its Investigator Expansion repack contains the player content. Check ownership to avoid buying duplicates.,,A campaign-cycle scenario and player cards.,product_or_cycle_description,,not_established,,,,,,,,,not_assessed,,,,,,,,,,not_recorded,,,not_verified,,,unknown,not_checked,,https://raw.githubusercontent.com/Kamalisk/arkhamdb-json-data/master/packs.json,community_database,structured_pack_catalog,product_name;base_game_association;product_type,secondary_catalog_details_pending,2026-09-20,web_retrieval_or_search_index; not a legal/license audit,official_product_detail;edition;prerequisites;recommendation,not_established,US; regional availability not guaranteed,,,,,2026-09-20T14:35:11+00:00,fetch_failed,identity_not_established,https://raw.githubusercontent.com/Kamalisk/arkhamdb-json-data/master/packs.json,,src-100f37782b083d56,not_established,base_game_requirement,,
rec_dd929dc85ddc38,prd_a1569a7147be07,game_arkham-horror-the-card-game,Arkham Horror: The Card Game,arkham-horror-the-card-game,The Path to Carcosa (Original Deluxe Expansion),Fantasy Flight Games,deluxe_card_expansion,original deluxe-and-Mythos-pack format,secondary_catalog_identity,hold_for_product_detail_verification,unknown,unknown,,,not_verified,false,Compatible Arkham Horror LCG core set; this original deluxe box does not contain the complete cycle.,,The later The Path to Carcosa Campaign Expansion repack contains this cycle's encounter content; its Investigator Expansion repack contains the player content. Check ownership to avoid buying duplicates.,,Opening scenarios and player cards for this campaign cycle.,product_or_cycle_description,,not_established,,,,,,,,,not_assessed,,,,,,,,,,not_recorded,,,not_verified,,,unknown,not_checked,,https://raw.githubusercontent.com/Kamalisk/arkhamdb-json-data/master/packs.json,community_database,structured_pack_catalog,product_name;base_game_association;product_type,secondary_catalog_details_pending,2026-09-20,web_retrieval_or_search_index; not a legal/license audit,official_product_detail;edition;prerequisites;recommendation,not_established,US; regional availability not guaranteed,,,,,2026-09-20T14:35:11+00:00,fetch_failed,identity_not_established,https://raw.githubusercontent.com/Kamalisk/arkhamdb-json-data/master/packs.json,,src-100f37782b083d56,not_established,base_game_requirement | edition_compatibility_notes,,
rec_2d2be7d365a4a1,prd_ade9497e2844fb,game_arkham-horror-the-card-game,Arkham Horror: The Card Game,arkham-horror-the-card-game,The Path to Carcosa Campaign Expansion,Fantasy Flight Games,campaign_expansion,repackaged split campaign/investigator format,primary_catalog_identity,hold_for_product_detail_verification,unknown,unknown,,,not_verified,false,Compatible Arkham Horror LCG core set. The matching Investigator Expansion is not automatically a required co-purchase.,,The later The Path to Carcosa Campaign Expansion repack contains this cycle's encounter content; its Investigator Expansion repack contains the player content. Check ownership to avoid buying duplicates.,,Collects the cycle's campaign encounter content; does not include its player-card collection.,product_or_cycle_description,,not_established,,,,,,,,,not_assessed,,,,,,,,,,not_recorded,,,not_verified,,,unknown,not_checked,https://www.fantasyflightgames.com/en/products/arkham-horror-the-card-game/,https://raw.githubusercontent.com/Kamalisk/arkhamdb-json-data/master/packs.json,publisher_and_community_database,structured_pack_catalog,product_name;base_game_association;product_type,catalog_verified_details_pending,2026-09-20,web_retrieval_or_search_index; not a legal/license audit,official_product_detail;edition;prerequisites;recommendation,not_established,US; regional availability not guaranteed,,,,,2026-09-20T14:35:11+00:00,fetch_failed,identity_not_established,https://www.fantasyflightgames.com/en/products/arkham-horror-the-card-game/,,src-766a6dc30fa82cb6,not_established,base_game_requirement | edition_compatibility_notes,,
rec_84f09cdf37f632,prd_95583095c4f359,game_arkham-horror-the-card-game,Arkham Horror: The Card Game,arkham-horror-the-card-game,The Path to Carcosa Investigator Expansion,Fantasy Flight Games,investigator_expansion,repackaged split campaign/investigator format,primary_catalog_identity,hold_for_product_detail_verification,unknown,unknown,,,not_verified,false,Compatible Arkham Horror LCG core set. The matching Campaign Expansion is not automatically a required co-purchase.,,The later The Path to Carcosa Campaign Expansion repack contains this cycle's encounter content; its Investigator Expansion repack contains the player content. Check ownership to avoid buying duplicates.,,Collects the cycle's investigators and player cards; does not include its campaign scenarios.,product_or_cycle_description,,not_established,,,,,,,,,not_assessed,,,,,,,,,,not_recorded,,,not_verified,,,unknown,not_checked,https://www.fantasyflightgames.com/en/products/arkham-horror-the-card-game/,https://raw.githubusercontent.com/Kamalisk/arkhamdb-json-data/master/packs.json,publisher_and_community_database,structured_pack_catalog,product_name;base_game_association;product_type,catalog_verified_details_pending,2026-09-20,web_retrieval_or_search_index; not a legal/license audit,official_product_detail;edition;prerequisites;recommendation,not_established,US; regional availability not guaranteed,,,,,2026-09-20T14:35:11+00:00,fetch_failed,identity_not_established,https://www.fantasyflightgames.com/en/products/arkham-horror-the-card-game/,,src-766a6dc30fa82cb6,not_established,base_game_requirement | edition_compatibility_notes,,
rec_8d93bd696fd98a,prd_07cf1a3840e99c,game_arkham-horror-the-card-game,Arkham Horror: The Card Game,arkham-horror-the-card-game,The Scarlet Keys Campaign Expansion,Fantasy Flight Games,campaign_expansion,,primary_catalog_identity,hold_for_product_detail_verification,unknown,unknown,,,not_verified,false,Compatible core set. Campaign and investigator products are separate purchases.,,,,New campaign scenarios.,product_or_cycle_description,,not_established,,,,,,,,,not_assessed,,,,,,,,,,not_recorded,,,not_verified,,,unknown,not_checked,https://www.fantasyflightgames.com/en/products/arkham-horror-the-card-game/,https://raw.githubusercontent.com/Kamalisk/arkhamdb-json-data/master/packs.json,publisher_and_community_database,structured_pack_catalog,product_name;base_game_association;product_type,catalog_verified_details_pending,2026-09-20,web_retrieval_or_search_index; not a legal/license audit,official_product_detail;edition;prerequisites;recommendation,not_established,US; regional availability not guaranteed,,,,,2026-09-20T14:35:11+00:00,fetch_failed,identity_not_established,https://www.fantasyflightgames.com/en/products/arkham-horror-the-card-game/,,src-766a6dc30fa82cb6,not_established,base_game_requirement | edition_compatibility_notes,,
rec_fa96e227d471bc,prd_2c878173ab739b,game_arkham-horror-the-card-game,Arkham Horror: The Card Game,arkham-horror-the-card-game,The Scarlet Keys Investigator Expansion,Fantasy Flight Games,investigator_expansion,,primary_catalog_identity,hold_for_product_detail_verification,unknown,unknown,,,not_verified,false,Compatible core set. Campaign and investigator products are separate purchases.,,,,New investigators and player-card options.,product_or_cycle_description,,not_established,,,,,,,,,not_assessed,,,,,,,,,,not_recorded,,,not_verified,,,unknown,not_checked,https://www.fantasyflightgames.com/en/products/arkham-horror-the-card-game/,https://raw.githubusercontent.com/Kamalisk/arkhamdb-json-data/master/packs.json,publisher_and_community_database,structured_pack_catalog,product_name;base_game_association;product_type,catalog_verified_details_pending,2026-09-20,web_retrieval_or_search_index; not a legal/license audit,official_product_detail;edition;prerequisites;recommendation,not_established,US; regional availability not guaranteed,,,,,2026-09-20T14:35:11+00:00,fetch_failed,identity_not_established,https://www.fantasyflightgames.com/en/products/arkham-horror-the-card-game/,,src-766a6dc30fa82cb6,not_established,base_game_requirement | edition_compatibility_notes,,
rec_13e304584f517f,prd_3e7c3e39192f7d,game_arkham-horror-the-card-game,Arkham Horror: The Card Game,arkham-horror-the-card-game,The Search for Kadath,Fantasy Flight Games,mythos_pack,original Mythos-pack format,secondary_catalog_identity,hold_for_product_detail_verification,unknown,unknown,,,not_verified,false,Core set plus The Dream-Eaters original deluxe expansion for encounter sets; campaign progression may require earlier scenarios.,Not a complete campaign. Sequence is not the same as a hard component prerequisite; do not interpret the pack number as a universal buy recommendation.,The later The Dream-Eaters Campaign Expansion repack contains this cycle's encounter content; its Investigator Expansion repack contains the player content. Check ownership to avoid buying duplicates.,,A campaign-cycle scenario and player cards.,product_or_cycle_description,,not_established,,,,,,,,,not_assessed,,,,,,,,,,not_recorded,,,not_verified,,,unknown,not_checked,,https://raw.githubusercontent.com/Kamalisk/arkhamdb-json-data/master/packs.json,community_database,structured_pack_catalog,product_name;base_game_association;product_type,secondary_catalog_details_pending,2026-09-20,web_retrieval_or_search_index; not a legal/license audit,official_product_detail;edition;prerequisites;recommendation,not_established,US; regional availability not guaranteed,,,,,2026-09-20T14:35:11+00:00,fetch_failed,identity_not_established,https://raw.githubusercontent.com/Kamalisk/arkhamdb-json-data/master/packs.json,,src-100f37782b083d56,not_established,base_game_requirement,,
rec_19979563cac2f0,prd_83908acfbd3878,game_arkham-horror-the-card-game,Arkham Horror: The Card Game,arkham-horror-the-card-game,The Secret Name,Fantasy Flight Games,mythos_pack,original Mythos-pack format,secondary_catalog_identity,hold_for_product_detail_verification,unknown,unknown,,,not_verified,false,Core set plus The Circle Undone original deluxe expansion for encounter sets; campaign progression may require earlier scenarios.,Not a complete campaign. Sequence is not the same as a hard component prerequisite; do not interpret the pack number as a universal buy recommendation.,The later The Circle Undone Campaign Expansion repack contains this cycle's encounter content; its Investigator Expansion repack contains the player content. Check ownership to avoid buying duplicates.,,A campaign-cycle scenario and player cards.,product_or_cycle_description,,not_established,,,,,,,,,not_assessed,,,,,,,,,,not_recorded,,,not_verified,,,unknown,not_checked,,https://raw.githubusercontent.com/Kamalisk/arkhamdb-json-data/master/packs.json,community_database,structured_pack_catalog,product_name;base_game_association;product_type,secondary_catalog_details_pending,2026-09-20,web_retrieval_or_search_index; not a legal/license audit,official_product_detail;edition;prerequisites;recommendation,not_established,US; regional availability not guaranteed,,,,,2026-09-20T14:35:11+00:00,fetch_failed,identity_not_established,https://raw.githubusercontent.com/Kamalisk/arkhamdb-json-data/master/packs.json,,src-100f37782b083d56,not_established,base_game_requirement,,
rec_bf7916a8f80e60,prd_44c92799b92679,game_arkham-horror-the-card-game,Arkham Horror: The Card Game,arkham-horror-the-card-game,The Unspeakable Oath,Fantasy Flight Games,mythos_pack,original Mythos-pack format,secondary_catalog_identity,hold_for_product_detail_verification,unknown,unknown,,,not_verified,false,Core set plus The Path to Carcosa original deluxe expansion for encounter sets; campaign progression may require earlier scenarios.,Not a complete campaign. Sequence is not the same as a hard component prerequisite; do not interpret the pack number as a universal buy recommendation.,The later The Path to Carcosa Campaign Expansion repack contains this cycle's encounter content; its Investigator Expansion repack contains the player content. Check ownership to avoid buying duplicates.,,A campaign-cycle scenario and player cards.,product_or_cycle_description,,not_established,,,,,,,,,not_assessed,,,,,,,,,,not_recorded,,,not_verified,,,unknown,not_checked,,https://raw.githubusercontent.com/Kamalisk/arkhamdb-json-data/master/packs.json,community_database,structured_pack_catalog,product_name;base_game_association;product_type,secondary_catalog_details_pending,2026-09-20,web_retrieval_or_search_index; not a legal/license audit,official_product_detail;edition;prerequisites;recommendation,not_established,US; regional availability not guaranteed,,,,,2026-09-20T14:35:11+00:00,fetch_failed,identity_not_established,https://raw.githubusercontent.com/Kamalisk/arkhamdb-json-data/master/packs.json,,src-100f37782b083d56,not_established,base_game_requirement,,
rec_83e8de66690d02,prd_847e18009a024d,game_arkham-horror-the-card-game,Arkham Horror: The Card Game,arkham-horror-the-card-game,The Wages of Sin,Fantasy Flight Games,mythos_pack,original Mythos-pack format,secondary_catalog_identity,hold_for_product_detail_verification,unknown,unknown,,,not_verified,false,Core set plus The Circle Undone original deluxe expansion for encounter sets; campaign progression may require earlier scenarios.,Not a complete campaign. Sequence is not the same as a hard component prerequisite; do not interpret the pack number as a universal buy recommendation.,The later The Circle Undone Campaign Expansion repack contains this cycle's encounter content; its Investigator Expansion repack contains the player content. Check ownership to avoid buying duplicates.,,A campaign-cycle scenario and player cards.,product_or_cycle_description,,not_established,,,,,,,,,not_assessed,,,,,,,,,,not_recorded,,,not_verified,,,unknown,not_checked,,https://raw.githubusercontent.com/Kamalisk/arkhamdb-json-data/master/packs.json,community_database,structured_pack_catalog,product_name;base_game_association;product_type,secondary_catalog_details_pending,2026-09-20,web_retrieval_or_search_index; not a legal/license audit,official_product_detail;edition;prerequisites;recommendation,not_established,US; regional availability not guaranteed,,,,,2026-09-20T14:35:11+00:00,fetch_failed,identity_not_established,https://raw.githubusercontent.com/Kamalisk/arkhamdb-json-data/master/packs.json,,src-100f37782b083d56,not_established,base_game_requirement,,
rec_8a156311331543,prd_fd84c90304e279,game_arkham-horror-the-card-game,Arkham Horror: The Card Game,arkham-horror-the-card-game,Threads of Fate,Fantasy Flight Games,mythos_pack,original Mythos-pack format,secondary_catalog_identity,hold_for_product_detail_verification,unknown,unknown,,,not_verified,false,Core set plus The Forgotten Age original deluxe expansion for encounter sets; campaign progression may require earlier scenarios.,Not a complete campaign. Sequence is not the same as a hard component prerequisite; do not interpret the pack number as a universal buy recommendation.,The later The Forgotten Age Campaign Expansion repack contains this cycle's encounter content; its Investigator Expansion repack contains the player content. Check ownership to avoid buying duplicates.,,A campaign-cycle scenario and player cards.,product_or_cycle_description,,not_established,,,,,,,,,not_assessed,,,,,,,,,,not_recorded,,,not_verified,,,unknown,not_checked,,https://raw.githubusercontent.com/Kamalisk/arkhamdb-json-data/master/packs.json,community_database,structured_pack_catalog,product_name;base_game_association;product_type,secondary_catalog_details_pending,2026-09-20,web_retrieval_or_search_index; not a legal/license audit,official_product_detail;edition;prerequisites;recommendation,not_established,US; regional availability not guaranteed,,,,,2026-09-20T14:35:11+00:00,fetch_failed,identity_not_established,https://raw.githubusercontent.com/Kamalisk/arkhamdb-json-data/master/packs.json,,src-100f37782b083d56,not_established,base_game_requirement,,
rec_8e4f3e5bbfdbf9,prd_a02e0be0b33eb1,game_arkham-horror-the-card-game,Arkham Horror: The Card Game,arkham-horror-the-card-game,To Fight the Black Wind Promo Cards,Fantasy Flight Games,novella_promo_cards,,secondary_catalog_identity,hold_for_product_detail_verification,unknown,unknown,,,not_verified,false,,Check whether the specific book printing includes cards; content may overlap later investigator releases.,,,"Promotional investigator-related cards associated with the novella, not the prose book itself.",product_or_cycle_description,,not_established,,,,,,,,,not_assessed,,,,,,,,,,not_recorded,,,not_verified,,,unknown,not_checked,,https://raw.githubusercontent.com/Kamalisk/arkhamdb-json-data/master/packs.json,community_database,structured_pack_catalog,product_name;base_game_association;product_type,secondary_catalog_details_pending,2026-09-20,web_retrieval_or_search_index; not a legal/license audit,official_product_detail;edition;prerequisites;recommendation,not_established,US; regional availability not guaranteed,,,,,2026-09-20T14:35:11+00:00,fetch_failed,identity_not_established,https://raw.githubusercontent.com/Kamalisk/arkhamdb-json-data/master/packs.json,,src-100f37782b083d56,not_established,base_game_requirement,,
rec_43197dd27a7ee1,prd_4622735a72b3c0,game_arkham-horror-the-card-game,Arkham Horror: The Card Game,arkham-horror-the-card-game,Tommy Muldoon Investigator Starter Deck,Fantasy Flight Games,investigator_starter_deck,,primary_catalog_identity,hold_for_product_detail_verification,unknown,unknown,,,not_verified,false,Compatible core set and a scenario to play.,,,,A ready-to-play investigator deck and upgrade options; not a campaign.,product_or_cycle_description,,not_established,,,,,,,,,not_assessed,,,,,,,,,,not_recorded,,,not_verified,,,unknown,not_checked,https://www.fantasyflightgames.com/en/products/arkham-horror-the-card-game/,https://raw.githubusercontent.com/Kamalisk/arkhamdb-json-data/master/packs.json,publisher_and_community_database,structured_pack_catalog,product_name;base_game_association;product_type,catalog_verified_details_pending,2026-09-20,web_retrieval_or_search_index; not a legal/license audit,official_product_detail;edition;prerequisites;recommendation,not_established,US; regional availability not guaranteed,,,,,2026-09-20T14:35:11+00:00,fetch_failed,identity_not_established,https://www.fantasyflightgames.com/en/products/arkham-horror-the-card-game/,,src-766a6dc30fa82cb6,not_established,base_game_requirement | edition_compatibility_notes,,
rec_d48807cdbe05e0,prd_d063ff6405b6b1,game_arkham-horror-the-card-game,Arkham Horror: The Card Game,arkham-horror-the-card-game,Undimensioned and Unseen,Fantasy Flight Games,mythos_pack,original Mythos-pack format,secondary_catalog_identity,hold_for_product_detail_verification,unknown,unknown,,,not_verified,false,Core set plus The Dunwich Legacy original deluxe expansion for encounter sets; campaign progression may require earlier scenarios.,Not a complete campaign. Sequence is not the same as a hard component prerequisite; do not interpret the pack number as a universal buy recommendation.,The later The Dunwich Legacy Campaign Expansion repack contains this cycle's encounter content; its Investigator Expansion repack contains the player content. Check ownership to avoid buying duplicates.,,A campaign-cycle scenario and player cards.,product_or_cycle_description,,not_established,,,,,,,,,not_assessed,,,,,,,,,,not_recorded,,,not_verified,,,unknown,not_checked,,https://raw.githubusercontent.com/Kamalisk/arkhamdb-json-data/master/packs.json,community_database,structured_pack_catalog,product_name;base_game_association;product_type,secondary_catalog_details_pending,2026-09-20,web_retrieval_or_search_index; not a legal/license audit,official_product_detail;edition;prerequisites;recommendation,not_established,US; regional availability not guaranteed,,,,,2026-09-20T14:35:11+00:00,fetch_failed,identity_not_established,https://raw.githubusercontent.com/Kamalisk/arkhamdb-json-data/master/packs.json,,src-100f37782b083d56,not_established,base_game_requirement,,
rec_2e1adf48dd36e3,prd_d8db226ff63239,game_arkham-horror-the-card-game,Arkham Horror: The Card Game,arkham-horror-the-card-game,Union and Disillusion,Fantasy Flight Games,mythos_pack,original Mythos-pack format,secondary_catalog_identity,hold_for_product_detail_verification,unknown,unknown,,,not_verified,false,Core set plus The Circle Undone original deluxe expansion for encounter sets; campaign progression may require earlier scenarios.,Not a complete campaign. Sequence is not the same as a hard component prerequisite; do not interpret the pack number as a universal buy recommendation.,The later The Circle Undone Campaign Expansion repack contains this cycle's encounter content; its Investigator Expansion repack contains the player content. Check ownership to avoid buying duplicates.,,A campaign-cycle scenario and player cards.,product_or_cycle_description,,not_established,,,,,,,,,not_assessed,,,,,,,,,,not_recorded,,,not_verified,,,unknown,not_checked,,https://raw.githubusercontent.com/Kamalisk/arkhamdb-json-data/master/packs.json,community_database,structured_pack_catalog,product_name;base_game_association;product_type,secondary_catalog_details_pending,2026-09-20,web_retrieval_or_search_index; not a legal/license audit,official_product_detail;edition;prerequisites;recommendation,not_established,US; regional availability not guaranteed,,,,,2026-09-20T14:35:11+00:00,fetch_failed,identity_not_established,https://raw.githubusercontent.com/Kamalisk/arkhamdb-json-data/master/packs.json,,src-100f37782b083d56,not_established,base_game_requirement,,
rec_f0eab169514f96,prd_0393016e8fda11,game_arkham-horror-the-card-game,Arkham Horror: The Card Game,arkham-horror-the-card-game,War of the Outer Gods,Fantasy Flight Games,scenario_pack,,primary_catalog_identity,hold_for_product_detail_verification,unknown,unknown,,,not_verified,false,Compatible core components and legal investigator decks; scenario-specific setup rules apply.,Standalone scenario does not mean standalone game. Special multi-group modes may have different requirements.,,,Additional scenario content; inspect rules for standalone or campaign insertion and multiplayer modes.,product_or_cycle_description,,not_established,,,,,,,,,not_assessed,,,,,,,,,,not_recorded,,,not_verified,,,unknown,not_checked,https://www.fantasyflightgames.com/en/products/arkham-horror-the-card-game/,https://raw.githubusercontent.com/Kamalisk/arkhamdb-json-data/master/packs.json,publisher_and_community_database,structured_pack_catalog,product_name;base_game_association;product_type,catalog_verified_details_pending,2026-09-20,web_retrieval_or_search_index; not a legal/license audit,official_product_detail;edition;prerequisites;recommendation,not_established,US; regional availability not guaranteed,,,,,2026-09-20T14:35:11+00:00,fetch_failed,identity_not_established,https://www.fantasyflightgames.com/en/products/arkham-horror-the-card-game/,,src-766a6dc30fa82cb6,not_established,base_game_requirement,,
rec_e4a7fda1da0898,prd_c5b94e8a7fb813,game_arkham-horror-the-card-game,Arkham Horror: The Card Game,arkham-horror-the-card-game,Weaver of the Cosmos,Fantasy Flight Games,mythos_pack,original Mythos-pack format,secondary_catalog_identity,hold_for_product_detail_verification,unknown,unknown,,,not_verified,false,Core set plus The Dream-Eaters original deluxe expansion for encounter sets; campaign progression may require earlier scenarios.,Not a complete campaign. Sequence is not the same as a hard component prerequisite; do not interpret the pack number as a universal buy recommendation.,The later The Dream-Eaters Campaign Expansion repack contains this cycle's encounter content; its Investigator Expansion repack contains the player content. Check ownership to avoid buying duplicates.,,A campaign-cycle scenario and player cards.,product_or_cycle_description,,not_established,,,,,,,,,not_assessed,,,,,,,,,,not_recorded,,,not_verified,,,unknown,not_checked,,https://raw.githubusercontent.com/Kamalisk/arkhamdb-json-data/master/packs.json,community_database,structured_pack_catalog,product_name;base_game_association;product_type,secondary_catalog_details_pending,2026-09-20,web_retrieval_or_search_index; not a legal/license audit,official_product_detail;edition;prerequisites;recommendation,not_established,US; regional availability not guaranteed,,,,,2026-09-20T14:35:11+00:00,fetch_failed,identity_not_established,https://raw.githubusercontent.com/Kamalisk/arkhamdb-json-data/master/packs.json,,src-100f37782b083d56,not_established,base_game_requirement,,
rec_f8d3475c8ea726,prd_9cd8f1e2a50f80,game_arkham-horror-the-card-game,Arkham Horror: The Card Game,arkham-horror-the-card-game,Where Doom Awaits,Fantasy Flight Games,mythos_pack,original Mythos-pack format,secondary_catalog_identity,hold_for_product_detail_verification,unknown,unknown,,,not_verified,false,Core set plus The Dunwich Legacy original deluxe expansion for encounter sets; campaign progression may require earlier scenarios.,Not a complete campaign. Sequence is not the same as a hard component prerequisite; do not interpret the pack number as a universal buy recommendation.,The later The Dunwich Legacy Campaign Expansion repack contains this cycle's encounter content; its Investigator Expansion repack contains the player content. Check ownership to avoid buying duplicates.,,A campaign-cycle scenario and player cards.,product_or_cycle_description,,not_established,,,,,,,,,not_assessed,,,,,,,,,,not_recorded,,,not_verified,,,unknown,not_checked,,https://raw.githubusercontent.com/Kamalisk/arkhamdb-json-data/master/packs.json,community_database,structured_pack_catalog,product_name;base_game_association;product_type,secondary_catalog_details_pending,2026-09-20,web_retrieval_or_search_index; not a legal/license audit,official_product_detail;edition;prerequisites;recommendation,not_established,US; regional availability not guaranteed,,,,,2026-09-20T14:35:11+00:00,fetch_failed,identity_not_established,https://raw.githubusercontent.com/Kamalisk/arkhamdb-json-data/master/packs.json,,src-100f37782b083d56,not_established,base_game_requirement,,
rec_c3d3ecd7e7de4b,prd_7afe24e6acba2a,game_arkham-horror-the-card-game,Arkham Horror: The Card Game,arkham-horror-the-card-game,Where the Gods Dwell,Fantasy Flight Games,mythos_pack,original Mythos-pack format,secondary_catalog_identity,hold_for_product_detail_verification,unknown,unknown,,,not_verified,false,Core set plus The Dream-Eaters original deluxe expansion for encounter sets; campaign progression may require earlier scenarios.,Not a complete campaign. Sequence is not the same as a hard component prerequisite; do not interpret the pack number as a universal buy recommendation.,The later The Dream-Eaters Campaign Expansion repack contains this cycle's encounter content; its Investigator Expansion repack contains the player content. Check ownership to avoid buying duplicates.,,A campaign-cycle scenario and player cards.,product_or_cycle_description,,not_established,,,,,,,,,not_assessed,,,,,,,,,,not_recorded,,,not_verified,,,unknown,not_checked,,https://raw.githubusercontent.com/Kamalisk/arkhamdb-json-data/master/packs.json,community_database,structured_pack_catalog,product_name;base_game_association;product_type,secondary_catalog_details_pending,2026-09-20,web_retrieval_or_search_index; not a legal/license audit,official_product_detail;edition;prerequisites;recommendation,not_established,US; regional availability not guaranteed,,,,,2026-09-20T14:35:11+00:00,fetch_failed,identity_not_established,https://raw.githubusercontent.com/Kamalisk/arkhamdb-json-data/master/packs.json,,src-100f37782b083d56,not_established,base_game_requirement,,
rec_c363d17383c4cb,prd_34a35b9f6a4b10,game_arkham-horror-the-card-game,Arkham Horror: The Card Game,arkham-horror-the-card-game,Winifred Habbamock Investigator Starter Deck,Fantasy Flight Games,investigator_starter_deck,,primary_catalog_identity,hold_for_product_detail_verification,unknown,unknown,,,not_verified,false,Compatible core set and a scenario to play.,,,,A ready-to-play investigator deck and upgrade options; not a campaign.,product_or_cycle_description,,not_established,,,,,,,,,not_assessed,,,,,,,,,,not_recorded,,,not_verified,,,unknown,not_checked,https://www.fantasyflightgames.com/en/products/arkham-horror-the-card-game/,https://raw.githubusercontent.com/Kamalisk/arkhamdb-json-data/master/packs.json,publisher_and_community_database,structured_pack_catalog,product_name;base_game_association;product_type,catalog_verified_details_pending,2026-09-20,web_retrieval_or_search_index; not a legal/license audit,official_product_detail;edition;prerequisites;recommendation,not_established,US; regional availability not guaranteed,,,,,2026-09-20T14:35:11+00:00,fetch_failed,identity_not_established,https://www.fantasyflightgames.com/en/products/arkham-horror-the-card-game/,,src-766a6dc30fa82cb6,not_established,base_game_requirement | edition_compatibility_notes,,
rec_9bb8aefdfb19ba,prd_582d418494b6f6,game_arkham-horror-third-edition,Arkham Horror: Third Edition,arkham-horror-third-edition,Dead of Night,Fantasy Flight Games,expansion,,primary_catalog_identity,hold_for_product_detail_verification,unknown,unknown,,,not_verified,false,,The publisher support index identifies these titles. A linked rulebook was not assumed to establish every component prerequisite.,,,,not_recorded,,not_established,,,,,,,,,not_assessed,,,,,,,,,,not_recorded,,,not_verified,,,unknown,not_checked,https://www.fantasyflightgames.com/en/products/arkham-horror-third-edition/,,publisher,publisher_rules_index,product_name;base_game_association,catalog_verified_details_pending,2026-09-20,web_retrieval_or_search_index; not a legal/license audit,prerequisites;edition;product_details;recommendation,not_established,US; regional availability not guaranteed,,,,,2026-09-20T14:35:11+00:00,fetch_failed,identity_not_established,https://www.fantasyflightgames.com/en/products/arkham-horror-third-edition/,,src-f6282306b70bbe3d,not_established,what_it_adds | base_game_requirement,,
rec_1ccb676ae37af3,prd_3395499d5606fa,game_arkham-horror-third-edition,Arkham Horror: Third Edition,arkham-horror-third-edition,Recursive Echoes Investigators,Fantasy Flight Games,official_print_and_play,,primary_catalog_identity,hold_for_product_detail_verification,unknown,unknown,,,not_verified,false,,,,,,not_recorded,,not_established,,,,,,,,,not_assessed,,,,,,,,,,not_recorded,,,not_verified,,,unknown,not_checked,https://www.fantasyflightgames.com/en/products/arkham-horror-third-edition/,,publisher,publisher_download_index,product_name;base_game_association,catalog_verified_details_pending,2026-09-20,web_retrieval_or_search_index; not a legal/license audit,prerequisites;edition;recommendation,not_established,US; regional availability not guaranteed,,,,,2026-09-20T14:35:11+00:00,fetch_failed,identity_not_established,https://www.fantasyflightgames.com/en/products/arkham-horror-third-edition/,,src-f6282306b70bbe3d,not_established,what_it_adds | base_game_requirement | edition_compatibility_notes,,
rec_cd6387fe481d02,prd_0ff843fbd07854,game_arkham-horror-third-edition,Arkham Horror: Third Edition,arkham-horror-third-edition,Secrets of the Order,Fantasy Flight Games,expansion,,primary_catalog_identity,hold_for_product_detail_verification,unknown,unknown,,,not_verified,false,,The publisher support index identifies these titles. A linked rulebook was not assumed to establish every component prerequisite.,,,,not_recorded,,not_established,,,,,,,,,not_assessed,,,,,,,,,,not_recorded,,,not_verified,,,unknown,not_checked,https://www.fantasyflightgames.com/en/products/arkham-horror-third-edition/,,publisher,publisher_rules_index,product_name;base_game_association,catalog_verified_details_pending,2026-09-20,web_retrieval_or_search_index; not a legal/license audit,prerequisites;edition;product_details;recommendation,not_established,US; regional availability not guaranteed,,,,,2026-09-20T14:35:11+00:00,fetch_failed,identity_not_established,https://www.fantasyflightgames.com/en/products/arkham-horror-third-edition/,,src-f6282306b70bbe3d,not_established,what_it_adds | base_game_requirement,,
rec_abe88fa6028932,prd_d89a494db741b1,game_arkham-horror-third-edition,Arkham Horror: Third Edition,arkham-horror-third-edition,Under Dark Waves,Fantasy Flight Games,expansion,,primary_catalog_identity,hold_for_product_detail_verification,unknown,unknown,,,not_verified,false,,The publisher support index identifies these titles. A linked rulebook was not assumed to establish every component prerequisite.,,,,not_recorded,,not_established,,,,,,,,,not_assessed,,,,,,,,,,not_recorded,,,not_verified,,,unknown,not_checked,https://www.fantasyflightgames.com/en/products/arkham-horror-third-edition/,,publisher,publisher_rules_index,product_name;base_game_association,catalog_verified_details_pending,2026-09-20,web_retrieval_or_search_index; not a legal/license audit,prerequisites;edition;product_details;recommendation,not_established,US; regional availability not guaranteed,,,,,2026-09-20T14:35:11+00:00,fetch_failed,identity_not_established,https://www.fantasyflightgames.com/en/products/arkham-horror-third-edition/,,src-f6282306b70bbe3d,not_established,what_it_adds | base_game_requirement,,
rec_c037d92eedcddb,prd_fa597495072dbe,game_astro-knights,Astro Knights,astro-knights,Mystery of Solarus,Indie Boards and Cards,expansion,,primary_catalog_identity,hold_for_product_detail_verification,unknown,unknown,,,not_verified,false,,,,,,not_recorded,,not_established,,,,,,,,,not_assessed,,,,,,,,,,not_recorded,,,not_verified,,,unknown,not_checked,https://indieboardsandcards.com/type/expansions/,,publisher,catalog,product_name;base_game_association,catalog_verified_details_pending,2026-09-20,web_retrieval_or_search_index; not a legal/license audit,exact_compatible_core_set;edition;prerequisites;recommendation,not_established,US; regional availability not guaranteed,,,,,2026-09-20T14:35:11+00:00,fetch_failed,identity_not_established,https://indieboardsandcards.com/type/expansions/,,src-ad059ab786e6a887,not_established,what_it_adds | base_game_requirement | edition_compatibility_notes,,
rec_8ade5aae36188d,prd_ba14ded1660186,game_astro-knights,Astro Knights,astro-knights,Orion Expansion,Indie Boards and Cards,expansion,,primary_catalog_identity,hold_for_product_detail_verification,unknown,unknown,,,not_verified,false,,,,,,not_recorded,,not_established,,,,,,,,,not_assessed,,,,,,,,,,not_recorded,,,not_verified,,,unknown,not_checked,https://indieboardsandcards.com/type/expansions/,,publisher,catalog,product_name;base_game_association,catalog_verified_details_pending,2026-09-20,web_retrieval_or_search_index; not a legal/license audit,exact_compatible_core_set;edition;prerequisites;recommendation,not_established,US; regional availability not guaranteed,,,,,2026-09-20T14:35:11+00:00,fetch_failed,identity_not_established,https://indieboardsandcards.com/type/expansions/,,src-ad059ab786e6a887,not_established,what_it_adds | base_game_requirement | edition_compatibility_notes,,
rec_38a9f7e7d9cb37,prd_17f6110bacaffa,game_astro-knights,Astro Knights,astro-knights,Savage Skies,Indie Boards and Cards,expansion,,primary_catalog_identity,hold_for_product_detail_verification,unknown,unknown,,,not_verified,false,,,,,,not_recorded,,not_established,,,,,,,,,not_assessed,,,,,,,,,,not_recorded,,,not_verified,,,unknown,not_checked,https://indieboardsandcards.com/type/expansions/,,publisher,catalog,product_name;base_game_association,catalog_verified_details_pending,2026-09-20,web_retrieval_or_search_index; not a legal/license audit,exact_compatible_core_set;edition;prerequisites;recommendation,not_established,US; regional availability not guaranteed,,,,,2026-09-20T14:35:11+00:00,fetch_failed,identity_not_established,https://indieboardsandcards.com/type/expansions/,,src-ad059ab786e6a887,not_established,what_it_adds | base_game_requirement | edition_compatibility_notes,,
rec_6a44a2ab5ef2e2,prd_4c1b915a4a7d8c,game_auztralia,AuZtralia,auztralia,Promo Packet #1,,official_promo,,secondary_catalog_identity,hold_for_product_detail_verification,unknown,unknown,,,not_verified,false,,,,,Promotional gameplay content; exact effects and required editions not independently checked.,format_level_only,,not_established,,,,,,,,,not_assessed,,,,,,,,,,not_recorded,,,not_verified,,,unknown,not_checked,,https://boardgamegeekstore.com/collections/bgg-store-promos?page=4,specialist_retailer,retailer_catalog,product_name;base_game_association,secondary_catalog_details_pending,2026-09-20,web_retrieval_or_search_index; not a legal/license audit,product_rulebook;prerequisites;edition;recommendation;retailer_identity_only,not_established,US; regional availability not guaranteed,,,,,2026-09-20T14:35:11+00:00,fetch_failed,identity_not_established,https://boardgamegeekstore.com/collections/bgg-store-promos?page=4,,src-35a9b637149f4324,not_established,base_game_requirement | edition_compatibility_notes,,
rec_533aeaa0624ce1,prd_73061b6fce8897,game_azul-summer-pavilion,Azul: Summer Pavilion,azul-summer-pavilion,Objective Tiles,,gameplay_addition_format_pending,,secondary_catalog_identity,hold_for_product_detail_verification,unknown,unknown,,,not_verified,false,,,,,Promotional gameplay content; exact effects and required editions not independently checked.,format_level_only,,not_established,,,,,,,,,not_assessed,,,,,,,,,,not_recorded,,,not_verified,,,unknown,not_checked,,https://boardgamegeekstore.com/collections/bgg-store-promos?page=3,specialist_retailer,retailer_catalog,product_name;base_game_association,secondary_catalog_details_pending,2026-09-20,web_retrieval_or_search_index; not a legal/license audit,product_rulebook;prerequisites;edition;recommendation;retailer_identity_only,not_established,US; regional availability not guaranteed,,,,,2026-09-20T14:35:11+00:00,fetch_failed,identity_not_established,https://boardgamegeekstore.com/collections/bgg-store-promos?page=3,,src-1d4913c5e78cfab9,not_established,base_game_requirement | edition_compatibility_notes,,
rec_8b9e7c7264e947,prd_c9f36c84c59ac1,game_beacon-patrol,Beacon Patrol,beacon-patrol,Discovery Tiles Promo,,official_promo,,secondary_catalog_identity,hold_for_product_detail_verification,unknown,unknown,,,not_verified,false,,,,,Promotional gameplay content; exact effects and required editions not independently checked.,format_level_only,,not_established,,,,,,,,,not_assessed,,,,,,,,,,not_recorded,,,not_verified,,,unknown,not_checked,,https://boardgamegeekstore.com/collections/bgg-store-promos?page=3,specialist_retailer,retailer_catalog,product_name;base_game_association,secondary_catalog_details_pending,2026-09-20,web_retrieval_or_search_index; not a legal/license audit,product_rulebook;prerequisites;edition;recommendation;retailer_identity_only,not_established,US; regional availability not guaranteed,,,,,2026-09-20T14:35:11+00:00,fetch_failed,identity_not_established,https://boardgamegeekstore.com/collections/bgg-store-promos?page=3,,src-1d4913c5e78cfab9,not_established,base_game_requirement | edition_compatibility_notes,,
rec_9fa71e82c2ae52,prd_46dc50fa8b9272,game_bunny-kingdom,Bunny Kingdom,bunny-kingdom,Bunnoleon Promo,IELLO,official_promo,,secondary_catalog_identity,hold_for_product_detail_verification,unknown,unknown,,,not_verified,false,,,,,Promotional gameplay content; exact effects and required editions not independently checked.,format_level_only,,not_established,,,,,,,,,not_assessed,,,,,,,,,,not_recorded,,,not_verified,,,unknown,not_checked,,https://boardgamegeekstore.com/collections/bgg-store-promos?page=4,specialist_retailer,retailer_catalog,product_name;base_game_association,secondary_catalog_details_pending,2026-09-20,web_retrieval_or_search_index; not a legal/license audit,product_rulebook;prerequisites;edition;recommendation;retailer_identity_only,not_established,US; regional availability not guaranteed,,,,,2026-09-20T14:35:11+00:00,fetch_failed,identity_not_established,https://boardgamegeekstore.com/collections/bgg-store-promos?page=4,,src-35a9b637149f4324,not_established,base_game_requirement | edition_compatibility_notes,,
rec_f70e24007f0d68,prd_8cd0821f21162a,game_bunny-kingdom,Bunny Kingdom,bunny-kingdom,Bunny Jones Promo,IELLO,official_promo,,secondary_catalog_identity,hold_for_product_detail_verification,unknown,unknown,,,not_verified,false,,,,,Promotional gameplay content; exact effects and required editions not independently checked.,format_level_only,,not_established,,,,,,,,,not_assessed,,,,,,,,,,not_recorded,,,not_verified,,,unknown,not_checked,,https://boardgamegeekstore.com/collections/bgg-store-promos?page=4,specialist_retailer,retailer_catalog,product_name;base_game_association,secondary_catalog_details_pending,2026-09-20,web_retrieval_or_search_index; not a legal/license audit,product_rulebook;prerequisites;edition;recommendation;retailer_identity_only,not_established,US; regional availability not guaranteed,,,,,2026-09-20T14:35:11+00:00,fetch_failed,identity_not_established,https://boardgamegeekstore.com/collections/bgg-store-promos?page=4,,src-35a9b637149f4324,not_established,base_game_requirement | edition_compatibility_notes,,
rec_527e7b1751f896,prd_0c56cf962a2e92,game_bunny-kingdom,Bunny Kingdom,bunny-kingdom,In the Sky: Falling Carpet Promo,IELLO,official_promo,,secondary_catalog_identity,hold_for_product_detail_verification,unknown,unknown,,,not_verified,false,,,,,Promotional gameplay content; exact effects and required editions not independently checked.,format_level_only,,not_established,,,,,,,,,not_assessed,,,,,,,,,,not_recorded,,,not_verified,,,unknown,not_checked,,https://boardgamegeekstore.com/collections/bgg-store-promos?page=4,specialist_retailer,retailer_catalog,product_name;base_game_association,secondary_catalog_details_pending,2026-09-20,web_retrieval_or_search_index; not a legal/license audit,product_rulebook;prerequisites;edition;recommendation;retailer_identity_only,not_established,US; regional availability not guaranteed,,,,,2026-09-20T14:35:11+00:00,fetch_failed,identity_not_established,https://boardgamegeekstore.com/collections/bgg-store-promos?page=4,,src-35a9b637149f4324,not_established,base_game_requirement | edition_compatibility_notes,,
rec_bd2dd4a35e9ae3,prd_514bc77db30901,game_captain-flip,Captain Flip,captain-flip,Dolphin Promo,,official_promo,,secondary_catalog_identity,hold_for_product_detail_verification,unknown,unknown,,,not_verified,false,,,,,Promotional gameplay content; exact effects and required editions not independently checked.,format_level_only,,not_established,,,,,,,,,not_assessed,,,,,,,,,,not_recorded,,,not_verified,,,unknown,not_checked,,https://boardgamegeekstore.com/collections/bgg-store-promos,specialist_retailer,retailer_catalog,product_name;base_game_association,secondary_catalog_details_pending,2026-09-20,web_retrieval_or_search_index; not a legal/license audit,product_rulebook;prerequisites;edition;recommendation;retailer_identity_only,not_established,US; regional availability not guaranteed,,,,,2026-09-20T14:35:11+00:00,fetch_failed,identity_not_established,https://boardgamegeekstore.com/collections/bgg-store-promos,,src-01c27471df6176f4,not_established,base_game_requirement | edition_compatibility_notes,,
rec_4937c5ad838cba,prd_ac89f07d9a60f8,game_captain-flip,Captain Flip,captain-flip,Isla Bomba: Message in a Bottle Promo,,official_promo,,secondary_catalog_identity,hold_for_product_detail_verification,unknown,unknown,,,not_verified,false,,,,,Promotional gameplay content; exact effects and required editions not independently checked.,format_level_only,,not_established,,,,,,,,,not_assessed,,,,,,,,,,not_recorded,,,not_verified,,,unknown,not_checked,,https://boardgamegeekstore.com/collections/bgg-store-promos,specialist_retailer,retailer_catalog,product_name;base_game_association,secondary_catalog_details_pending,2026-09-20,web_retrieval_or_search_index; not a legal/license audit,product_rulebook;prerequisites;edition;recommendation;retailer_identity_only,not_established,US; regional availability not guaranteed,,,,,2026-09-20T14:35:11+00:00,fetch_failed,identity_not_established,https://boardgamegeekstore.com/collections/bgg-store-promos,,src-01c27471df6176f4,not_established,base_game_requirement | edition_compatibility_notes,,
rec_86c9230b11c03b,prd_a9aee86c95ed82,game_carcassonne,Carcassonne,carcassonne,Abbey and Mayor,Hans im Gluck,expansion,legacy rules; exact printing not identified,primary_catalog_identity,hold_for_product_detail_verification,unknown,unknown,,,not_verified,false,,"Publisher announced substantial 2025 revisions. Match exact title, contents and rules; do not merge legacy and revised products.",,,,not_recorded,,not_established,,,,,,,,,not_assessed,,,,,,,,,,not_recorded,,,not_verified,,,unknown,not_checked,https://www.hans-im-glueck.de/en/unsere-spiele/carcassonne-expansions/,https://www.hans-im-glueck.de/en/?news=a-new-carcassonne-world,publisher,catalog,product_name;base_game_association,catalog_verified_details_pending,2026-09-20,web_retrieval_or_search_index; not a legal/license audit,2025_revision;edition;prerequisites;recommendation,not_established,US; regional availability not guaranteed,,,,,2026-09-20T14:35:11+00:00,fetch_failed,identity_not_established,https://www.hans-im-glueck.de/en/unsere-spiele/carcassonne-expansions/,,src-846c83103fbabf58,not_established,what_it_adds | base_game_requirement,,
rec_8b2b55b387bd07,prd_b780b522a3533f,game_carcassonne,Carcassonne,carcassonne,"Bridges, Castles and Bazaars",Hans im Gluck,expansion,legacy rules; exact printing not identified,primary_catalog_identity,hold_for_product_detail_verification,unknown,unknown,,,not_verified,false,,"Publisher announced substantial 2025 revisions. Match exact title, contents and rules; do not merge legacy and revised products.",,,,not_recorded,,not_established,,,,,,,,,not_assessed,,,,,,,,,,not_recorded,,,not_verified,,,unknown,not_checked,https://www.hans-im-glueck.de/en/unsere-spiele/carcassonne-expansions/,https://www.hans-im-glueck.de/en/?news=a-new-carcassonne-world,publisher,catalog,product_name;base_game_association,catalog_verified_details_pending,2026-09-20,web_retrieval_or_search_index; not a legal/license audit,2025_revision;edition;prerequisites;recommendation,not_established,US; regional availability not guaranteed,,,,,2026-09-20T14:35:11+00:00,fetch_failed,identity_not_established,https://www.hans-im-glueck.de/en/unsere-spiele/carcassonne-expansions/,,src-846c83103fbabf58,not_established,what_it_adds | base_game_requirement,,
rec_89a3c096e147c6,prd_f5bfc10af46ce5,game_carcassonne,Carcassonne,carcassonne,Castles in Germany,Hans im Gluck,gameplay_addition_format_pending,,secondary_catalog_identity,hold_for_product_detail_verification,unknown,unknown,,,not_verified,false,,,,,Promotional gameplay content; exact effects and required editions not independently checked.,format_level_only,,not_established,,,,,,,,,not_assessed,,,,,,,,,,not_recorded,,,not_verified,,,unknown,not_checked,,https://boardgamegeekstore.com/collections/bgg-store-promos?page=2,specialist_retailer,retailer_catalog,product_name;base_game_association,secondary_catalog_details_pending,2026-09-20,web_retrieval_or_search_index; not a legal/license audit,product_rulebook;prerequisites;edition;recommendation;retailer_identity_only,not_established,US; regional availability not guaranteed,,,,,2026-09-20T14:35:11+00:00,fetch_failed,identity_not_established,https://boardgamegeekstore.com/collections/bgg-store-promos?page=2,,src-42cc4ca501b42b1f,not_established,base_game_requirement | edition_compatibility_notes,,
rec_47376a82b1f299,prd_66e849041a6380,game_carcassonne,Carcassonne,carcassonne,Cathedrals in Germany,Hans im Gluck,gameplay_addition_format_pending,,secondary_catalog_identity,hold_for_product_detail_verification,unknown,unknown,,,not_verified,false,,,,,Promotional gameplay content; exact effects and required editions not independently checked.,format_level_only,,not_established,,,,,,,,,not_assessed,,,,,,,,,,not_recorded,,,not_verified,,,unknown,not_checked,,https://boardgamegeekstore.com/collections/bgg-store-promos?page=2,specialist_retailer,retailer_catalog,product_name;base_game_association,secondary_catalog_details_pending,2026-09-20,web_retrieval_or_search_index; not a legal/license audit,product_rulebook;prerequisites;edition;recommendation;retailer_identity_only,not_established,US; regional availability not guaranteed,,,,,2026-09-20T14:35:11+00:00,fetch_failed,identity_not_established,https://boardgamegeekstore.com/collections/bgg-store-promos?page=2,,src-42cc4ca501b42b1f,not_established,base_game_requirement | edition_compatibility_notes,,
rec_ebb3b22d2ce858,prd_12cc89e3f72a46,game_carcassonne,Carcassonne,carcassonne,"Count, King and Robber",Hans im Gluck,expansion,legacy rules; exact printing not identified,primary_catalog_identity,hold_for_product_detail_verification,unknown,unknown,,,not_verified,false,,"Publisher announced substantial 2025 revisions. Match exact title, contents and rules; do not merge legacy and revised products.",,,,not_recorded,,not_established,,,,,,,,,not_assessed,,,,,,,,,,not_recorded,,,not_verified,,,unknown,not_checked,https://www.hans-im-glueck.de/en/unsere-spiele/carcassonne-expansions/,https://www.hans-im-glueck.de/en/?news=a-new-carcassonne-world,publisher,catalog,product_name;base_game_association,catalog_verified_details_pending,2026-09-20,web_retrieval_or_search_index; not a legal/license audit,2025_revision;edition;prerequisites;recommendation,not_established,US; regional availability not guaranteed,,,,,2026-09-20T14:35:11+00:00,fetch_failed,identity_not_established,https://www.hans-im-glueck.de/en/unsere-spiele/carcassonne-expansions/,,src-846c83103fbabf58,not_established,what_it_adds | base_game_requirement,,
rec_b431370d0d78ed,prd_956a4f99b6aefa,game_carcassonne,Carcassonne,carcassonne,Drawbridges,Hans im Gluck,gameplay_addition_format_pending,,secondary_catalog_identity,hold_for_product_detail_verification,unknown,unknown,,,not_verified,false,,,,,Promotional gameplay content; exact effects and required editions not independently checked.,format_level_only,,not_established,,,,,,,,,not_assessed,,,,,,,,,,not_recorded,,,not_verified,,,unknown,not_checked,,https://boardgamegeekstore.com/collections/bgg-store-promos,specialist_retailer,retailer_catalog,product_name;base_game_association,secondary_catalog_details_pending,2026-09-20,web_retrieval_or_search_index; not a legal/license audit,product_rulebook;prerequisites;edition;recommendation;retailer_identity_only,not_established,US; regional availability not guaranteed,,,,,2026-09-20T14:35:11+00:00,fetch_failed,identity_not_established,https://boardgamegeekstore.com/collections/bgg-store-promos,,src-01c27471df6176f4,not_established,base_game_requirement | edition_compatibility_notes,,
rec_458662511b4d18,prd_eeba649a15fb0a,game_carcassonne,Carcassonne,carcassonne,Halflings,Hans im Gluck,gameplay_addition_format_pending,,secondary_catalog_identity,hold_for_product_detail_verification,unknown,unknown,,,not_verified,false,,,,,Promotional gameplay content; exact effects and required editions not independently checked.,format_level_only,,not_established,,,,,,,,,not_assessed,,,,,,,,,,not_recorded,,,not_verified,,,unknown,not_checked,,https://boardgamegeekstore.com/collections/bgg-store-promos?page=2,specialist_retailer,retailer_catalog,product_name;base_game_association,secondary_catalog_details_pending,2026-09-20,web_retrieval_or_search_index; not a legal/license audit,product_rulebook;prerequisites;edition;recommendation;retailer_identity_only,not_established,US; regional availability not guaranteed,,,,,2026-09-20T14:35:11+00:00,fetch_failed,identity_not_established,https://boardgamegeekstore.com/collections/bgg-store-promos?page=2,,src-42cc4ca501b42b1f,not_established,base_game_requirement | edition_compatibility_notes,,
rec_87ff88adcfd211,prd_c95aeffd884776,game_carcassonne,Carcassonne,carcassonne,Hills and Sheep,Hans im Gluck,expansion,legacy rules; exact printing not identified,primary_catalog_identity,hold_for_product_detail_verification,unknown,unknown,,,not_verified,false,,"Publisher announced substantial 2025 revisions. Match exact title, contents and rules; do not merge legacy and revised products.",,,,not_recorded,,not_established,,,,,,,,,not_assessed,,,,,,,,,,not_recorded,,,not_verified,,,unknown,not_checked,https://www.hans-im-glueck.de/en/unsere-spiele/carcassonne-expansions/,https://www.hans-im-glueck.de/en/?news=a-new-carcassonne-world,publisher,catalog,product_name;base_game_association,catalog_verified_details_pending,2026-09-20,web_retrieval_or_search_index; not a legal/license audit,2025_revision;edition;prerequisites;recommendation,not_established,US; regional availability not guaranteed,,,,,2026-09-20T14:35:11+00:00,fetch_failed,identity_not_established,https://www.hans-im-glueck.de/en/unsere-spiele/carcassonne-expansions/,,src-846c83103fbabf58,not_established,what_it_adds | base_game_requirement,,
rec_35164b5d8a1094,prd_2f703230e9dce8,game_carcassonne,Carcassonne,carcassonne,Inns and Cathedrals,Hans im Gluck,expansion,legacy rules; exact printing not identified,product_facts_checked,fact_checked_draft_needs_editorial_review,yes,no,Carcassonne base game; rules and components described are the legacy version.,"[[""Carcassonne""]]",publisher_confirmed,false,,"Publisher announced substantial 2025 revisions. Match exact title, contents and rules; do not merge legacy and revised products.",,,"Legacy inns and cathedrals scoring, large meeples and sixth-player pieces.",product_or_cycle_description,,not_established,2,6,legacy_publisher_product_listing,,,,,,not_assessed,,,,,,,,,,not_recorded,,,not_verified,,,unknown,not_checked,https://www.hans-im-glueck.de/en/game/carcassonne/inns-and-cathedrals/,https://www.hans-im-glueck.de/en/?news=a-new-carcassonne-world,publisher,product_detail,product_name;base_game_association;base_requirement;what_it_adds;player_range,core_facts_verified,2026-09-20,web_retrieval_or_search_index; not a legal/license audit,2025_revision;edition;prerequisites;recommendation,not_established,US; regional availability not guaranteed,,,,,2026-09-20T14:35:11+00:00,fetch_failed,identity_not_established,https://www.hans-im-glueck.de/en/game/carcassonne/inns-and-cathedrals/,,src-6b0dc3e1439e1639,not_established,,,
rec_3d4f3918f0a442,prd_364a504738e21d,game_carcassonne,Carcassonne,carcassonne,Monasteries in Germany,Hans im Gluck,gameplay_addition_format_pending,,secondary_catalog_identity,hold_for_product_detail_verification,unknown,unknown,,,not_verified,false,,,,,Promotional gameplay content; exact effects and required editions not independently checked.,format_level_only,,not_established,,,,,,,,,not_assessed,,,,,,,,,,not_recorded,,,not_verified,,,unknown,not_checked,,https://boardgamegeekstore.com/collections/bgg-store-promos?page=2,specialist_retailer,retailer_catalog,product_name;base_game_association,secondary_catalog_details_pending,2026-09-20,web_retrieval_or_search_index; not a legal/license audit,product_rulebook;prerequisites;edition;recommendation;retailer_identity_only,not_established,US; regional availability not guaranteed,,,,,2026-09-20T14:35:11+00:00,fetch_failed,identity_not_established,https://boardgamegeekstore.com/collections/bgg-store-promos?page=2,,src-42cc4ca501b42b1f,not_established,base_game_requirement | edition_compatibility_notes,,
rec_61098d67862c04,prd_2f8c08d5f7bc28,game_carcassonne,Carcassonne,carcassonne,Peasant Revolts,Hans im Gluck,gameplay_addition_format_pending,,secondary_catalog_identity,hold_for_product_detail_verification,unknown,unknown,,,not_verified,false,,,,,Promotional gameplay content; exact effects and required editions not independently checked.,format_level_only,,not_established,,,,,,,,,not_assessed,,,,,,,,,,not_recorded,,,not_verified,,,unknown,not_checked,,https://boardgamegeekstore.com/collections/bgg-store-promos,specialist_retailer,retailer_catalog,product_name;base_game_association,secondary_catalog_details_pending,2026-09-20,web_retrieval_or_search_index; not a legal/license audit,product_rulebook;prerequisites;edition;recommendation;retailer_identity_only,not_established,US; regional availability not guaranteed,,,,,2026-09-20T14:35:11+00:00,fetch_failed,identity_not_established,https://boardgamegeekstore.com/collections/bgg-store-promos,,src-01c27471df6176f4,not_established,base_game_requirement | edition_compatibility_notes,,
rec_a60076683fabf1,prd_66141a3edc66ff,game_carcassonne,Carcassonne,carcassonne,The 4 Seasons: Autumn,Hans im Gluck,gameplay_addition_format_pending,,secondary_catalog_identity,hold_for_product_detail_verification,unknown,unknown,,,not_verified,false,,,,,Promotional gameplay content; exact effects and required editions not independently checked.,format_level_only,,not_established,,,,,,,,,not_assessed,,,,,,,,,,not_recorded,,,not_verified,,,unknown,not_checked,,https://boardgamegeekstore.com/collections/bgg-store-promos?page=2,specialist_retailer,retailer_catalog,product_name;base_game_association,secondary_catalog_details_pending,2026-09-20,web_retrieval_or_search_index; not a legal/license audit,product_rulebook;prerequisites;edition;recommendation;retailer_identity_only,not_established,US; regional availability not guaranteed,,,,,2026-09-20T14:35:11+00:00,fetch_failed,identity_not_established,https://boardgamegeekstore.com/collections/bgg-store-promos?page=2,,src-42cc4ca501b42b1f,not_established,base_game_requirement | edition_compatibility_notes,,
rec_04e2fe0eee4c33,prd_5b14eb593b3f91,game_carcassonne,Carcassonne,carcassonne,The 4 Seasons: Summer,Hans im Gluck,gameplay_addition_format_pending,,secondary_catalog_identity,hold_for_product_detail_verification,unknown,unknown,,,not_verified,false,,,,,Promotional gameplay content; exact effects and required editions not independently checked.,format_level_only,,not_established,,,,,,,,,not_assessed,,,,,,,,,,not_recorded,,,not_verified,,,unknown,not_checked,,https://boardgamegeekstore.com/collections/bgg-store-promos?page=2,specialist_retailer,retailer_catalog,product_name;base_game_association,secondary_catalog_details_pending,2026-09-20,web_retrieval_or_search_index; not a legal/license audit,product_rulebook;prerequisites;edition;recommendation;retailer_identity_only,not_established,US; regional availability not guaranteed,,,,,2026-09-20T14:35:11+00:00,fetch_failed,identity_not_established,https://boardgamegeekstore.com/collections/bgg-store-promos?page=2,,src-42cc4ca501b42b1f,not_established,base_game_requirement | edition_compatibility_notes,,
rec_db43cc8b657ce2,prd_d20eac21d68e63,game_carcassonne,Carcassonne,carcassonne,The Barber-Surgeons,Hans im Gluck,gameplay_addition_format_pending,,secondary_catalog_identity,hold_for_product_detail_verification,unknown,unknown,,,not_verified,false,,,,,Promotional gameplay content; exact effects and required editions not independently checked.,format_level_only,,not_established,,,,,,,,,not_assessed,,,,,,,,,,not_recorded,,,not_verified,,,unknown,not_checked,,https://boardgamegeekstore.com/collections/bgg-store-promos?page=2,specialist_retailer,retailer_catalog,product_name;base_game_association,secondary_catalog_details_pending,2026-09-20,web_retrieval_or_search_index; not a legal/license audit,product_rulebook;prerequisites;edition;recommendation;retailer_identity_only,not_established,US; regional availability not guaranteed,,,,,2026-09-20T14:35:11+00:00,fetch_failed,identity_not_established,https://boardgamegeekstore.com/collections/bgg-store-promos?page=2,,src-42cc4ca501b42b1f,not_established,base_game_requirement | edition_compatibility_notes,,
rec_99d791fcf80c2a,prd_97e712ee22216b,game_carcassonne,Carcassonne,carcassonne,The Bets,Hans im Gluck,gameplay_addition_format_pending,,secondary_catalog_identity,hold_for_product_detail_verification,unknown,unknown,,,not_verified,false,,,,,Promotional gameplay content; exact effects and required editions not independently checked.,format_level_only,,not_established,,,,,,,,,not_assessed,,,,,,,,,,not_recorded,,,not_verified,,,unknown,not_checked,,https://boardgamegeekstore.com/collections/bgg-store-promos?page=2,specialist_retailer,retailer_catalog,product_name;base_game_association,secondary_catalog_details_pending,2026-09-20,web_retrieval_or_search_index; not a legal/license audit,product_rulebook;prerequisites;edition;recommendation;retailer_identity_only,not_established,US; regional availability not guaranteed,,,,,2026-09-20T14:35:11+00:00,fetch_failed,identity_not_established,https://boardgamegeekstore.com/collections/bgg-store-promos?page=2,,src-42cc4ca501b42b1f,not_established,base_game_requirement | edition_compatibility_notes,,
rec_e528fee9a431d4,prd_f34ed0253470b7,game_carcassonne,Carcassonne,carcassonne,The Festival,Hans im Gluck,gameplay_addition_format_pending,,secondary_catalog_identity,hold_for_product_detail_verification,unknown,unknown,,,not_verified,false,,,,,Promotional gameplay content; exact effects and required editions not independently checked.,format_level_only,,not_established,,,,,,,,,not_assessed,,,,,,,,,,not_recorded,,,not_verified,,,unknown,not_checked,,https://boardgamegeekstore.com/collections/bgg-store-promos?page=2,specialist_retailer,retailer_catalog,product_name;base_game_association,secondary_catalog_details_pending,2026-09-20,web_retrieval_or_search_index; not a legal/license audit,product_rulebook;prerequisites;edition;recommendation;retailer_identity_only,not_established,US; regional availability not guaranteed,,,,,2026-09-20T14:35:11+00:00,fetch_failed,identity_not_established,https://boardgamegeekstore.com/collections/bgg-store-promos?page=2,,src-42cc4ca501b42b1f,not_established,base_game_requirement | edition_compatibility_notes,,
rec_7110d29fd624d9,prd_b743c421351533,game_carcassonne,Carcassonne,carcassonne,The Fruit-Bearing Trees,Hans im Gluck,gameplay_addition_format_pending,,secondary_catalog_identity,hold_for_product_detail_verification,unknown,unknown,,,not_verified,false,,,,,Promotional gameplay content; exact effects and required editions not independently checked.,format_level_only,,not_established,,,,,,,,,not_assessed,,,,,,,,,,not_recorded,,,not_verified,,,unknown,not_checked,,https://boardgamegeekstore.com/collections/bgg-store-promos,specialist_retailer,retailer_catalog,product_name;base_game_association,secondary_catalog_details_pending,2026-09-20,web_retrieval_or_search_index; not a legal/license audit,product_rulebook;prerequisites;edition;recommendation;retailer_identity_only,not_established,US; regional availability not guaranteed,,,,,2026-09-20T14:35:11+00:00,fetch_failed,identity_not_established,https://boardgamegeekstore.com/collections/bgg-store-promos,,src-01c27471df6176f4,not_established,base_game_requirement | edition_compatibility_notes,,
rec_aa59381bacdef2,prd_10f5af646403a4,game_carcassonne,Carcassonne,carcassonne,The Princess and the Dragon,Hans im Gluck,expansion,legacy rules; exact printing not identified,primary_catalog_identity,hold_for_product_detail_verification,unknown,unknown,,,not_verified,false,,"Publisher announced substantial 2025 revisions. Match exact title, contents and rules; do not merge legacy and revised products.",,,,not_recorded,,not_established,,,,,,,,,not_assessed,,,,,,,,,,not_recorded,,,not_verified,,,unknown,not_checked,https://www.hans-im-glueck.de/en/unsere-spiele/carcassonne-expansions/,https://www.hans-im-glueck.de/en/?news=a-new-carcassonne-world,publisher,catalog,product_name;base_game_association,catalog_verified_details_pending,2026-09-20,web_retrieval_or_search_index; not a legal/license audit,2025_revision;edition;prerequisites;recommendation,not_established,US; regional availability not guaranteed,,,,,2026-09-20T14:35:11+00:00,fetch_failed,identity_not_established,https://www.hans-im-glueck.de/en/unsere-spiele/carcassonne-expansions/,,src-846c83103fbabf58,not_established,what_it_adds | base_game_requirement,,
rec_8ade9713bf01d2,prd_7a7a33b1baf96a,game_carcassonne,Carcassonne,carcassonne,The Tollkeepers,Hans im Gluck,gameplay_addition_format_pending,,secondary_catalog_identity,hold_for_product_detail_verification,unknown,unknown,,,not_verified,false,,,,,Promotional gameplay content; exact effects and required editions not independently checked.,format_level_only,,not_established,,,,,,,,,not_assessed,,,,,,,,,,not_recorded,,,not_verified,,,unknown,not_checked,,https://boardgamegeekstore.com/collections/bgg-store-promos?page=2,specialist_retailer,retailer_catalog,product_name;base_game_association,secondary_catalog_details_pending,2026-09-20,web_retrieval_or_search_index; not a legal/license audit,product_rulebook;prerequisites;edition;recommendation;retailer_identity_only,not_established,US; regional availability not guaranteed,,,,,2026-09-20T14:35:11+00:00,fetch_failed,identity_not_established,https://boardgamegeekstore.com/collections/bgg-store-promos?page=2,,src-42cc4ca501b42b1f,not_established,base_game_requirement | edition_compatibility_notes,,
rec_6f62e5f9a042b7,prd_5c7772d4d5d346,game_carcassonne,Carcassonne,carcassonne,The Tower,Hans im Gluck,expansion,legacy rules; exact printing not identified,primary_catalog_identity,hold_for_product_detail_verification,unknown,unknown,,,not_verified,false,,"Publisher announced substantial 2025 revisions. Match exact title, contents and rules; do not merge legacy and revised products.",,,,not_recorded,,not_established,,,,,,,,,not_assessed,,,,,,,,,,not_recorded,,,not_verified,,,unknown,not_checked,https://www.hans-im-glueck.de/en/unsere-spiele/carcassonne-expansions/,https://www.hans-im-glueck.de/en/?news=a-new-carcassonne-world,publisher,catalog,product_name;base_game_association,catalog_verified_details_pending,2026-09-20,web_retrieval_or_search_index; not a legal/license audit,2025_revision;edition;prerequisites;recommendation,not_established,US; regional availability not guaranteed,,,,,2026-09-20T14:35:11+00:00,fetch_failed,identity_not_established,https://www.hans-im-glueck.de/en/unsere-spiele/carcassonne-expansions/,,src-846c83103fbabf58,not_established,what_it_adds | base_game_requirement,,
rec_0e0433e39455b0,prd_e0a68aba792fb8,game_carcassonne,Carcassonne,carcassonne,The Watchtowers,Hans im Gluck,gameplay_addition_format_pending,,secondary_catalog_identity,hold_for_product_detail_verification,unknown,unknown,,,not_verified,false,,,,,Promotional gameplay content; exact effects and required editions not independently checked.,format_level_only,,not_established,,,,,,,,,not_assessed,,,,,,,,,,not_recorded,,,not_verified,,,unknown,not_checked,,https://boardgamegeekstore.com/collections/bgg-store-promos,specialist_retailer,retailer_catalog,product_name;base_game_association,secondary_catalog_details_pending,2026-09-20,web_retrieval_or_search_index; not a legal/license audit,product_rulebook;prerequisites;edition;recommendation;retailer_identity_only,not_established,US; regional availability not guaranteed,,,,,2026-09-20T14:35:11+00:00,fetch_failed,identity_not_established,https://boardgamegeekstore.com/collections/bgg-store-promos,,src-01c27471df6176f4,not_established,base_game_requirement | edition_compatibility_notes,,
rec_a86e8b164d5c51,prd_787875abb1be68,game_carcassonne,Carcassonne,carcassonne,Traders and Builders,Hans im Gluck,expansion,legacy rules; exact printing not identified,primary_catalog_identity,hold_for_product_detail_verification,unknown,unknown,,,not_verified,false,,"Publisher announced substantial 2025 revisions. Match exact title, contents and rules; do not merge legacy and revised products.",,,,not_recorded,,not_established,,,,,,,,,not_assessed,,,,,,,,,,not_recorded,,,not_verified,,,unknown,not_checked,https://www.hans-im-glueck.de/en/unsere-spiele/carcassonne-expansions/,https://www.hans-im-glueck.de/en/?news=a-new-carcassonne-world,publisher,catalog,product_name;base_game_association,catalog_verified_details_pending,2026-09-20,web_retrieval_or_search_index; not a legal/license audit,2025_revision;edition;prerequisites;recommendation,not_established,US; regional availability not guaranteed,,,,,2026-09-20T14:35:11+00:00,fetch_failed,identity_not_established,https://www.hans-im-glueck.de/en/unsere-spiele/carcassonne-expansions/,,src-846c83103fbabf58,not_established,what_it_adds | base_game_requirement,,
rec_be29a5aebb172c,prd_fe671e48f06b4c,game_carcassonne,Carcassonne,carcassonne,Under the Big Top,Hans im Gluck,expansion,legacy rules; exact printing not identified,primary_catalog_identity,hold_for_product_detail_verification,unknown,unknown,,,not_verified,false,,"Publisher announced substantial 2025 revisions. Match exact title, contents and rules; do not merge legacy and revised products.",,,,not_recorded,,not_established,,,,,,,,,not_assessed,,,,,,,,,,not_recorded,,,not_verified,,,unknown,not_checked,https://www.hans-im-glueck.de/en/unsere-spiele/carcassonne-expansions/,https://www.hans-im-glueck.de/en/?news=a-new-carcassonne-world,publisher,catalog,product_name;base_game_association,catalog_verified_details_pending,2026-09-20,web_retrieval_or_search_index; not a legal/license audit,2025_revision;edition;prerequisites;recommendation,not_established,US; regional availability not guaranteed,,,,,2026-09-20T14:35:11+00:00,fetch_failed,identity_not_established,https://www.hans-im-glueck.de/en/unsere-spiele/carcassonne-expansions/,,src-846c83103fbabf58,not_established,what_it_adds | base_game_requirement,,
rec_6c626eb7af98fe,prd_4534c5487a4e37,game_carcassonne,Carcassonne,carcassonne,Wonders of Humanity: Set 1,Hans im Gluck,gameplay_addition_format_pending,,secondary_catalog_identity,hold_for_product_detail_verification,unknown,unknown,,,not_verified,false,,,,,Promotional gameplay content; exact effects and required editions not independently checked.,format_level_only,,not_established,,,,,,,,,not_assessed,,,,,,,,,,not_recorded,,,not_verified,,,unknown,not_checked,,https://boardgamegeekstore.com/collections/bgg-store-promos?page=2,specialist_retailer,retailer_catalog,product_name;base_game_association,secondary_catalog_details_pending,2026-09-20,web_retrieval_or_search_index; not a legal/license audit,product_rulebook;prerequisites;edition;recommendation;retailer_identity_only,not_established,US; regional availability not guaranteed,,,,,2026-09-20T14:35:11+00:00,fetch_failed,identity_not_established,https://boardgamegeekstore.com/collections/bgg-store-promos?page=2,,src-42cc4ca501b42b1f,not_established,base_game_requirement | edition_compatibility_notes,,
rec_b293833b736559,prd_b57d0904b1abeb,game_carcassonne,Carcassonne,carcassonne,Wonders of Humanity: Set 2,Hans im Gluck,gameplay_addition_format_pending,,secondary_catalog_identity,hold_for_product_detail_verification,unknown,unknown,,,not_verified,false,,,,,Promotional gameplay content; exact effects and required editions not independently checked.,format_level_only,,not_established,,,,,,,,,not_assessed,,,,,,,,,,not_recorded,,,not_verified,,,unknown,not_checked,,https://boardgamegeekstore.com/collections/bgg-store-promos?page=2,specialist_retailer,retailer_catalog,product_name;base_game_association,secondary_catalog_details_pending,2026-09-20,web_retrieval_or_search_index; not a legal/license audit,product_rulebook;prerequisites;edition;recommendation;retailer_identity_only,not_established,US; regional availability not guaranteed,,,,,2026-09-20T14:35:11+00:00,fetch_failed,identity_not_established,https://boardgamegeekstore.com/collections/bgg-store-promos?page=2,,src-42cc4ca501b42b1f,not_established,base_game_requirement | edition_compatibility_notes,,
rec_24efcc1145804b,prd_116c191fd07c53,game_carcassonne,Carcassonne,carcassonne,Wonders of Humanity: Set 3,Hans im Gluck,gameplay_addition_format_pending,,secondary_catalog_identity,hold_for_product_detail_verification,unknown,unknown,,,not_verified,false,,,,,Promotional gameplay content; exact effects and required editions not independently checked.,format_level_only,,not_established,,,,,,,,,not_assessed,,,,,,,,,,not_recorded,,,not_verified,,,unknown,not_checked,,https://boardgamegeekstore.com/collections/bgg-store-promos?page=2,specialist_retailer,retailer_catalog,product_name;base_game_association,secondary_catalog_details_pending,2026-09-20,web_retrieval_or_search_index; not a legal/license audit,product_rulebook;prerequisites;edition;recommendation;retailer_identity_only,not_established,US; regional availability not guaranteed,,,,,2026-09-20T14:35:11+00:00,fetch_failed,identity_not_established,https://boardgamegeekstore.com/collections/bgg-store-promos?page=2,,src-42cc4ca501b42b1f,not_established,base_game_requirement | edition_compatibility_notes,,
rec_6cc99c74323394,prd_93bc572e57b378,game_cartographers,Cartographers,cartographers,Architects Mini Expansion,Thunderworks Games,gameplay_addition_format_pending,,secondary_catalog_identity,hold_for_product_detail_verification,unknown,unknown,,,not_verified,false,,,,,Promotional gameplay content; exact effects and required editions not independently checked.,format_level_only,,not_established,,,,,,,,,not_assessed,,,,,,,,,,not_recorded,,,not_verified,,,unknown,not_checked,,https://boardgamegeekstore.com/collections/bgg-store-promos?page=2,specialist_retailer,retailer_catalog,product_name;base_game_association,secondary_catalog_details_pending,2026-09-20,web_retrieval_or_search_index; not a legal/license audit,product_rulebook;prerequisites;edition;recommendation;retailer_identity_only,not_established,US; regional availability not guaranteed,,,,,2026-09-20T14:35:11+00:00,fetch_failed,identity_not_established,https://boardgamegeekstore.com/collections/bgg-store-promos?page=2,,src-42cc4ca501b42b1f,not_established,base_game_requirement | edition_compatibility_notes,,
rec_29aa0207e58fea,prd_6a811c6a0aa717,game_cartographers-heroes,Cartographers Heroes,cartographers-heroes,Champions Mini Expansion,Thunderworks Games,gameplay_addition_format_pending,,secondary_catalog_identity,hold_for_product_detail_verification,unknown,unknown,,,not_verified,false,,,,,Promotional gameplay content; exact effects and required editions not independently checked.,format_level_only,,not_established,,,,,,,,,not_assessed,,,,,,,,,,not_recorded,,,not_verified,,,unknown,not_checked,,https://boardgamegeekstore.com/collections/bgg-store-promos?page=4,specialist_retailer,retailer_catalog,product_name;base_game_association,secondary_catalog_details_pending,2026-09-20,web_retrieval_or_search_index; not a legal/license audit,product_rulebook;prerequisites;edition;recommendation;retailer_identity_only,not_established,US; regional availability not guaranteed,,,,,2026-09-20T14:35:11+00:00,fetch_failed,identity_not_established,https://boardgamegeekstore.com/collections/bgg-store-promos?page=4,,src-35a9b637149f4324,not_established,base_game_requirement | edition_compatibility_notes,,
rec_e6c3487b08f716,prd_b1e31ea410d6ca,game_catan,CATAN,catan,5-6 Player Expansion,CATAN Studio / KOSMOS,player_count_extension,,product_facts_checked,fact_checked_draft_needs_editorial_review,yes,no,CATAN,"[[""CATAN""]]",publisher_confirmed,true,,Match component edition and language. Older packages may say Extension rather than Expansion.,,,Additional components for a fifth and sixth player.,product_or_cycle_description,,not_established,5,6,publisher_product_listing,,,,,,not_assessed,,,,,,,,,,not_recorded,,,not_verified,,,unknown,not_checked,https://www.catan.com/explore-catan/catan-basegame-expansions/play-catan-5-6-players,,publisher,product_detail,product_name;base_game_association;what_it_adds;base_requirement,core_facts_verified,2026-09-20,web_retrieval_or_search_index; not a legal/license audit,edition;recommendation,not_established,US; regional availability not guaranteed,,,,,2026-09-20T14:35:11+00:00,fetch_failed,identity_not_established,https://www.catan.com/explore-catan/catan-basegame-expansions/play-catan-5-6-players,,src-299f66de3cc30ec9,not_established,,,
rec_741521f0819815,prd_c6b2c2a56a964e,game_catan,CATAN,catan,Cities & Knights,CATAN Studio / KOSMOS,expansion,,primary_catalog_identity,hold_for_product_detail_verification,yes,no,CATAN base game; match component edition.,"[[""CATAN""]]",publisher_summary_only,false,,English edition compatibility needs product-level confirmation.,,,"City development, knights and barbarian attacks.",product_or_cycle_description,,not_established,,,,Group wants city development and barbarian-defense decisions.,consider_for_stated_use,1,Group wants city development and barbarian-defense decisions.,"Select for the development/defense systems, not simply because it is next in a release list.",editorial_draft_mechanics_based,editorial_inference_from_publisher_mechanics_not_playtesting,stated_use_case_only_not_universal_rank,https://www.catan.com/explore-catan/catan-core-family-games,,,,,,,not_recorded,,,not_verified,,,unknown,not_checked,https://www.catan.com/explore-catan/catan-core-family-games,,publisher,catalog,product_name;base_game_association;base_requirement;what_it_adds,catalog_verified_details_pending,2026-09-20,web_retrieval_or_search_index; not a legal/license audit,prerequisites;edition;recommendation;editorial_human_review,not_established,US; regional availability not guaranteed,,,,,2026-09-20T14:35:11+00:00,fetch_failed,identity_not_established,https://www.catan.com/explore-catan/catan-core-family-games,,src-ce25dbf5d4f99c68,not_established,,,
rec_b78ea8ce6959ec,prd_1a05072c0eecbe,game_catan,CATAN,catan,Cities & Knights 5-6 Player Expansion,CATAN Studio / KOSMOS,player_count_extension,,product_facts_checked,fact_checked_draft_needs_editorial_review,yes,no,CATAN + Cities & Knights + 5-6 Player Expansion,"[[""CATAN"", ""Cities & Knights"", ""5-6 Player Expansion""]]",publisher_confirmed,true,,Four boxes total including this product. Match all box editions and component formats.,,,Extends Cities & Knights to five or six players.,product_or_cycle_description,,not_established,5,6,publisher_product_listing,,,,,,not_assessed,,,,,,,,,,not_recorded,,,not_verified,,,unknown,not_checked,https://www.catan.com/explore-catan/catan-basegame-expansions/play-catan-5-6-players,,publisher,product_detail,product_name;base_game_association;what_it_adds;base_requirement,core_facts_verified,2026-09-20,web_retrieval_or_search_index; not a legal/license audit,edition;recommendation,not_established,US; regional availability not guaranteed,,,,,2026-09-20T14:35:11+00:00,fetch_failed,identity_not_established,https://www.catan.com/explore-catan/catan-basegame-expansions/play-catan-5-6-players,,src-299f66de3cc30ec9,not_established,,,
rec_3a623a0e2abadd,prd_23d6fea894f556,game_catan,CATAN,catan,Explorers & Pirates,CATAN Studio / KOSMOS,expansion,,primary_catalog_identity,hold_for_product_detail_verification,yes,no,CATAN base game; match component edition.,"[[""CATAN""]]",publisher_summary_only,false,,English edition compatibility needs product-level confirmation.,,,Exploration scenarios.,product_or_cycle_description,,not_established,,,,,,,,,not_assessed,,,,,,,,,,not_recorded,,,not_verified,,,unknown,not_checked,https://www.catan.com/explore-catan/catan-core-family-games,,publisher,catalog,product_name;base_game_association;base_requirement;what_it_adds,catalog_verified_details_pending,2026-09-20,web_retrieval_or_search_index; not a legal/license audit,prerequisites;edition;recommendation,not_established,US; regional availability not guaranteed,,,,,2026-09-20T14:35:11+00:00,fetch_failed,identity_not_established,https://www.catan.com/explore-catan/catan-core-family-games,,src-ce25dbf5d4f99c68,not_established,,,
rec_59ba342af86a9e,prd_4be98bdad39d2c,game_catan,CATAN,catan,Explorers & Pirates 5-6 Player Expansion,CATAN Studio / KOSMOS,player_count_extension,,product_facts_checked,fact_checked_draft_needs_editorial_review,yes,no,CATAN + Explorers & Pirates + 5-6 Player Expansion,"[[""CATAN"", ""Explorers & Pirates"", ""5-6 Player Expansion""]]",publisher_confirmed,true,,Four boxes total including this product. Match all box editions and component formats.,,,Extends Explorers & Pirates to five or six players.,product_or_cycle_description,,not_established,5,6,publisher_product_listing,,,,,,not_assessed,,,,,,,,,,not_recorded,,,not_verified,,,unknown,not_checked,https://www.catan.com/explore-catan/catan-basegame-expansions/play-catan-5-6-players,,publisher,product_detail,product_name;base_game_association;what_it_adds;base_requirement,core_facts_verified,2026-09-20,web_retrieval_or_search_index; not a legal/license audit,edition;recommendation,not_established,US; regional availability not guaranteed,,,,,2026-09-20T14:35:11+00:00,fetch_failed,identity_not_established,https://www.catan.com/explore-catan/catan-basegame-expansions/play-catan-5-6-players,,src-299f66de3cc30ec9,not_established,,,
rec_5be01dd0a08dd7,prd_fe8cddfab18028,game_catan,CATAN,catan,Hawaii,CATAN Studio / KOSMOS,scenario_expansion,,primary_catalog_identity,hold_for_product_detail_verification,unknown,unknown,,,not_verified,false,,Listed by the publisher under Seafarers scenarios; exact components not yet verified.,,,,not_recorded,,not_established,,,,,,,,,not_assessed,,,,,,,,,,not_recorded,,,not_verified,,,unknown,not_checked,https://www.catan.com/explore-catan/catan-core-family-games,,publisher,catalog,product_name;base_game_association,catalog_verified_details_pending,2026-09-20,web_retrieval_or_search_index; not a legal/license audit,prerequisites;edition;recommendation,not_established,US; regional availability not guaranteed,,,,,2026-09-20T14:35:11+00:00,fetch_failed,identity_not_established,https://www.catan.com/explore-catan/catan-core-family-games,,src-ce25dbf5d4f99c68,not_established,what_it_adds | base_game_requirement,,
rec_1def9ba42c2c6f,prd_ceda9fc0f01a54,game_catan,CATAN,catan,Legend of the Conquerors,CATAN Studio / KOSMOS,scenario_pack,,product_facts_checked,fact_checked_draft_needs_editorial_review,yes,no,CATAN + Cities & Knights,"[[""CATAN"", ""Cities & Knights""]]",publisher_confirmed,false,,Publisher explains 2025-edition card-back differences; opaque sleeves may be needed. Check language and printing.,,,Three linked advanced chapters involving defense against conquerors.,product_or_cycle_description,,not_established,,,,Cities & Knights owner wants advanced linked chapters.,buy_only_when_requirements_met,2,Cities & Knights owner wants advanced linked chapters.,Requires Cities & Knights; edition/card-back checks remain important.,editorial_draft_mechanics_based,editorial_inference_from_publisher_mechanics_not_playtesting,stated_use_case_only_not_universal_rank,https://www.catan.com/legend-conquerors,,,,,,,not_recorded,,,not_verified,,,unknown,not_checked,https://www.catan.com/legend-conquerors,,publisher,product_detail,product_name;base_game_association;what_it_adds;base_requirement,core_facts_verified,2026-09-20,web_retrieval_or_search_index; not a legal/license audit,edition_card_backs;language;recommendation;editorial_human_review,not_established,US; regional availability not guaranteed,,,,,2026-09-20T14:35:11+00:00,fetch_failed,identity_not_established,https://www.catan.com/legend-conquerors,,src-68f546c915d74178,not_established,,,
rec_5dd85704d61333,prd_cdf38c7e48d47e,game_catan,CATAN,catan,Legend of the Sea Robbers,CATAN Studio / KOSMOS,expansion,,product_facts_checked,fact_checked_draft_needs_editorial_review,yes,no,CATAN + Seafarers,"[[""CATAN"", ""Seafarers""]]",publisher_confirmed,false,,"Not combinable with Explorers & Pirates or Traders & Barbarians. For 2025 editions, check card-back/sleeve guidance.",,,Four linked Seafarers chapters with developing rules and story.,product_or_cycle_description,,not_established,,,,Seafarers owner wants linked narrative chapters.,buy_only_when_requirements_met,2,Seafarers owner wants linked narrative chapters.,Needs Seafarers; do not present it as a replacement for that expansion.,editorial_draft_mechanics_based,editorial_inference_from_publisher_mechanics_not_playtesting,stated_use_case_only_not_universal_rank,https://www.catan.com/legend-sea-robbers,,,,,,,not_recorded,,,not_verified,,,unknown,not_checked,https://www.catan.com/legend-sea-robbers,,publisher,product_detail,product_name;base_game_association;what_it_adds;base_requirement,core_facts_verified,2026-09-20,web_retrieval_or_search_index; not a legal/license audit,edition_card_backs;language;recommendation;editorial_human_review,not_established,US; regional availability not guaranteed,,,,,2026-09-20T14:35:11+00:00,fetch_failed,identity_not_established,https://www.catan.com/legend-sea-robbers,,src-7e606a35a2649430,not_established,,,
rec_e162442abb7b67,prd_d61bc1f831af76,game_catan,CATAN,catan,Seafarers,CATAN Studio / KOSMOS,expansion,,primary_catalog_identity,hold_for_product_detail_verification,yes,no,CATAN base game; match component edition.,"[[""CATAN""]]",publisher_summary_only,false,,English edition compatibility needs product-level confirmation.,,,Ships and island exploration.,product_or_cycle_description,,not_established,,,,Group wants ships and exploration while keeping familiar CATAN play.,consider_for_stated_use,1,Group wants ships and exploration while keeping familiar CATAN play.,"Select for map/exploration variety, rather than city-development systems.",editorial_draft_mechanics_based,editorial_inference_from_publisher_mechanics_not_playtesting,stated_use_case_only_not_universal_rank,https://www.catan.com/explore-catan/catan-core-family-games,,,,,,,not_recorded,,,not_verified,,,unknown,not_checked,https://www.catan.com/explore-catan/catan-core-family-games,,publisher,catalog,product_name;base_game_association;base_requirement;what_it_adds,catalog_verified_details_pending,2026-09-20,web_retrieval_or_search_index; not a legal/license audit,prerequisites;edition;recommendation;editorial_human_review,not_established,US; regional availability not guaranteed,,,,,2026-09-20T14:35:11+00:00,fetch_failed,identity_not_established,https://www.catan.com/explore-catan/catan-core-family-games,,src-ce25dbf5d4f99c68,not_established,,,
rec_6e92a31b7c360a,prd_bcbe9d61523f80,game_catan,CATAN,catan,Seafarers 5-6 Player Expansion,CATAN Studio / KOSMOS,player_count_extension,,product_facts_checked,fact_checked_draft_needs_editorial_review,yes,no,CATAN + Seafarers + 5-6 Player Expansion,"[[""CATAN"", ""Seafarers"", ""5-6 Player Expansion""]]",publisher_confirmed,true,,Four boxes total including this product. Match all box editions and component formats.,,,Extends Seafarers to five or six players.,product_or_cycle_description,,not_established,5,6,publisher_product_listing,,,,,,not_assessed,,,,,,,,,,not_recorded,,,not_verified,,,unknown,not_checked,https://www.catan.com/explore-catan/catan-basegame-expansions/play-catan-5-6-players,,publisher,product_detail,product_name;base_game_association;what_it_adds;base_requirement,core_facts_verified,2026-09-20,web_retrieval_or_search_index; not a legal/license audit,edition;recommendation,not_established,US; regional availability not guaranteed,,,,,2026-09-20T14:35:11+00:00,fetch_failed,identity_not_established,https://www.catan.com/explore-catan/catan-basegame-expansions/play-catan-5-6-players,,src-299f66de3cc30ec9,not_established,,,
rec_16f96e767979eb,prd_a518a88966b85b,game_catan,CATAN,catan,Soccer Fever,CATAN Studio / KOSMOS,scenario_pack,,primary_catalog_identity,hold_for_product_detail_verification,unknown,unknown,,,not_verified,false,,,,,,not_recorded,,not_established,,,,,,,,,not_assessed,,,,,,,,,,not_recorded,,,not_verified,,,unknown,not_checked,https://www.catan.com/explore-catan/catan-core-family-games,,publisher,catalog,product_name;base_game_association,catalog_verified_details_pending,2026-09-20,web_retrieval_or_search_index; not a legal/license audit,prerequisites;edition;recommendation,not_established,US; regional availability not guaranteed,,,,,2026-09-20T14:35:11+00:00,fetch_failed,identity_not_established,https://www.catan.com/explore-catan/catan-core-family-games,,src-ce25dbf5d4f99c68,not_established,what_it_adds | base_game_requirement | edition_compatibility_notes,,
rec_14fc82706cf7fa,prd_4cb488331aac89,game_catan,CATAN,catan,The Helpers,CATAN Studio / KOSMOS,scenario_pack,,primary_catalog_identity,hold_for_product_detail_verification,unknown,unknown,,,not_verified,false,,,,,,not_recorded,,not_established,,,,,,,,,not_assessed,,,,,,,,,,not_recorded,,,not_verified,,,unknown,not_checked,https://www.catan.com/explore-catan/catan-core-family-games,,publisher,catalog,product_name;base_game_association,catalog_verified_details_pending,2026-09-20,web_retrieval_or_search_index; not a legal/license audit,prerequisites;edition;recommendation,not_established,US; regional availability not guaranteed,,,,,2026-09-20T14:35:11+00:00,fetch_failed,identity_not_established,https://www.catan.com/explore-catan/catan-core-family-games,,src-ce25dbf5d4f99c68,not_established,what_it_adds | base_game_requirement | edition_compatibility_notes,,
rec_25b56b35bd65f7,prd_ac15656f4b93c3,game_catan,CATAN,catan,Traders & Barbarians,CATAN Studio / KOSMOS,expansion,,primary_catalog_identity,hold_for_product_detail_verification,yes,no,CATAN base game; match component edition.,"[[""CATAN""]]",publisher_summary_only,false,,English edition compatibility needs product-level confirmation.,,,Multiple scenarios and variants.,product_or_cycle_description,,not_established,,,,,,,,,not_assessed,,,,,,,,,,not_recorded,,,not_verified,,,unknown,not_checked,https://www.catan.com/explore-catan/catan-core-family-games,,publisher,catalog,product_name;base_game_association;base_requirement;what_it_adds,catalog_verified_details_pending,2026-09-20,web_retrieval_or_search_index; not a legal/license audit,prerequisites;edition;recommendation,not_established,US; regional availability not guaranteed,,,,,2026-09-20T14:35:11+00:00,fetch_failed,identity_not_established,https://www.catan.com/explore-catan/catan-core-family-games,,src-ce25dbf5d4f99c68,not_established,,,
rec_779d88d3f049b5,prd_2026aaecf6916f,game_catan,CATAN,catan,Traders & Barbarians 5-6 Player Expansion,CATAN Studio / KOSMOS,player_count_extension,,product_facts_checked,fact_checked_draft_needs_editorial_review,yes,no,CATAN + Traders & Barbarians + 5-6 Player Expansion,"[[""CATAN"", ""Traders & Barbarians"", ""5-6 Player Expansion""]]",publisher_confirmed,true,,Four boxes total including this product. Match all box editions and component formats.,,,Extends Traders & Barbarians to five or six players.,product_or_cycle_description,,not_established,5,6,publisher_product_listing,,,,,,not_assessed,,,,,,,,,,not_recorded,,,not_verified,,,unknown,not_checked,https://www.catan.com/explore-catan/catan-basegame-expansions/play-catan-5-6-players,,publisher,product_detail,product_name;base_game_association;what_it_adds;base_requirement,core_facts_verified,2026-09-20,web_retrieval_or_search_index; not a legal/license audit,edition;recommendation,not_established,US; regional availability not guaranteed,,,,,2026-09-20T14:35:11+00:00,fetch_failed,identity_not_established,https://www.catan.com/explore-catan/catan-basegame-expansions/play-catan-5-6-players,,src-299f66de3cc30ec9,not_established,,,
rec_cc924ce61f05ee,prd_be7522b511122d,game_catan,CATAN,catan,"Treasures, Dragons & Adventurers",CATAN Studio / KOSMOS,scenario_pack,,product_facts_checked,fact_checked_draft_needs_editorial_review,yes,no,CATAN + Seafarers + Cities & Knights.,"[[""CATAN"",""Seafarers"",""Cities & Knights""]]",publisher_confirmed,true,,,,,"Six scenarios involving islands, treasure, dragons and canals.",product_or_cycle_description,,not_established,,,,,,,,,not_assessed,,,,,,,,,,not_recorded,,,not_verified,,,unknown,not_checked,https://www.catan.com/treasures-dragons-adventurers,,publisher,product_detail,product_name;base_game_association;base_requirement;prerequisite_chain;what_it_adds,core_facts_verified,2026-09-20,web_retrieval_or_search_index; not a legal/license audit,edition;recommendation,not_established,US; regional availability not guaranteed,,,,,2026-09-20T14:35:11+00:00,fetch_failed,identity_not_established,https://www.catan.com/treasures-dragons-adventurers,,src-e77d45ab593492ab,not_established,edition_compatibility_notes,,
rec_bd48df74efcea6,prd_c149d872a22f05,game_century-spice-road,Century: Spice Road,century-spice-road,2018 Bonus Cards,,gameplay_addition_format_pending,,secondary_catalog_identity,hold_for_product_detail_verification,unknown,unknown,,,not_verified,false,,,,,Promotional gameplay content; exact effects and required editions not independently checked.,format_level_only,,not_established,,,,,,,,,not_assessed,,,,,,,,,,not_recorded,,,not_verified,,,unknown,not_checked,,https://boardgamegeekstore.com/collections/bgg-store-promos?page=4,specialist_retailer,retailer_catalog,product_name;base_game_association,secondary_catalog_details_pending,2026-09-20,web_retrieval_or_search_index; not a legal/license audit,product_rulebook;prerequisites;edition;recommendation;retailer_identity_only,not_established,US; regional availability not guaranteed,,,,,2026-09-20T14:35:11+00:00,fetch_failed,identity_not_established,https://boardgamegeekstore.com/collections/bgg-store-promos?page=4,,src-35a9b637149f4324,not_established,base_game_requirement | edition_compatibility_notes,,
rec_e36b2ac25667e7,prd_a2d63b81480925,game_century-spice-road,Century: Spice Road,century-spice-road,Golden Deals Mini Expansion,,gameplay_addition_format_pending,,secondary_catalog_identity,hold_for_product_detail_verification,unknown,unknown,,,not_verified,false,,,,,Promotional gameplay content; exact effects and required editions not independently checked.,format_level_only,,not_established,,,,,,,,,not_assessed,,,,,,,,,,not_recorded,,,not_verified,,,unknown,not_checked,,https://boardgamegeekstore.com/collections/bgg-store-promos?page=3,specialist_retailer,retailer_catalog,product_name;base_game_association,secondary_catalog_details_pending,2026-09-20,web_retrieval_or_search_index; not a legal/license audit,product_rulebook;prerequisites;edition;recommendation;retailer_identity_only,not_established,US; regional availability not guaranteed,,,,,2026-09-20T14:35:11+00:00,fetch_failed,identity_not_established,https://boardgamegeekstore.com/collections/bgg-store-promos?page=3,,src-1d4913c5e78cfab9,not_established,base_game_requirement | edition_compatibility_notes,,
rec_2c024c5c4bad66,prd_3513d7210bb3e7,game_cerebria,Cerebria,cerebria,Forces of Balance,Mindclash Games,expansion,,primary_catalog_identity,hold_for_product_detail_verification,unknown,unknown,,,not_verified,false,,,,,,not_recorded,,not_established,,,,,,,,,not_assessed,,,,,,,,,,not_recorded,,,not_verified,,,unknown,not_checked,https://uk.shop.mindclashgames.com/product-category/expansions/,,publisher,catalog,product_name;base_game_association,catalog_verified_details_pending,2026-09-20,web_retrieval_or_search_index; not a legal/license audit,US_edition_availability;prerequisites;component_overlap;recommendation,not_established,US; regional availability not guaranteed,,,,,2026-09-20T14:35:11+00:00,fetch_failed,identity_not_established,https://uk.shop.mindclashgames.com/product-category/expansions/,,src-c2a0ba114a2a6d9e,not_established,what_it_adds | base_game_requirement | edition_compatibility_notes,,
rec_b7d2918bdd6a34,prd_cf439801276198,game_chronicles-of-avel,Chronicles of Avel,chronicles-of-avel,Hero's Treasures,,gameplay_addition_format_pending,,secondary_catalog_identity,hold_for_product_detail_verification,unknown,unknown,,,not_verified,false,,,,,Promotional gameplay content; exact effects and required editions not independently checked.,format_level_only,,not_established,,,,,,,,,not_assessed,,,,,,,,,,not_recorded,,,not_verified,,,unknown,not_checked,,https://boardgamegeekstore.com/collections/bgg-store-promos?page=4,specialist_retailer,retailer_catalog,product_name;base_game_association,secondary_catalog_details_pending,2026-09-20,web_retrieval_or_search_index; not a legal/license audit,product_rulebook;prerequisites;edition;recommendation;retailer_identity_only,not_established,US; regional availability not guaranteed,,,,,2026-09-20T14:35:11+00:00,fetch_failed,identity_not_established,https://boardgamegeekstore.com/collections/bgg-store-promos?page=4,,src-35a9b637149f4324,not_established,base_game_requirement | edition_compatibility_notes,,
rec_3b54617ec0b530,prd_dca3da03c8f7a6,game_citizens-of-the-spark,Citizens of the Spark,citizens-of-the-spark,Transmission Pack,Thunderworks Games,gameplay_addition_format_pending,,secondary_catalog_identity,hold_for_product_detail_verification,unknown,unknown,,,not_verified,false,,,,,Promotional gameplay content; exact effects and required editions not independently checked.,format_level_only,,not_established,,,,,,,,,not_assessed,,,,,,,,,,not_recorded,,,not_verified,,,unknown,not_checked,,https://boardgamegeekstore.com/collections/bgg-store-promos,specialist_retailer,retailer_catalog,product_name;base_game_association,secondary_catalog_details_pending,2026-09-20,web_retrieval_or_search_index; not a legal/license audit,product_rulebook;prerequisites;edition;recommendation;retailer_identity_only,not_established,US; regional availability not guaranteed,,,,,2026-09-20T14:35:11+00:00,fetch_failed,identity_not_established,https://boardgamegeekstore.com/collections/bgg-store-promos,,src-01c27471df6176f4,not_established,base_game_requirement | edition_compatibility_notes,,
rec_5589d32f5ea2db,prd_bba6cd857fb921,game_clank-a-deck-building-adventure,Clank! A Deck-Building Adventure,clank-a-deck-building-adventure,Adventuring Party,Dire Wolf,expansion,original release,primary_catalog_identity,hold_for_product_detail_verification,unknown,unknown,,,not_verified,false,,,New Master Thief Edition versions are announced; check reprint overlap and upgrade requirements.,,,not_recorded,,not_established,,,,,,,,,not_assessed,,,,,,,,,,not_recorded,,,not_verified,,,unknown,not_checked,https://news.direwolfdigital.com/everything-you-need-to-know-about-the-clank-master-thief-editions/,,publisher,catalog,product_name;base_game_association,catalog_verified_details_pending,2026-09-20,web_retrieval_or_search_index; not a legal/license audit,prerequisites;edition;recommendation,not_established,US; regional availability not guaranteed,,,,,2026-09-20T14:35:11+00:00,fetch_failed,identity_not_established,https://news.direwolfdigital.com/everything-you-need-to-know-about-the-clank-master-thief-editions/,,src-13fd1d77201bbb99,not_established,what_it_adds | base_game_requirement | edition_compatibility_notes,,
rec_9a4ba2b1682643,prd_03b35592717283,game_clank-a-deck-building-adventure,Clank! A Deck-Building Adventure,clank-a-deck-building-adventure,Adventuring Party (Master Thief Edition),Dire Wolf,revised_expansion,Master Thief Edition,primary_catalog_identity,hold_for_product_detail_verification,unknown,unknown,,,not_verified,false,,Use the Master Thief base or verify the required Mastery Pack conversion; do not assume original components suffice.,"Updated version of existing expansion, not wholly new content.",,,not_recorded,,not_established,,,,,,,,,not_assessed,,,,,,,,,,not_recorded,,,not_verified,,,crowdfunding_announced,not_checked,https://news.direwolfdigital.com/everything-you-need-to-know-about-the-clank-master-thief-editions/,,publisher,catalog,product_name;base_game_association,catalog_verified_details_pending,2026-09-20,web_retrieval_or_search_index; not a legal/license audit,prerequisites;edition;recommendation,not_established,US; regional availability not guaranteed,,,,,2026-09-20T14:35:11+00:00,fetch_failed,identity_not_established,https://news.direwolfdigital.com/everything-you-need-to-know-about-the-clank-master-thief-editions/,,src-13fd1d77201bbb99,not_established,what_it_adds | base_game_requirement,,
rec_2825dcc1222ce3,prd_afd78fdb8cf788,game_clank-a-deck-building-adventure,Clank! A Deck-Building Adventure,clank-a-deck-building-adventure,Expeditions (Master Thief Edition),Dire Wolf,expansion_bundle,Master Thief Edition,primary_catalog_identity,hold_for_product_detail_verification,unknown,unknown,,,not_verified,false,,Master Thief Edition compatibility must be checked against the owned base.,"Combines Gold & Silk and Temple of the Ape Lords, with revised boards.",,,not_recorded,,not_established,,,,,,,,,not_assessed,,,,,,,,,,not_recorded,,,not_verified,,,crowdfunding_announced,not_checked,https://news.direwolfdigital.com/everything-you-need-to-know-about-the-clank-master-thief-editions/,,publisher,catalog,product_name;base_game_association,catalog_verified_details_pending,2026-09-20,web_retrieval_or_search_index; not a legal/license audit,prerequisites;edition;recommendation,not_established,US; regional availability not guaranteed,,,,,2026-09-20T14:35:11+00:00,fetch_failed,identity_not_established,https://news.direwolfdigital.com/everything-you-need-to-know-about-the-clank-master-thief-editions/,,src-13fd1d77201bbb99,not_established,what_it_adds | base_game_requirement,,
rec_0a1e4ef0518023,prd_7cddf571170f3d,game_clank-a-deck-building-adventure,Clank! A Deck-Building Adventure,clank-a-deck-building-adventure,Expeditions: Gold & Silk,Dire Wolf,expansion,original release,primary_catalog_identity,hold_for_product_detail_verification,unknown,unknown,,,not_verified,false,,,New Master Thief Edition versions are announced; check reprint overlap and upgrade requirements.,,,not_recorded,,not_established,,,,,,,,,not_assessed,,,,,,,,,,not_recorded,,,not_verified,,,unknown,not_checked,https://news.direwolfdigital.com/everything-you-need-to-know-about-the-clank-master-thief-editions/,,publisher,catalog,product_name;base_game_association,catalog_verified_details_pending,2026-09-20,web_retrieval_or_search_index; not a legal/license audit,prerequisites;edition;recommendation,not_established,US; regional availability not guaranteed,,,,,2026-09-20T14:35:11+00:00,fetch_failed,identity_not_established,https://news.direwolfdigital.com/everything-you-need-to-know-about-the-clank-master-thief-editions/,,src-13fd1d77201bbb99,not_established,what_it_adds | base_game_requirement | edition_compatibility_notes,,
rec_89f047061228df,prd_7d88ea18fae943,game_clank-a-deck-building-adventure,Clank! A Deck-Building Adventure,clank-a-deck-building-adventure,Expeditions: Temple of the Ape Lords,Dire Wolf,expansion,original release,primary_catalog_identity,hold_for_product_detail_verification,unknown,unknown,,,not_verified,false,,,New Master Thief Edition versions are announced; check reprint overlap and upgrade requirements.,,,not_recorded,,not_established,,,,,,,,,not_assessed,,,,,,,,,,not_recorded,,,not_verified,,,unknown,not_checked,https://news.direwolfdigital.com/everything-you-need-to-know-about-the-clank-master-thief-editions/,,publisher,catalog,product_name;base_game_association,catalog_verified_details_pending,2026-09-20,web_retrieval_or_search_index; not a legal/license audit,prerequisites;edition;recommendation,not_established,US; regional availability not guaranteed,,,,,2026-09-20T14:35:11+00:00,fetch_failed,identity_not_established,https://news.direwolfdigital.com/everything-you-need-to-know-about-the-clank-master-thief-editions/,,src-13fd1d77201bbb99,not_established,what_it_adds | base_game_requirement | edition_compatibility_notes,,
rec_43ab868cf05438,prd_a285aa85f081d7,game_clank-a-deck-building-adventure,Clank! A Deck-Building Adventure,clank-a-deck-building-adventure,Mastery Pack,Dire Wolf,edition_upgrade_pack,,primary_catalog_identity,hold_for_product_detail_verification,unknown,unknown,,,not_verified,false,,Components for several original products are included; check which originals are owned.,"An upgrade kit, not the complete base game or complete original expansions.",,"Updated boards, adjusted cards and gameplay components to convert existing original-line games.",product_or_cycle_description,,not_established,,,,,,,,,not_assessed,,,,,,,,,,not_recorded,,,not_verified,,,crowdfunding_announced,not_checked,https://news.direwolfdigital.com/everything-you-need-to-know-about-the-clank-master-thief-editions/,,publisher,catalog,product_name;base_game_association,catalog_verified_details_pending,2026-09-20,web_retrieval_or_search_index; not a legal/license audit,prerequisites;edition;recommendation,not_established,US; regional availability not guaranteed,,,,,2026-09-20T14:35:11+00:00,fetch_failed,identity_not_established,https://news.direwolfdigital.com/everything-you-need-to-know-about-the-clank-master-thief-editions/,,src-13fd1d77201bbb99,not_established,base_game_requirement,,
rec_a062940d1194ba,prd_5fa9b0aad58895,game_clank-a-deck-building-adventure,Clank! A Deck-Building Adventure,clank-a-deck-building-adventure,Sunken Treasures,Dire Wolf,map_and_card_expansion,,product_facts_checked,fact_checked_draft_needs_editorial_review,yes,no,Clank! A Deck-Building Adventure.,"[[""Clank! A Deck-Building Adventure""]]",publisher_confirmed,true,,,,,"Flooded maps, swimming rules and 36 additional cards.",product_or_cycle_description,,not_established,,,,,,,,,not_assessed,,,,,,,,,,not_recorded,,,not_verified,,,unknown,not_checked,https://www.direwolfdigital.com/clanksunkentreasures/,,publisher,product_detail,product_name;base_game_association;base_requirement;what_it_adds,core_facts_verified,2026-09-20,web_retrieval_or_search_index; not a legal/license audit,master_thief_edition_overlap;recommendation,not_established,US; regional availability not guaranteed,,,,,2026-09-20T14:35:11+00:00,fetch_failed,identity_not_established,https://www.direwolfdigital.com/clanksunkentreasures/,,src-6aac8d40e935bb26,not_established,edition_compatibility_notes,,
rec_3efcce13890dcf,prd_c6f3d3ae8a62a3,game_clank-a-deck-building-adventure,Clank! A Deck-Building Adventure,clank-a-deck-building-adventure,Sunken Treasures (Master Thief Edition),Dire Wolf,revised_expansion,Master Thief Edition,primary_catalog_identity,hold_for_product_detail_verification,unknown,unknown,,,not_verified,false,,Use the Master Thief base or verify the required Mastery Pack conversion; do not assume original components suffice.,"Updated version of existing expansion, not wholly new content.",,,not_recorded,,not_established,,,,,,,,,not_assessed,,,,,,,,,,not_recorded,,,not_verified,,,crowdfunding_announced,not_checked,https://news.direwolfdigital.com/everything-you-need-to-know-about-the-clank-master-thief-editions/,,publisher,catalog,product_name;base_game_association,catalog_verified_details_pending,2026-09-20,web_retrieval_or_search_index; not a legal/license audit,prerequisites;edition;recommendation,not_established,US; regional availability not guaranteed,,,,,2026-09-20T14:35:11+00:00,fetch_failed,identity_not_established,https://news.direwolfdigital.com/everything-you-need-to-know-about-the-clank-master-thief-editions/,,src-13fd1d77201bbb99,not_established,what_it_adds | base_game_requirement,,
rec_06838aaaa22740,prd_f912547f5b8cce,game_clank-a-deck-building-adventure,Clank! A Deck-Building Adventure,clank-a-deck-building-adventure,The Forgotten Vault,Dire Wolf,expansion,Master Thief Edition,primary_catalog_identity,hold_for_product_detail_verification,unknown,unknown,,,not_verified,false,,Designed for the Master Thief Edition base; check original-edition upgrade requirements.,,,,not_recorded,,not_established,,,,,,,,,not_assessed,,,,,,,,,,not_recorded,,,not_verified,,,crowdfunding_announced,not_checked,https://news.direwolfdigital.com/everything-you-need-to-know-about-the-clank-master-thief-editions/,,publisher,catalog,product_name;base_game_association,catalog_verified_details_pending,2026-09-20,web_retrieval_or_search_index; not a legal/license audit,prerequisites;edition;recommendation,not_established,US; regional availability not guaranteed,,,,,2026-09-20T14:35:11+00:00,fetch_failed,identity_not_established,https://news.direwolfdigital.com/everything-you-need-to-know-about-the-clank-master-thief-editions/,,src-13fd1d77201bbb99,not_established,what_it_adds | base_game_requirement,,
rec_64861946468058,prd_a4f6a4ef61806a,game_clank-a-deck-building-adventure,Clank! A Deck-Building Adventure,clank-a-deck-building-adventure,The Mummy's Curse,Dire Wolf,expansion,original release,primary_catalog_identity,hold_for_product_detail_verification,unknown,unknown,,,not_verified,false,,,New Master Thief Edition versions are announced; check reprint overlap and upgrade requirements.,,,not_recorded,,not_established,,,,,,,,,not_assessed,,,,,,,,,,not_recorded,,,not_verified,,,unknown,not_checked,https://news.direwolfdigital.com/everything-you-need-to-know-about-the-clank-master-thief-editions/,,publisher,catalog,product_name;base_game_association,catalog_verified_details_pending,2026-09-20,web_retrieval_or_search_index; not a legal/license audit,prerequisites;edition;recommendation,not_established,US; regional availability not guaranteed,,,,,2026-09-20T14:35:11+00:00,fetch_failed,identity_not_established,https://news.direwolfdigital.com/everything-you-need-to-know-about-the-clank-master-thief-editions/,,src-13fd1d77201bbb99,not_established,what_it_adds | base_game_requirement | edition_compatibility_notes,,
rec_2d478ff5fb07f6,prd_5b8665b3aa19e2,game_clank-a-deck-building-adventure,Clank! A Deck-Building Adventure,clank-a-deck-building-adventure,The Mummy's Curse (Master Thief Edition),Dire Wolf,revised_expansion,Master Thief Edition,primary_catalog_identity,hold_for_product_detail_verification,unknown,unknown,,,not_verified,false,,Use the Master Thief base or verify the required Mastery Pack conversion; do not assume original components suffice.,"Updated version of existing expansion, not wholly new content.",,,not_recorded,,not_established,,,,,,,,,not_assessed,,,,,,,,,,not_recorded,,,not_verified,,,crowdfunding_announced,not_checked,https://news.direwolfdigital.com/everything-you-need-to-know-about-the-clank-master-thief-editions/,,publisher,catalog,product_name;base_game_association,catalog_verified_details_pending,2026-09-20,web_retrieval_or_search_index; not a legal/license audit,prerequisites;edition;recommendation,not_established,US; regional availability not guaranteed,,,,,2026-09-20T14:35:11+00:00,fetch_failed,identity_not_established,https://news.direwolfdigital.com/everything-you-need-to-know-about-the-clank-master-thief-editions/,,src-13fd1d77201bbb99,not_established,what_it_adds | base_game_requirement,,
rec_7a724e2a3b8be4,prd_00f49715c3a4a7,game_clank-a-deck-building-adventure,Clank! A Deck-Building Adventure,clank-a-deck-building-adventure,Wandering Monsters,Dire Wolf,bundled_mini_expansion,,primary_catalog_identity,hold_for_product_detail_verification,unknown,unknown,,,not_verified,false,,Requires Master Thief-compatible boards and supporting base components.,Included in the Master Thief base and Mastery Pack; not verified as a separate retail product.,,14 cards and 40 monster tokens interacting with new monster tunnels.,product_or_cycle_description,,not_established,,,,,,,,,not_assessed,,,,,,,,,,not_recorded,,,not_verified,,,crowdfunding_announced,not_checked,https://news.direwolfdigital.com/everything-you-need-to-know-about-the-clank-master-thief-editions/,,publisher,catalog,product_name;base_game_association,catalog_verified_details_pending,2026-09-20,web_retrieval_or_search_index; not a legal/license audit,prerequisites;edition;recommendation,not_established,US; regional availability not guaranteed,,,,,2026-09-20T14:35:11+00:00,fetch_failed,identity_not_established,https://news.direwolfdigital.com/everything-you-need-to-know-about-the-clank-master-thief-editions/,,src-13fd1d77201bbb99,not_established,base_game_requirement,,
rec_e52d5ecd613938,prd_518f750130d8c0,game_concordia,Concordia,concordia,Aegyptus & Creta,Rio Grande Games,map_expansion,,primary_catalog_identity,hold_for_product_detail_verification,unknown,unknown,,,not_verified,false,,,,,Alternative map boards; map-specific player counts and rules require product-level verification.,product_or_cycle_description,,not_established,,,,,,,,,not_assessed,,,,,,,,,,not_recorded,,,not_verified,,,unknown,not_checked,https://www.riograndegames.com/games/concordia/,,publisher,catalog,product_name;base_game_association,catalog_verified_details_pending,2026-09-20,web_retrieval_or_search_index; not a legal/license audit,prerequisites;edition;recommendation,not_established,US; regional availability not guaranteed,,,,,2026-09-20T14:35:11+00:00,fetch_failed,identity_not_established,https://www.riograndegames.com/games/concordia/,,src-f76c5af79b24465e,not_established,base_game_requirement | edition_compatibility_notes,,
rec_0508a45c94ff17,prd_9e59e63beaeadd,game_concordia,Concordia,concordia,Balearica & Cyprus,Rio Grande Games,map_expansion,,primary_catalog_identity,hold_for_product_detail_verification,unknown,unknown,,,not_verified,false,,,,,Alternative map boards; map-specific player counts and rules require product-level verification.,product_or_cycle_description,,not_established,,,,,,,,,not_assessed,,,,,,,,,,not_recorded,,,not_verified,,,unknown,not_checked,https://www.riograndegames.com/games/concordia/,,publisher,catalog,product_name;base_game_association,catalog_verified_details_pending,2026-09-20,web_retrieval_or_search_index; not a legal/license audit,prerequisites;edition;recommendation,not_established,US; regional availability not guaranteed,,,,,2026-09-20T14:35:11+00:00,fetch_failed,identity_not_established,https://www.riograndegames.com/games/concordia/,,src-f76c5af79b24465e,not_established,base_game_requirement | edition_compatibility_notes,,
rec_154146902ba180,prd_dee07da38aa2b3,game_concordia,Concordia,concordia,Balearica & Italia,Rio Grande Games,map_expansion,,primary_catalog_identity,hold_for_product_detail_verification,unknown,unknown,,,not_verified,false,,,,,Alternative map boards; map-specific player counts and rules require product-level verification.,product_or_cycle_description,,not_established,,,,,,,,,not_assessed,,,,,,,,,,not_recorded,,,not_verified,,,unknown,not_checked,https://www.riograndegames.com/games/concordia/,,publisher,catalog,product_name;base_game_association,catalog_verified_details_pending,2026-09-20,web_retrieval_or_search_index; not a legal/license audit,prerequisites;edition;recommendation,not_established,US; regional availability not guaranteed,,,,,2026-09-20T14:35:11+00:00,fetch_failed,identity_not_established,https://www.riograndegames.com/games/concordia/,,src-f76c5af79b24465e,not_established,base_game_requirement | edition_compatibility_notes,,
rec_066ff42c14f892,prd_73085363f50499,game_concordia,Concordia,concordia,Britannia & Germania,Rio Grande Games,map_expansion,,primary_catalog_identity,hold_for_product_detail_verification,unknown,unknown,,,not_verified,false,,,,,Alternative map boards; map-specific player counts and rules require product-level verification.,product_or_cycle_description,,not_established,,,,,,,,,not_assessed,,,,,,,,,,not_recorded,,,not_verified,,,unknown,not_checked,https://www.riograndegames.com/games/concordia/,,publisher,catalog,product_name;base_game_association,catalog_verified_details_pending,2026-09-20,web_retrieval_or_search_index; not a legal/license audit,prerequisites;edition;recommendation,not_established,US; regional availability not guaranteed,,,,,2026-09-20T14:35:11+00:00,fetch_failed,identity_not_established,https://www.riograndegames.com/games/concordia/,,src-f76c5af79b24465e,not_established,base_game_requirement | edition_compatibility_notes,,
rec_b25fafda6055da,prd_f865635e9d58b3,game_concordia,Concordia,concordia,Concordia Venus (Standalone Box),Rio Grande Games,standalone_compatible,,primary_catalog_identity,hold_for_product_detail_verification,no,yes,,,not_verified,false,,,Distinct from the Venus Expansion box. Contains base-game material; check overlap before purchase.,,,not_recorded,,not_established,,,,,,,,,not_assessed,,,,,,,,,,not_recorded,,,not_verified,,,unknown,not_checked,https://www.riograndegames.com/games/concordia/,,publisher,catalog,product_name;base_game_association,catalog_verified_details_pending,2026-09-20,web_retrieval_or_search_index; not a legal/license audit,map_compatibility;recommendation,not_established,US; regional availability not guaranteed,,,,,2026-09-20T14:35:11+00:00,fetch_failed,identity_not_established,https://www.riograndegames.com/games/concordia/,,src-f76c5af79b24465e,not_established,what_it_adds | edition_compatibility_notes,,
rec_fabe5c160a82b3,prd_5aa7946366fdc8,game_concordia,Concordia,concordia,Gallia & Corsica,Rio Grande Games,map_expansion,,primary_catalog_identity,hold_for_product_detail_verification,unknown,unknown,,,not_verified,false,,,,,Alternative map boards; map-specific player counts and rules require product-level verification.,product_or_cycle_description,,not_established,,,,,,,,,not_assessed,,,,,,,,,,not_recorded,,,not_verified,,,unknown,not_checked,https://www.riograndegames.com/games/concordia/,,publisher,catalog,product_name;base_game_association,catalog_verified_details_pending,2026-09-20,web_retrieval_or_search_index; not a legal/license audit,prerequisites;edition;recommendation,not_established,US; regional availability not guaranteed,,,,,2026-09-20T14:35:11+00:00,fetch_failed,identity_not_established,https://www.riograndegames.com/games/concordia/,,src-f76c5af79b24465e,not_established,base_game_requirement | edition_compatibility_notes,,
rec_65e738d01e6c2b,prd_d026604299ed85,game_concordia,Concordia,concordia,Roma / Sicilia,Rio Grande Games,map_expansion,,primary_catalog_identity,hold_for_product_detail_verification,unknown,unknown,,,not_verified,false,,,,,Alternative map boards; map-specific player counts and rules require product-level verification.,product_or_cycle_description,,not_established,,,,,,,,,not_assessed,,,,,,,,,,not_recorded,,,not_verified,,,unknown,not_checked,https://www.riograndegames.com/games/concordia/,,publisher,catalog,product_name;base_game_association,catalog_verified_details_pending,2026-09-20,web_retrieval_or_search_index; not a legal/license audit,prerequisites;edition;recommendation,not_established,US; regional availability not guaranteed,,,,,2026-09-20T14:35:11+00:00,fetch_failed,identity_not_established,https://www.riograndegames.com/games/concordia/,,src-f76c5af79b24465e,not_established,base_game_requirement | edition_compatibility_notes,,
rec_2d70a19e8a75a1,prd_7d31753a637bf5,game_concordia,Concordia,concordia,Salsa,Rio Grande Games,expansion,,primary_catalog_identity,hold_for_product_detail_verification,unknown,unknown,,,not_verified,false,,,,,,not_recorded,,not_established,,,,,,,,,not_assessed,,,,,,,,,,not_recorded,,,not_verified,,,unknown,not_checked,https://www.riograndegames.com/games/concordia/,,publisher,catalog,product_name;base_game_association,catalog_verified_details_pending,2026-09-20,web_retrieval_or_search_index; not a legal/license audit,prerequisites;edition;recommendation,not_established,US; regional availability not guaranteed,,,,,2026-09-20T14:35:11+00:00,fetch_failed,identity_not_established,https://www.riograndegames.com/games/concordia/,,src-f76c5af79b24465e,not_established,what_it_adds | base_game_requirement | edition_compatibility_notes,,
rec_878c94bfb19d4a,prd_5a43373ad5703c,game_concordia,Concordia,concordia,Solitaria,Rio Grande Games,expansion,,primary_catalog_identity,hold_for_product_detail_verification,unknown,unknown,,,not_verified,false,,,,,,not_recorded,,not_established,,,,,,,,,not_assessed,,,,,,,,,,not_recorded,,,not_verified,,,unknown,not_checked,https://www.riograndegames.com/games/concordia/,,publisher,catalog,product_name;base_game_association,catalog_verified_details_pending,2026-09-20,web_retrieval_or_search_index; not a legal/license audit,prerequisites;edition;recommendation,not_established,US; regional availability not guaranteed,,,,,2026-09-20T14:35:11+00:00,fetch_failed,identity_not_established,https://www.riograndegames.com/games/concordia/,,src-f76c5af79b24465e,not_established,what_it_adds | base_game_requirement | edition_compatibility_notes,,
rec_2e61464b76f9cc,prd_d2474152477d34,game_concordia,Concordia,concordia,Venus Expansion,Rio Grande Games,expansion,,primary_catalog_identity,hold_for_product_detail_verification,unknown,unknown,,,not_verified,false,,,,,,not_recorded,,not_established,,,,,,,,,not_assessed,,,,,,,,,,not_recorded,,,not_verified,,,unknown,not_checked,https://www.riograndegames.com/games/concordia/,,publisher,catalog,product_name;base_game_association,catalog_verified_details_pending,2026-09-20,web_retrieval_or_search_index; not a legal/license audit,prerequisites;edition;recommendation,not_established,US; regional availability not guaranteed,,,,,2026-09-20T14:35:11+00:00,fetch_failed,identity_not_established,https://www.riograndegames.com/games/concordia/,,src-f76c5af79b24465e,not_established,what_it_adds | base_game_requirement | edition_compatibility_notes,,
rec_016fc5e7700181,prd_c62516bdb16379,game_coup,Coup,coup,Reformation,Indie Boards and Cards,expansion,,primary_catalog_identity,hold_for_product_detail_verification,unknown,unknown,,,not_verified,false,,,,,,not_recorded,,not_established,,,,,,,,,not_assessed,,,,,,,,,,not_recorded,,,not_verified,,,unknown,not_checked,https://indieboardsandcards.com/type/expansions/,,publisher,catalog,product_name;base_game_association,catalog_verified_details_pending,2026-09-20,web_retrieval_or_search_index; not a legal/license audit,exact_compatible_core_set;edition;prerequisites;recommendation,not_established,US; regional availability not guaranteed,,,,,2026-09-20T14:35:11+00:00,fetch_failed,identity_not_established,https://indieboardsandcards.com/type/expansions/,,src-ad059ab786e6a887,not_established,what_it_adds | base_game_requirement | edition_compatibility_notes,,
rec_1557a262d2d290,prd_a04570abd256eb,game_coup-rebellion-g54,Coup: Rebellion G54,coup-rebellion-g54,Anarchy,Indie Boards and Cards,expansion,,primary_catalog_identity,hold_for_product_detail_verification,unknown,unknown,,,not_verified,false,,,,,,not_recorded,,not_established,,,,,,,,,not_assessed,,,,,,,,,,not_recorded,,,not_verified,,,unknown,not_checked,https://indieboardsandcards.com/type/expansions/,,publisher,catalog,product_name;base_game_association,catalog_verified_details_pending,2026-09-20,web_retrieval_or_search_index; not a legal/license audit,exact_compatible_core_set;edition;prerequisites;recommendation,not_established,US; regional availability not guaranteed,,,,,2026-09-20T14:35:11+00:00,fetch_failed,identity_not_established,https://indieboardsandcards.com/type/expansions/,,src-ad059ab786e6a887,not_established,what_it_adds | base_game_requirement | edition_compatibility_notes,,
rec_199726082a5dcb,prd_c1d859ae29fa04,game_decorum,Decorum,decorum,OFPG Scenario Promo,,official_promo,,secondary_catalog_identity,hold_for_product_detail_verification,unknown,unknown,,,not_verified,false,,,,,Promotional gameplay content; exact effects and required editions not independently checked.,format_level_only,,not_established,,,,,,,,,not_assessed,,,,,,,,,,not_recorded,,,not_verified,,,unknown,not_checked,,https://boardgamegeekstore.com/collections/bgg-store-promos?page=2,specialist_retailer,retailer_catalog,product_name;base_game_association,secondary_catalog_details_pending,2026-09-20,web_retrieval_or_search_index; not a legal/license audit,product_rulebook;prerequisites;edition;recommendation;retailer_identity_only,not_established,US; regional availability not guaranteed,,,,,2026-09-20T14:35:11+00:00,fetch_failed,identity_not_established,https://boardgamegeekstore.com/collections/bgg-store-promos?page=2,,src-42cc4ca501b42b1f,not_established,base_game_requirement | edition_compatibility_notes,,
rec_dc342d966399a7,prd_920810f722f564,game_delve,Delve,delve,Peril Awaits,Indie Boards and Cards,expansion,,primary_catalog_identity,hold_for_product_detail_verification,unknown,unknown,,,not_verified,false,,,,,,not_recorded,,not_established,,,,,,,,,not_assessed,,,,,,,,,,not_recorded,,,not_verified,,,unknown,not_checked,https://indieboardsandcards.com/type/expansions/,,publisher,catalog,product_name;base_game_association,catalog_verified_details_pending,2026-09-20,web_retrieval_or_search_index; not a legal/license audit,exact_compatible_core_set;edition;prerequisites;recommendation,not_established,US; regional availability not guaranteed,,,,,2026-09-20T14:35:11+00:00,fetch_failed,identity_not_established,https://indieboardsandcards.com/type/expansions/,,src-ad059ab786e6a887,not_established,what_it_adds | base_game_requirement | edition_compatibility_notes,,
rec_98f9daf5472326,prd_9c95bbbf575daa,game_dinosaur-world,Dinosaur World,dinosaur-world,Recruiter Promo,,official_promo,,secondary_catalog_identity,hold_for_product_detail_verification,unknown,unknown,,,not_verified,false,,,,,Promotional gameplay content; exact effects and required editions not independently checked.,format_level_only,,not_established,,,,,,,,,not_assessed,,,,,,,,,,not_recorded,,,not_verified,,,unknown,not_checked,,https://boardgamegeekstore.com/collections/bgg-store-promos?page=3,specialist_retailer,retailer_catalog,product_name;base_game_association,secondary_catalog_details_pending,2026-09-20,web_retrieval_or_search_index; not a legal/license audit,product_rulebook;prerequisites;edition;recommendation;retailer_identity_only,not_established,US; regional availability not guaranteed,,,,,2026-09-20T14:35:11+00:00,fetch_failed,identity_not_established,https://boardgamegeekstore.com/collections/bgg-store-promos?page=3,,src-1d4913c5e78cfab9,not_established,base_game_requirement | edition_compatibility_notes,,
rec_3a26ddfe7be369,prd_ed565e90d4742d,game_disney-villainous,Disney Villainous,disney-villainous,Darkness Brewing,Ravensburger,compatible_character_set,,primary_catalog_identity,hold_for_product_detail_verification,unknown,unknown,,,not_verified,false,,"Only combine products within the same Disney, Marvel or Star Wars Villainous universe.",,,,not_recorded,,not_established,,,,,,,,,not_assessed,,,,,,,,,,not_recorded,,,not_verified,,,unknown,not_checked,https://www.ravensburger.us/en-US/products/games/villainous-games,,publisher,catalog,product_name;base_game_association,catalog_verified_details_pending,2026-09-20,web_retrieval_or_search_index; not a legal/license audit,prerequisites;edition;recommendation,not_established,US; regional availability not guaranteed,,,,,2026-09-20T14:35:11+00:00,fetch_failed,identity_not_established,https://www.ravensburger.us/en-US/products/games/villainous-games,,src-627751c03d890d75,not_established,what_it_adds | base_game_requirement,,
rec_509f29501d3513,prd_fe5a63ecfcc810,game_disney-villainous,Disney Villainous,disney-villainous,Evil Comes Prepared,Ravensburger,standalone_compatible,,product_facts_checked,fact_checked_draft_needs_editorial_review,no,yes,Playable by itself; may combine with a set in the same Villainous universe.,,publisher_confirmed,false,,"Disney, Marvel and Star Wars universes are not cross-compatible. Standalone does not mean solitaire.",,,,not_recorded,,not_established,,,,,,,,,not_assessed,,,,34.99,displayed_catalog_price_not_live_quote,20_to_39_99,https://www.ravensburger.us/en-US/products/games/villainous-board-game-expansion-packs,2026-09-20,,not_recorded,,,not_verified,,,unknown,not_checked,https://www.ravensburger.us/en-US/products/games/villainous-board-game-expansion-packs,,publisher,family_product_details,product_name;base_game_association;standalone_status;family_compatibility;price,core_facts_verified,2026-09-20,web_retrieval_or_search_index; not a legal/license audit,prerequisites;edition;recommendation,not_established,US; regional availability not guaranteed,,,,,2026-09-20T14:35:11+00:00,fetch_failed,identity_not_established,https://www.ravensburger.us/en-US/products/games/villainous-board-game-expansion-packs,,src-4579d0beeb4bc9f5,not_established,what_it_adds,,
rec_fe48944ce02ef6,prd_68b63afbf3f31a,game_disney-villainous,Disney Villainous,disney-villainous,Filled with Fright,Ravensburger,single_character_expansion,,product_facts_checked,fact_checked_draft_needs_editorial_review,yes,no,Another playable set from the same Villainous universe.,,publisher_confirmed_conditional,false,,Not cross-compatible with other Villainous universes.,,,,not_recorded,,not_established,,,,,,,,,not_assessed,,,,17.99,displayed_catalog_price_not_live_quote,under_20,https://www.ravensburger.us/en-US/products/games/villainous-board-game-expansion-packs,2026-09-20,,not_recorded,,,not_verified,,,unknown,not_checked,https://www.ravensburger.us/en-US/products/games/villainous-board-game-expansion-packs,,publisher,family_product_details,product_name;base_game_association;standalone_status;family_compatibility;price,core_facts_verified,2026-09-20,web_retrieval_or_search_index; not a legal/license audit,prerequisites;edition;recommendation,not_established,US; regional availability not guaranteed,,,,,2026-09-20T14:35:11+00:00,fetch_failed,identity_not_established,https://www.ravensburger.us/en-US/products/games/villainous-board-game-expansion-packs,,src-4579d0beeb4bc9f5,not_established,what_it_adds,,
rec_b73a51d6751657,prd_2f80010b9af570,game_disney-villainous,Disney Villainous,disney-villainous,Perfectly Wretched,Ravensburger,standalone_compatible,,product_facts_checked,fact_checked_draft_needs_editorial_review,no,yes,Playable by itself; may combine with a set in the same Villainous universe.,,publisher_confirmed,false,,"Disney, Marvel and Star Wars universes are not cross-compatible. Standalone does not mean solitaire.",,,,not_recorded,,not_established,,,,,,,,,not_assessed,,,,34.99,displayed_catalog_price_not_live_quote,20_to_39_99,https://www.ravensburger.us/en-US/products/games/villainous-board-game-expansion-packs,2026-09-20,,not_recorded,,,not_verified,,,unknown,not_checked,https://www.ravensburger.us/en-US/products/games/villainous-board-game-expansion-packs,,publisher,family_product_details,product_name;base_game_association;standalone_status;family_compatibility;price,core_facts_verified,2026-09-20,web_retrieval_or_search_index; not a legal/license audit,prerequisites;edition;recommendation,not_established,US; regional availability not guaranteed,,,,,2026-09-20T14:35:11+00:00,fetch_failed,identity_not_established,https://www.ravensburger.us/en-US/products/games/villainous-board-game-expansion-packs,,src-4579d0beeb4bc9f5,not_established,what_it_adds,,
rec_bdd8b203960a7d,prd_803db13046da0f,game_disney-villainous,Disney Villainous,disney-villainous,Success at Any Cost,Ravensburger,compatible_character_set,,primary_catalog_identity,hold_for_product_detail_verification,unknown,unknown,,,not_verified,false,,"Only combine products within the same Disney, Marvel or Star Wars Villainous universe.",,,,not_recorded,,not_established,,,,,,,,,not_assessed,,,,,,,,,,not_recorded,,,not_verified,,,unknown,not_checked,https://www.ravensburger.us/en-US/products/games/villainous-games,,publisher,catalog,product_name;base_game_association,catalog_verified_details_pending,2026-09-20,web_retrieval_or_search_index; not a legal/license audit,prerequisites;edition;recommendation,not_established,US; regional availability not guaranteed,,,,,2026-09-20T14:35:11+00:00,fetch_failed,identity_not_established,https://www.ravensburger.us/en-US/products/games/villainous-games,,src-627751c03d890d75,not_established,what_it_adds | base_game_requirement,,
rec_5b214a0d8211ec,prd_8e4c9718857058,game_disney-villainous,Disney Villainous,disney-villainous,Sugar and Spite,Ravensburger,standalone_compatible,,product_facts_checked,fact_checked_draft_needs_editorial_review,no,yes,Playable by itself; may combine with a set in the same Villainous universe.,,publisher_confirmed,false,,"Disney, Marvel and Star Wars universes are not cross-compatible. Standalone does not mean solitaire.",,,,not_recorded,,not_established,,,,,,,,,not_assessed,,,,19.54,displayed_sale_price_not_live_quote,under_20,https://www.ravensburger.us/en-US/products/games/villainous-board-game-expansion-packs,2026-09-20,,not_recorded,,,not_verified,,,unknown,not_checked,https://www.ravensburger.us/en-US/products/games/villainous-board-game-expansion-packs,,publisher,family_product_details,product_name;base_game_association;standalone_status;family_compatibility;price,core_facts_verified,2026-09-20,web_retrieval_or_search_index; not a legal/license audit,prerequisites;edition;recommendation,not_established,US; regional availability not guaranteed,,,,,2026-09-20T14:35:11+00:00,fetch_failed,identity_not_established,https://www.ravensburger.us/en-US/products/games/villainous-board-game-expansion-packs,,src-4579d0beeb4bc9f5,not_established,what_it_adds,,
rec_ffa9fc94816245,prd_4b84a2e0b1f0db,game_disney-villainous,Disney Villainous,disney-villainous,Treacherous Tides,Ravensburger,standalone_compatible,,product_facts_checked,fact_checked_draft_needs_editorial_review,no,yes,Playable by itself; may combine with a set in the same Villainous universe.,,publisher_confirmed,false,,"Disney, Marvel and Star Wars universes are not cross-compatible. Standalone does not mean solitaire.",,,,not_recorded,,not_established,,,,,,,,,not_assessed,,,,22.99,displayed_catalog_price_not_live_quote,20_to_39_99,https://www.ravensburger.us/en-US/products/games/villainous-board-game-expansion-packs,2026-09-20,,not_recorded,,,not_verified,,,unknown,not_checked,https://www.ravensburger.us/en-US/products/games/villainous-board-game-expansion-packs,,publisher,family_product_details,product_name;base_game_association;standalone_status;family_compatibility;price,core_facts_verified,2026-09-20,web_retrieval_or_search_index; not a legal/license audit,prerequisites;edition;recommendation,not_established,US; regional availability not guaranteed,,,,,2026-09-20T14:35:11+00:00,fetch_failed,identity_not_established,https://www.ravensburger.us/en-US/products/games/villainous-board-game-expansion-packs,,src-4579d0beeb4bc9f5,not_established,what_it_adds,,
rec_52210af81f1bcc,prd_5041d009bfc1a6,game_disney-villainous,Disney Villainous,disney-villainous,Wicked to the Core,Ravensburger,standalone_compatible,,product_facts_checked,fact_checked_draft_needs_editorial_review,no,yes,Playable by itself; may combine with a set in the same Villainous universe.,,publisher_confirmed,false,,"Disney, Marvel and Star Wars universes are not cross-compatible. Standalone does not mean solitaire.",,,,not_recorded,,not_established,,,,,,,,,not_assessed,,,,34.99,displayed_catalog_price_not_live_quote,20_to_39_99,https://www.ravensburger.us/en-US/products/games/villainous-board-game-expansion-packs,2026-09-20,,not_recorded,,,not_verified,,,unknown,not_checked,https://www.ravensburger.us/en-US/products/games/villainous-board-game-expansion-packs,,publisher,family_product_details,product_name;base_game_association;standalone_status;family_compatibility;price,core_facts_verified,2026-09-20,web_retrieval_or_search_index; not a legal/license audit,prerequisites;edition;recommendation,not_established,US; regional availability not guaranteed,,,,,2026-09-20T14:35:11+00:00,fetch_failed,identity_not_established,https://www.ravensburger.us/en-US/products/games/villainous-board-game-expansion-packs,,src-4579d0beeb4bc9f5,not_established,what_it_adds,,
rec_42029b5de6c8ac,prd_04d4b5e3dfd94a,game_dixit,Dixit,dixit,Anniversary,Libellud,card_expansion,,product_facts_checked,fact_checked_draft_needs_editorial_review,unknown,unknown,,,not_verified,false,A Dixit-universe game with the required playing components.,Publisher confirms these cards work with all games of the Dixit universe. No new player-count components are claimed.,,,84 additional illustrated cards.,product_or_cycle_description,,not_established,,,,,,,,,not_assessed,,,,,,,,,,not_recorded,,,not_verified,,,unknown,not_checked,https://www.libellud.com/en/our-games/dixit-expansions/,,publisher,family_product_details,product_name;base_game_association;what_it_adds;family_compatibility,core_facts_verified,2026-09-20,web_retrieval_or_search_index; not a legal/license audit,exact_core_version_for_ownership_filter;price;recommendation,not_established,US; regional availability not guaranteed,,,,,2026-09-20T14:35:11+00:00,fetch_failed,identity_not_established,https://www.libellud.com/en/our-games/dixit-expansions/,,src-526e27e425b2416b,not_established,base_game_requirement,,
rec_6dbea0e6f97e2c,prd_c9268ff69a838e,game_dixit,Dixit,dixit,Daydreams,Libellud,card_expansion,,product_facts_checked,fact_checked_draft_needs_editorial_review,unknown,unknown,,,not_verified,false,A Dixit-universe game with the required playing components.,Publisher confirms these cards work with all games of the Dixit universe. No new player-count components are claimed.,,,84 additional illustrated cards.,product_or_cycle_description,,not_established,,,,,,,,,not_assessed,,,,,,,,,,not_recorded,,,not_verified,,,unknown,not_checked,https://www.libellud.com/en/our-games/dixit-expansions/,,publisher,family_product_details,product_name;base_game_association;what_it_adds;family_compatibility,core_facts_verified,2026-09-20,web_retrieval_or_search_index; not a legal/license audit,exact_core_version_for_ownership_filter;price;recommendation,not_established,US; regional availability not guaranteed,,,,,2026-09-20T14:35:11+00:00,fetch_failed,identity_not_established,https://www.libellud.com/en/our-games/dixit-expansions/,,src-526e27e425b2416b,not_established,base_game_requirement,,
rec_0cb9cb54eef6e4,prd_f8b02088f1f6b9,game_dixit,Dixit,dixit,Harmonies,Libellud,card_expansion,,product_facts_checked,fact_checked_draft_needs_editorial_review,unknown,unknown,,,not_verified,false,A Dixit-universe game with the required playing components.,Publisher confirms these cards work with all games of the Dixit universe. No new player-count components are claimed.,,,84 additional illustrated cards.,product_or_cycle_description,,not_established,,,,,,,,,not_assessed,,,,,,,,,,not_recorded,,,not_verified,,,unknown,not_checked,https://www.libellud.com/en/our-games/dixit-expansions/,,publisher,family_product_details,product_name;base_game_association;what_it_adds;family_compatibility,core_facts_verified,2026-09-20,web_retrieval_or_search_index; not a legal/license audit,exact_core_version_for_ownership_filter;price;recommendation,not_established,US; regional availability not guaranteed,,,,,2026-09-20T14:35:11+00:00,fetch_failed,identity_not_established,https://www.libellud.com/en/our-games/dixit-expansions/,,src-526e27e425b2416b,not_established,base_game_requirement,,
rec_47502a3c65b745,prd_34ba3a915904cf,game_dixit,Dixit,dixit,Journey,Libellud,card_expansion,,product_facts_checked,fact_checked_draft_needs_editorial_review,unknown,unknown,,,not_verified,false,A Dixit-universe game with the required playing components.,Publisher confirms these cards work with all games of the Dixit universe. No new player-count components are claimed.,,,84 additional illustrated cards.,product_or_cycle_description,,not_established,,,,,,,,,not_assessed,,,,,,,,,,not_recorded,,,not_verified,,,unknown,not_checked,https://www.libellud.com/en/our-games/dixit-expansions/,,publisher,family_product_details,product_name;base_game_association;what_it_adds;family_compatibility,core_facts_verified,2026-09-20,web_retrieval_or_search_index; not a legal/license audit,exact_core_version_for_ownership_filter;price;recommendation,not_established,US; regional availability not guaranteed,,,,,2026-09-20T14:35:11+00:00,fetch_failed,identity_not_established,https://www.libellud.com/en/our-games/dixit-expansions/,,src-526e27e425b2416b,not_established,base_game_requirement,,
rec_08ea3242402722,prd_2f0e0da6bbf5e8,game_dixit,Dixit,dixit,Memories,Libellud,card_expansion,,product_facts_checked,fact_checked_draft_needs_editorial_review,unknown,unknown,,,not_verified,false,A Dixit-universe game with the required playing components.,Publisher confirms these cards work with all games of the Dixit universe. No new player-count components are claimed.,,,84 additional illustrated cards.,product_or_cycle_description,,not_established,,,,,,,,,not_assessed,,,,,,,,,,not_recorded,,,not_verified,,,unknown,not_checked,https://www.libellud.com/en/our-games/dixit-expansions/,,publisher,family_product_details,product_name;base_game_association;what_it_adds;family_compatibility,core_facts_verified,2026-09-20,web_retrieval_or_search_index; not a legal/license audit,exact_core_version_for_ownership_filter;price;recommendation,not_established,US; regional availability not guaranteed,,,,,2026-09-20T14:35:11+00:00,fetch_failed,identity_not_established,https://www.libellud.com/en/our-games/dixit-expansions/,,src-526e27e425b2416b,not_established,base_game_requirement,,
rec_16fa56f3e54dfe,prd_700129b35e450f,game_dixit,Dixit,dixit,Mirrors,Libellud,card_expansion,,product_facts_checked,fact_checked_draft_needs_editorial_review,unknown,unknown,,,not_verified,false,A Dixit-universe game with the required playing components.,Publisher confirms these cards work with all games of the Dixit universe. No new player-count components are claimed.,,,84 additional illustrated cards.,product_or_cycle_description,,not_established,,,,,,,,,not_assessed,,,,,,,,,,not_recorded,,,not_verified,,,unknown,not_checked,https://www.libellud.com/en/our-games/dixit-expansions/,,publisher,family_product_details,product_name;base_game_association;what_it_adds;family_compatibility,core_facts_verified,2026-09-20,web_retrieval_or_search_index; not a legal/license audit,exact_core_version_for_ownership_filter;price;recommendation,not_established,US; regional availability not guaranteed,,,,,2026-09-20T14:35:11+00:00,fetch_failed,identity_not_established,https://www.libellud.com/en/our-games/dixit-expansions/,,src-526e27e425b2416b,not_established,base_game_requirement,,
rec_fdc24630c29a6b,prd_30739d48aef9a3,game_dixit,Dixit,dixit,Origins,Libellud,card_expansion,,product_facts_checked,fact_checked_draft_needs_editorial_review,unknown,unknown,,,not_verified,false,A Dixit-universe game with the required playing components.,Publisher confirms these cards work with all games of the Dixit universe. No new player-count components are claimed.,,,84 additional illustrated cards.,product_or_cycle_description,,not_established,,,,,,,,,not_assessed,,,,,,,,,,not_recorded,,,not_verified,,,unknown,not_checked,https://www.libellud.com/en/our-games/dixit-expansions/,,publisher,family_product_details,product_name;base_game_association;what_it_adds;family_compatibility,core_facts_verified,2026-09-20,web_retrieval_or_search_index; not a legal/license audit,exact_core_version_for_ownership_filter;price;recommendation,not_established,US; regional availability not guaranteed,,,,,2026-09-20T14:35:11+00:00,fetch_failed,identity_not_established,https://www.libellud.com/en/our-games/dixit-expansions/,,src-526e27e425b2416b,not_established,base_game_requirement,,
rec_6b96d96df24a9b,prd_855c57b5f52983,game_dixit,Dixit,dixit,Quest,Libellud,card_expansion,,product_facts_checked,fact_checked_draft_needs_editorial_review,unknown,unknown,,,not_verified,false,A Dixit-universe game with the required playing components.,Publisher confirms these cards work with all games of the Dixit universe. No new player-count components are claimed.,,,84 additional illustrated cards.,product_or_cycle_description,,not_established,,,,,,,,,not_assessed,,,,,,,,,,not_recorded,,,not_verified,,,unknown,not_checked,https://www.libellud.com/en/our-games/dixit-expansions/,,publisher,family_product_details,product_name;base_game_association;what_it_adds;family_compatibility,core_facts_verified,2026-09-20,web_retrieval_or_search_index; not a legal/license audit,exact_core_version_for_ownership_filter;price;recommendation,not_established,US; regional availability not guaranteed,,,,,2026-09-20T14:35:11+00:00,fetch_failed,identity_not_established,https://www.libellud.com/en/our-games/dixit-expansions/,,src-526e27e425b2416b,not_established,base_game_requirement,,
rec_b3e39f29c216bd,prd_c4e408d4be1059,game_dixit,Dixit,dixit,Revelations,Libellud,card_expansion,,product_facts_checked,fact_checked_draft_needs_editorial_review,unknown,unknown,,,not_verified,false,A Dixit-universe game with the required playing components.,Publisher confirms these cards work with all games of the Dixit universe. No new player-count components are claimed.,,,84 additional illustrated cards.,product_or_cycle_description,,not_established,,,,,,,,,not_assessed,,,,,,,,,,not_recorded,,,not_verified,,,unknown,not_checked,https://www.libellud.com/en/our-games/dixit-expansions/,,publisher,family_product_details,product_name;base_game_association;what_it_adds;family_compatibility,core_facts_verified,2026-09-20,web_retrieval_or_search_index; not a legal/license audit,exact_core_version_for_ownership_filter;price;recommendation,not_established,US; regional availability not guaranteed,,,,,2026-09-20T14:35:11+00:00,fetch_failed,identity_not_established,https://www.libellud.com/en/our-games/dixit-expansions/,,src-526e27e425b2416b,not_established,base_game_requirement,,
rec_a3d0a10ac0ef8d,prd_4f9aaf38afe4c3,game_dominion,Dominion,dominion,Adventures,Rio Grande Games,expansion,,product_facts_checked,fact_checked_draft_needs_editorial_review,unknown,unknown,,,not_verified,false,,"Basic Treasure, Victory and Curse cards and setup rules are needed. Do not infer five/six-player support from this box alone.",,,"30 Kingdom cards, Reserve and Duration cards, 20 Events and modifying tokens.",product_or_cycle_description,,not_established,,,,,,,,,not_assessed,,,,44.95,publisher_listed_msrp,40_to_59_99,https://www.riograndegames.com/games/dominion-adventures/,2026-09-20,,not_recorded,,,not_verified,,,released,not_checked,https://www.riograndegames.com/games/dominion-adventures/,,publisher,product_detail,product_name;base_game_association;what_it_adds,core_facts_verified,2026-09-20,web_retrieval_or_search_index; not a legal/license audit,supply_cards_and_player_count;recommendation,not_established,US; regional availability not guaranteed,,,,,2026-09-20T14:35:11+00:00,fetch_failed,identity_not_established,https://www.riograndegames.com/games/dominion-adventures/,,src-0c2aad2c6c1ff861,not_established,base_game_requirement,,
rec_0e651786d38b23,prd_7250dec283b488,game_dominion,Dominion,dominion,Alchemy,Rio Grande Games,expansion,,product_facts_checked,fact_checked_draft_needs_editorial_review,unknown,unknown,,,not_verified,false,,"Basic Treasure, Victory and Curse cards and setup rules are needed. Do not infer five/six-player support from this box alone.",,,Additional Kingdom cards in an alchemy-themed expansion.,product_or_cycle_description,,not_established,,,,,,,,,not_assessed,,,,29.95,publisher_listed_msrp,20_to_39_99,https://www.riograndegames.com/games/dominion-alchemy/,2026-09-20,,not_recorded,,,not_verified,,,released,not_checked,https://www.riograndegames.com/games/dominion-alchemy/,,publisher,product_detail,product_name;base_game_association;what_it_adds,core_facts_verified,2026-09-20,web_retrieval_or_search_index; not a legal/license audit,supply_cards_and_player_count;recommendation,not_established,US; regional availability not guaranteed,,,,,2026-09-20T14:35:11+00:00,fetch_failed,identity_not_established,https://www.riograndegames.com/games/dominion-alchemy/,,src-3711eca136c4f0cd,not_established,base_game_requirement,,
rec_b7f3b556c39940,prd_ad75ce5cd005dd,game_dominion,Dominion,dominion,Allies,Rio Grande Games,expansion,,product_facts_checked,fact_checked_draft_needs_editorial_review,conditional,no,"Basic Treasure, Victory and Curse cards plus full setup rules; Dominion supplies them. Other eligible supply-card sets can substitute.",,publisher_confirmed_conditional,false,,"Basic Treasure, Victory and Curse cards and setup rules are needed. Do not infer five/six-player support from this box alone.",,,"31 Kingdom piles, favor-spending Allies and rotating split piles.",product_or_cycle_description,,not_established,,,,,,,,,not_assessed,,,,44.95,publisher_listed_msrp,40_to_59_99,https://www.riograndegames.com/games/dominion-allies/,2026-09-20,,not_recorded,,,not_verified,,,released,not_checked,https://www.riograndegames.com/games/dominion-allies/,,publisher,product_detail,product_name;base_game_association;what_it_adds,core_facts_verified,2026-09-20,web_retrieval_or_search_index; not a legal/license audit,supply_cards_and_player_count;recommendation,not_established,US; regional availability not guaranteed,,,,,2026-09-20T14:35:11+00:00,fetch_failed,identity_not_established,https://www.riograndegames.com/games/dominion-allies/,,src-b9110a3fb4b55762,not_established,,,
rec_99e496f214cbf8,prd_32751311cf4203,game_dominion,Dominion,dominion,Arcana,Rio Grande Games,expansion,,primary_catalog_identity,hold_for_product_detail_verification,unknown,unknown,,,not_verified,false,,Publisher catalog states Q4 2026; this is after the research date.,,,,not_recorded,,not_established,,,,,,,,,not_assessed,,,,,,,,,,not_recorded,,,not_verified,,,announced,not_checked,https://www.riograndegames.com/games/dominion/,,publisher,catalog,product_name;base_game_association,catalog_verified_details_pending,2026-09-20,web_retrieval_or_search_index; not a legal/license audit,unreleased;prerequisites;edition;recommendation,not_established,US; regional availability not guaranteed,,,,,2026-09-20T14:35:11+00:00,fetch_failed,identity_not_established,https://www.riograndegames.com/games/dominion/,,src-adabf89baae94476,not_established,what_it_adds | base_game_requirement,,
rec_bb3293c8bfbc9f,prd_f2cf7c07ff7722,game_dominion,Dominion,dominion,Captain Promo,Rio Grande Games,official_promo,,primary_catalog_identity,hold_for_product_detail_verification,unknown,unknown,,,not_verified,false,,,,,Promotional Dominion card content.,format_level_only,,not_established,,,,,,,,,not_assessed,,,,,,,,,,not_recorded,,,not_verified,,,released,not_checked,https://www.riograndegames.com/games/dominion/,,publisher,catalog,product_name;base_game_association,catalog_verified_details_pending,2026-09-20,web_retrieval_or_search_index; not a legal/license audit,prerequisites;edition;recommendation,not_established,US; regional availability not guaranteed,,,,,2026-09-20T14:35:11+00:00,fetch_failed,identity_not_established,https://www.riograndegames.com/games/dominion/,,src-adabf89baae94476,not_established,base_game_requirement | edition_compatibility_notes,,
rec_33aea0908100e7,prd_f12ef44dc1a93d,game_dominion,Dominion,dominion,Church Promo,Rio Grande Games,official_promo,,primary_catalog_identity,hold_for_product_detail_verification,unknown,unknown,,,not_verified,false,,,,,Promotional Dominion card content.,format_level_only,,not_established,,,,,,,,,not_assessed,,,,,,,,,,not_recorded,,,not_verified,,,released,not_checked,https://www.riograndegames.com/games/dominion/,,publisher,catalog,product_name;base_game_association,catalog_verified_details_pending,2026-09-20,web_retrieval_or_search_index; not a legal/license audit,prerequisites;edition;recommendation,not_established,US; regional availability not guaranteed,,,,,2026-09-20T14:35:11+00:00,fetch_failed,identity_not_established,https://www.riograndegames.com/games/dominion/,,src-adabf89baae94476,not_established,base_game_requirement | edition_compatibility_notes,,
rec_70830a6437347d,prd_8d0bf127355600,game_dominion,Dominion,dominion,Cornucopia & Guilds,Rio Grande Games,expansion,2nd Edition,product_facts_checked,fact_checked_draft_needs_editorial_review,conditional,no,"Basic Treasure, Victory and Curse cards plus full setup rules; Dominion supplies them. Other eligible supply-card sets can substitute.",,publisher_confirmed_conditional,false,,"Basic Treasure, Victory and Curse cards and setup rules are needed. Do not infer five/six-player support from this box alone.",Second edition replaces eight Kingdom cards and the first-edition Prizes. Check the Update Pack for owners of first-edition content.,,"26 Kingdom cards emphasizing card variety, saved coins and overpaying.",product_or_cycle_description,,not_established,,,,,,,,,not_assessed,,,,44.95,publisher_listed_msrp,40_to_59_99,https://www.riograndegames.com/games/dominion-cornucopia-guilds/,2026-09-20,,not_recorded,,,not_verified,,,released,not_checked,https://www.riograndegames.com/games/dominion-cornucopia-guilds/,,publisher,product_detail,product_name;base_game_association;what_it_adds,core_facts_verified,2026-09-20,web_retrieval_or_search_index; not a legal/license audit,supply_cards_and_player_count;recommendation,not_established,US; regional availability not guaranteed,,,,,2026-09-20T14:35:11+00:00,fetch_failed,identity_not_established,https://www.riograndegames.com/games/dominion-cornucopia-guilds/,,src-4b8fee5332c2392a,not_established,,,
rec_07fb8db485a1a8,prd_73b7ea5e49d9ec,game_dominion,Dominion,dominion,Cornucopia & Guilds (1st Edition),Rio Grande Games,expansion,1st Edition,primary_catalog_identity,hold_for_product_detail_verification,unknown,unknown,,,not_verified,false,,,Later edition exists; do not treat the two editions as independent content purchases.,,,not_recorded,,not_established,,,,,,,,,not_assessed,,,,,,,,,,not_recorded,,,not_verified,,,out_of_print,not_checked,https://www.riograndegames.com/games/dominion/,,publisher,catalog,product_name;base_game_association,catalog_verified_details_pending,2026-09-20,web_retrieval_or_search_index; not a legal/license audit,prerequisites;edition;recommendation,not_established,US; regional availability not guaranteed,,,,,2026-09-20T14:35:11+00:00,fetch_failed,identity_not_established,https://www.riograndegames.com/games/dominion/,,src-adabf89baae94476,not_established,what_it_adds | base_game_requirement | edition_compatibility_notes,,
rec_3b00afd0f4ad50,prd_846f90bac204ed,game_dominion,Dominion,dominion,Cornucopia & Guilds Update Pack,Rio Grande Games,edition_upgrade_pack,,primary_catalog_identity,hold_for_product_detail_verification,unknown,unknown,,,not_verified,false,,An update pack is not the full expansion; identify the older edition owned before recommending.,,,,not_recorded,,not_established,,,,,,,,,not_assessed,,,,,,,,,,not_recorded,,,not_verified,,,released,not_checked,https://www.riograndegames.com/games/dominion/,,publisher,catalog,product_name;base_game_association,catalog_verified_details_pending,2026-09-20,web_retrieval_or_search_index; not a legal/license audit,prerequisites;edition;recommendation,not_established,US; regional availability not guaranteed,,,,,2026-09-20T14:35:11+00:00,fetch_failed,identity_not_established,https://www.riograndegames.com/games/dominion/,,src-adabf89baae94476,not_established,what_it_adds | base_game_requirement,,
rec_dcd104546cf658,prd_fca3f26b1ff08a,game_dominion,Dominion,dominion,Dark Ages,Rio Grande Games,expansion,,product_facts_checked,fact_checked_draft_needs_editorial_review,unknown,unknown,,,not_verified,false,,"Basic Treasure, Victory and Curse cards and setup rules are needed. Do not infer five/six-player support from this box alone.",,,"35 Kingdom cards, Ruins and Shelters, with trashing/upgrading interactions.",product_or_cycle_description,,not_established,,,,"Group likes trashing, upgrading and interacting with discarded components.",specialist_purchase,2,"Group likes trashing, upgrading and interacting with discarded components.",Its central trash/upgrade interactions suit that preference but are not prerequisites for other sets.,editorial_draft_mechanics_based,editorial_inference_from_publisher_mechanics_not_playtesting,stated_use_case_only_not_universal_rank,https://www.riograndegames.com/games/dominion-dark-ages/,44.95,publisher_listed_msrp,40_to_59_99,https://www.riograndegames.com/games/dominion-dark-ages/,2026-09-20,,not_recorded,,,not_verified,,,released,not_checked,https://www.riograndegames.com/games/dominion-dark-ages/,,publisher,product_detail,product_name;base_game_association;what_it_adds,core_facts_verified,2026-09-20,web_retrieval_or_search_index; not a legal/license audit,supply_cards_and_player_count;recommendation;editorial_human_review,not_established,US; regional availability not guaranteed,,,,,2026-09-20T14:35:11+00:00,fetch_failed,identity_not_established,https://www.riograndegames.com/games/dominion-dark-ages/,,src-1e9df1001d5294e1,not_established,base_game_requirement,,
rec_a2e716c37cb78f,prd_bab54afe9574f9,game_dominion,Dominion,dominion,Dismantle Promo,Rio Grande Games,official_promo,,primary_catalog_identity,hold_for_product_detail_verification,unknown,unknown,,,not_verified,false,,,,,Promotional Dominion card content.,format_level_only,,not_established,,,,,,,,,not_assessed,,,,,,,,,,not_recorded,,,not_verified,,,released,not_checked,https://www.riograndegames.com/games/dominion/,,publisher,catalog,product_name;base_game_association,catalog_verified_details_pending,2026-09-20,web_retrieval_or_search_index; not a legal/license audit,prerequisites;edition;recommendation,not_established,US; regional availability not guaranteed,,,,,2026-09-20T14:35:11+00:00,fetch_failed,identity_not_established,https://www.riograndegames.com/games/dominion/,,src-adabf89baae94476,not_established,base_game_requirement | edition_compatibility_notes,,
rec_76f84f10433579,prd_b9bc873d43f583,game_dominion,Dominion,dominion,Dominion 2nd Edition Update Pack,Rio Grande Games,edition_upgrade_pack,,primary_catalog_identity,hold_for_product_detail_verification,unknown,unknown,,,not_verified,false,,,"Upgrade content, not a full expansion or standalone game.",,,not_recorded,,not_established,,,,,,,,,not_assessed,,,,,,,,,,not_recorded,,,not_verified,,,unknown,not_checked,https://www.riograndegames.com/games/dominion-cornucopia-guilds/,,publisher,catalog,product_name;base_game_association,catalog_verified_details_pending,2026-09-20,web_retrieval_or_search_index; not a legal/license audit,required_original_edition;exact_contents;recommendation,not_established,US; regional availability not guaranteed,,,,,2026-09-20T14:35:11+00:00,fetch_failed,identity_not_established,https://www.riograndegames.com/games/dominion-cornucopia-guilds/,,src-4b8fee5332c2392a,not_established,what_it_adds | base_game_requirement | edition_compatibility_notes,,
rec_fec88120efb35d,prd_ec100327f8bd13,game_dominion,Dominion,dominion,Empires,Rio Grande Games,expansion,,primary_catalog_identity,hold_for_product_detail_verification,unknown,unknown,,,not_verified,false,,Edition and supply-card requirements must be checked; some publisher player counts assume additional basic cards.,,,,not_recorded,,not_established,,,,,,,,,not_assessed,,,,,,,,,,not_recorded,,,not_verified,,,released,not_checked,https://www.riograndegames.com/games/dominion/,,publisher,catalog,product_name;base_game_association,catalog_verified_details_pending,2026-09-20,web_retrieval_or_search_index; not a legal/license audit,prerequisites;edition;recommendation,not_established,US; regional availability not guaranteed,,,,,2026-09-20T14:35:11+00:00,fetch_failed,identity_not_established,https://www.riograndegames.com/games/dominion/,,src-adabf89baae94476,not_established,what_it_adds | base_game_requirement,,
rec_34bf629ad8014f,prd_051afda94744cc,game_dominion,Dominion,dominion,Envoy Promo,Rio Grande Games,official_promo,,primary_catalog_identity,hold_for_product_detail_verification,unknown,unknown,,,not_verified,false,,,,,Promotional Dominion card content.,format_level_only,,not_established,,,,,,,,,not_assessed,,,,,,,,,,not_recorded,,,not_verified,,,released,not_checked,https://www.riograndegames.com/games/dominion/,,publisher,catalog,product_name;base_game_association,catalog_verified_details_pending,2026-09-20,web_retrieval_or_search_index; not a legal/license audit,prerequisites;edition;recommendation,not_established,US; regional availability not guaranteed,,,,,2026-09-20T14:35:11+00:00,fetch_failed,identity_not_established,https://www.riograndegames.com/games/dominion/,,src-adabf89baae94476,not_established,base_game_requirement | edition_compatibility_notes,,
rec_38d259da66f1e1,prd_6ad93b777203b4,game_dominion,Dominion,dominion,Governor Promo,Rio Grande Games,official_promo,,primary_catalog_identity,hold_for_product_detail_verification,unknown,unknown,,,not_verified,false,,,,,Promotional Dominion card content.,format_level_only,,not_established,,,,,,,,,not_assessed,,,,,,,,,,not_recorded,,,not_verified,,,released,not_checked,https://www.riograndegames.com/games/dominion/,,publisher,catalog,product_name;base_game_association,catalog_verified_details_pending,2026-09-20,web_retrieval_or_search_index; not a legal/license audit,prerequisites;edition;recommendation,not_established,US; regional availability not guaranteed,,,,,2026-09-20T14:35:11+00:00,fetch_failed,identity_not_established,https://www.riograndegames.com/games/dominion/,,src-adabf89baae94476,not_established,base_game_requirement | edition_compatibility_notes,,
rec_fb83015d1ba171,prd_14e1b1cf631a2d,game_dominion,Dominion,dominion,Hinterlands,Rio Grande Games,expansion,2nd Edition,product_facts_checked,fact_checked_draft_needs_editorial_review,conditional,no,"Basic Treasure, Victory and Curse cards plus full setup rules; Dominion supplies them. Other eligible supply-card sets can substitute.",,publisher_confirmed_conditional,false,,"Basic Treasure, Victory and Curse cards and setup rules are needed. Do not infer five/six-player support from this box alone.",Current edition replaces some first-edition cards; existing owners should check the corresponding Update Pack instead of rebuying the entire box.,,Kingdom cards focused on effects triggered by gaining or buying cards.,product_or_cycle_description,,not_established,,,,Group wants more buy/gain-trigger combinations.,consider_for_stated_use,1,Group wants more buy/gain-trigger combinations.,The buy/gain emphasis provides a concrete reason to select it over another card set.,editorial_draft_mechanics_based,editorial_inference_from_publisher_mechanics_not_playtesting,stated_use_case_only_not_universal_rank,https://www.riograndegames.com/games/dominion-hinterlands/,39.95,publisher_listed_msrp,20_to_39_99,https://www.riograndegames.com/games/dominion-hinterlands/,2026-09-20,,not_recorded,,,not_verified,,,released,not_checked,https://www.riograndegames.com/games/dominion-hinterlands/,,publisher,product_detail,product_name;base_game_association;what_it_adds,core_facts_verified,2026-09-20,web_retrieval_or_search_index; not a legal/license audit,supply_cards_and_player_count;recommendation;editorial_human_review,not_established,US; regional availability not guaranteed,,,,,2026-09-20T14:35:11+00:00,fetch_failed,identity_not_established,https://www.riograndegames.com/games/dominion-hinterlands/,,src-e6b38b0d27246041,not_established,,,
rec_dfdbabf4d2d6bb,prd_e650515e9d79d0,game_dominion,Dominion,dominion,Hinterlands (1st Edition),Rio Grande Games,expansion,1st Edition,primary_catalog_identity,hold_for_product_detail_verification,unknown,unknown,,,not_verified,false,,,Later edition exists; do not treat the two editions as independent content purchases.,,,not_recorded,,not_established,,,,,,,,,not_assessed,,,,,,,,,,not_recorded,,,not_verified,,,out_of_print,not_checked,https://www.riograndegames.com/games/dominion/,,publisher,catalog,product_name;base_game_association,catalog_verified_details_pending,2026-09-20,web_retrieval_or_search_index; not a legal/license audit,prerequisites;edition;recommendation,not_established,US; regional availability not guaranteed,,,,,2026-09-20T14:35:11+00:00,fetch_failed,identity_not_established,https://www.riograndegames.com/games/dominion/,,src-adabf89baae94476,not_established,what_it_adds | base_game_requirement | edition_compatibility_notes,,
rec_6cd45e030b122d,prd_5fb28877eae8a0,game_dominion,Dominion,dominion,Hinterlands Update Pack,Rio Grande Games,edition_upgrade_pack,,primary_catalog_identity,hold_for_product_detail_verification,unknown,unknown,,,not_verified,false,,,"Upgrade content, not a full expansion or standalone game.",,,not_recorded,,not_established,,,,,,,,,not_assessed,,,,,,,,,,not_recorded,,,not_verified,,,unknown,not_checked,https://www.riograndegames.com/games/dominion-cornucopia-guilds/,,publisher,catalog,product_name;base_game_association,catalog_verified_details_pending,2026-09-20,web_retrieval_or_search_index; not a legal/license audit,required_original_edition;exact_contents;recommendation,not_established,US; regional availability not guaranteed,,,,,2026-09-20T14:35:11+00:00,fetch_failed,identity_not_established,https://www.riograndegames.com/games/dominion-cornucopia-guilds/,,src-4b8fee5332c2392a,not_established,what_it_adds | base_game_requirement | edition_compatibility_notes,,
rec_fd4bbeac5fa9de,prd_41d81987721ab5,game_dominion,Dominion,dominion,Intrigue,Rio Grande Games,expansion,2nd Edition,product_facts_checked,fact_checked_draft_needs_editorial_review,conditional,no,"Basic Treasure, Victory and Curse cards plus full setup rules; Dominion supplies them. Other eligible supply-card sets can substitute.",,publisher_confirmed_conditional,false,,Second edition is NOT standalone. First edition contained basic supply cards; second edition does not. Five/six-player play needs additional Base Cards.,Current edition replaces some first-edition cards; existing owners should check the corresponding Update Pack instead of rebuying the entire box.,,26 Kingdom cards emphasizing choices and Victory cards with additional uses.,product_or_cycle_description,,not_established,,,,Group wants choice-driven Actions and useful Victory cards.,consider_for_stated_use,1,Group wants choice-driven Actions and useful Victory cards.,This edition adds choices but no longer supplies standalone base cards.,editorial_draft_mechanics_based,editorial_inference_from_publisher_mechanics_not_playtesting,stated_use_case_only_not_universal_rank,https://www.riograndegames.com/games/dominion-intrigue-2nd-edition/,39.95,publisher_listed_msrp,20_to_39_99,https://www.riograndegames.com/games/dominion-intrigue-2nd-edition/,2026-09-20,,not_recorded,,,not_verified,,,released,not_checked,https://www.riograndegames.com/games/dominion-intrigue-2nd-edition/,,publisher,product_detail,product_name;base_game_association;what_it_adds,core_facts_verified,2026-09-20,web_retrieval_or_search_index; not a legal/license audit,supply_cards_and_player_count;recommendation;editorial_human_review,not_established,US; regional availability not guaranteed,,,,,2026-09-20T14:35:11+00:00,fetch_failed,identity_not_established,https://www.riograndegames.com/games/dominion-intrigue-2nd-edition/,,src-52b1cb9880199aa4,not_established,,,
rec_8d761386869d62,prd_64d9b63368dd5f,game_dominion,Dominion,dominion,Intrigue Update Pack,Rio Grande Games,edition_upgrade_pack,,primary_catalog_identity,hold_for_product_detail_verification,unknown,unknown,,,not_verified,false,,,"Upgrade content, not a full expansion or standalone game.",,,not_recorded,,not_established,,,,,,,,,not_assessed,,,,,,,,,,not_recorded,,,not_verified,,,unknown,not_checked,https://www.riograndegames.com/games/dominion-cornucopia-guilds/,,publisher,catalog,product_name;base_game_association,catalog_verified_details_pending,2026-09-20,web_retrieval_or_search_index; not a legal/license audit,required_original_edition;exact_contents;recommendation,not_established,US; regional availability not guaranteed,,,,,2026-09-20T14:35:11+00:00,fetch_failed,identity_not_established,https://www.riograndegames.com/games/dominion-cornucopia-guilds/,,src-4b8fee5332c2392a,not_established,what_it_adds | base_game_requirement | edition_compatibility_notes,,
rec_1b662f3b9b6132,prd_78828fe6b21d80,game_dominion,Dominion,dominion,Marchland Promo,Rio Grande Games,official_promo,,primary_catalog_identity,hold_for_product_detail_verification,unknown,unknown,,,not_verified,false,,,,,Promotional Dominion card content.,format_level_only,,not_established,,,,,,,,,not_assessed,,,,,,,,,,not_recorded,,,not_verified,,,released,not_checked,https://www.riograndegames.com/games/dominion/,,publisher,catalog,product_name;base_game_association,catalog_verified_details_pending,2026-09-20,web_retrieval_or_search_index; not a legal/license audit,prerequisites;edition;recommendation,not_established,US; regional availability not guaranteed,,,,,2026-09-20T14:35:11+00:00,fetch_failed,identity_not_established,https://www.riograndegames.com/games/dominion/,,src-adabf89baae94476,not_established,base_game_requirement | edition_compatibility_notes,,
rec_3cf5c20ac7593e,prd_f1f8637d8aa3c0,game_dominion,Dominion,dominion,Menagerie,Rio Grande Games,expansion,,product_facts_checked,fact_checked_draft_needs_editorial_review,conditional,no,"Basic Treasure, Victory and Curse cards plus full setup rules; Dominion supplies them. Other eligible supply-card sets can substitute.",,publisher_confirmed_conditional,false,,"Basic Treasure, Victory and Curse cards and setup rules are needed. Do not infer five/six-player support from this box alone.",,,"30 Kingdom cards, Horses, Exile mats, Ways and Events.",product_or_cycle_description,,not_established,,,,Experienced group wants alternative action uses and exile interactions.,consider_for_stated_use,2,Experienced group wants alternative action uses and exile interactions.,Ways and Exile add specific decision layers; avoid treating the larger card count as a quality rating.,editorial_draft_mechanics_based,editorial_inference_from_publisher_mechanics_not_playtesting,stated_use_case_only_not_universal_rank,https://www.riograndegames.com/games/dominion-menagerie/,44.95,publisher_listed_msrp,40_to_59_99,https://www.riograndegames.com/games/dominion-menagerie/,2026-09-20,,not_recorded,,,not_verified,,,released,not_checked,https://www.riograndegames.com/games/dominion-menagerie/,,publisher,product_detail,product_name;base_game_association;what_it_adds,core_facts_verified,2026-09-20,web_retrieval_or_search_index; not a legal/license audit,supply_cards_and_player_count;recommendation;editorial_human_review,not_established,US; regional availability not guaranteed,,,,,2026-09-20T14:35:11+00:00,fetch_failed,identity_not_established,https://www.riograndegames.com/games/dominion-menagerie/,,src-d5fee6282e6cf401,not_established,,,
rec_e99c0b5da05a59,prd_3e359e2d719901,game_dominion,Dominion,dominion,Nocturne,Rio Grande Games,expansion,,product_facts_checked,fact_checked_draft_needs_editorial_review,unknown,unknown,,,not_verified,false,,"Basic Treasure, Victory and Curse cards and setup rules are needed. Do not infer five/six-player support from this box alone.",,,"33 Kingdom cards, a Night phase, Heirlooms, Boons and Hexes.",product_or_cycle_description,,not_established,,,,,,,,,not_assessed,,,,44.95,publisher_listed_msrp,40_to_59_99,https://www.riograndegames.com/games/dominion-nocturne/,2026-09-20,,not_recorded,,,not_verified,,,released,not_checked,https://www.riograndegames.com/games/dominion-nocturne/,,publisher,product_detail,product_name;base_game_association;what_it_adds,core_facts_verified,2026-09-20,web_retrieval_or_search_index; not a legal/license audit,supply_cards_and_player_count;recommendation,not_established,US; regional availability not guaranteed,,,,,2026-09-20T14:35:11+00:00,fetch_failed,identity_not_established,https://www.riograndegames.com/games/dominion-nocturne/,,src-fa18be9fc777a371,not_established,base_game_requirement,,
rec_2ff44dd8edde2b,prd_5eb80707d02fac,game_dominion,Dominion,dominion,Plunder,Rio Grande Games,expansion,,product_facts_checked,fact_checked_draft_needs_editorial_review,conditional,no,"Basic Treasure, Victory and Curse cards plus full setup rules; Dominion supplies them. Other eligible supply-card sets can substitute.",,publisher_confirmed_conditional,false,,"Basic Treasure, Victory and Curse cards and setup rules are needed. Do not infer five/six-player support from this box alone.",,,"40 Kingdom cards, Loot, Traits, Treasures, Durations and Events.",product_or_cycle_description,,not_established,,,,"Group specifically wants Loot, Traits and many Treasure/Duration cards.",consider_for_stated_use,2,"Group specifically wants Loot, Traits and many Treasure/Duration cards.","Buy for these mechanics, not merely because it is a large box.",editorial_draft_mechanics_based,editorial_inference_from_publisher_mechanics_not_playtesting,stated_use_case_only_not_universal_rank,https://www.riograndegames.com/games/dthis-is-the-15th-expansion-to-dominion-it-has-500-cards-with-40-new-kingdom-cards-it-has-lots-of-treasures-and-durations-with-cards-that-give-you-loot-and-traits-that-modify-piles-events/,44.95,publisher_listed_msrp,40_to_59_99,https://www.riograndegames.com/games/dthis-is-the-15th-expansion-to-dominion-it-has-500-cards-with-40-new-kingdom-cards-it-has-lots-of-treasures-and-durations-with-cards-that-give-you-loot-and-traits-that-modify-piles-events/,2026-09-20,,not_recorded,,,not_verified,,,released,not_checked,https://www.riograndegames.com/games/dthis-is-the-15th-expansion-to-dominion-it-has-500-cards-with-40-new-kingdom-cards-it-has-lots-of-treasures-and-durations-with-cards-that-give-you-loot-and-traits-that-modify-piles-events/,,publisher,product_detail,product_name;base_game_association;what_it_adds,core_facts_verified,2026-09-20,web_retrieval_or_search_index; not a legal/license audit,supply_cards_and_player_count;recommendation;editorial_human_review,not_established,US; regional availability not guaranteed,,,,,2026-09-20T14:35:11+00:00,fetch_failed,identity_not_established,https://www.riograndegames.com/games/dthis-is-the-15th-expansion-to-dominion-it-has-500-cards-with-40-new-kingdom-cards-it-has-lots-of-treasures-and-durations-with-cards-that-give-you-loot-and-traits-that-modify-piles-events/,,src-84f1d0c2304bda46,not_established,,,
rec_072c70e3232918,prd_6150951df76056,game_dominion,Dominion,dominion,Prince Promo,Rio Grande Games,official_promo,,primary_catalog_identity,hold_for_product_detail_verification,unknown,unknown,,,not_verified,false,,,,,Promotional Dominion card content.,format_level_only,,not_established,,,,,,,,,not_assessed,,,,,,,,,,not_recorded,,,not_verified,,,released,not_checked,https://www.riograndegames.com/games/dominion/,,publisher,catalog,product_name;base_game_association,catalog_verified_details_pending,2026-09-20,web_retrieval_or_search_index; not a legal/license audit,prerequisites;edition;recommendation,not_established,US; regional availability not guaranteed,,,,,2026-09-20T14:35:11+00:00,fetch_failed,identity_not_established,https://www.riograndegames.com/games/dominion/,,src-adabf89baae94476,not_established,base_game_requirement | edition_compatibility_notes,,
rec_22780b14433964,prd_902f044867dfe7,game_dominion,Dominion,dominion,Prosperity,Rio Grande Games,expansion,2nd Edition,product_facts_checked,fact_checked_draft_needs_editorial_review,unknown,unknown,,,not_verified,false,,"Basic Treasure, Victory and Curse cards and setup rules are needed. Do not infer five/six-player support from this box alone.",Current edition replaces some first-edition cards; existing owners should check the corresponding Update Pack instead of rebuying the entire box.,,Wealth-focused Kingdom cards and higher-value basic Treasure/Victory cards.,product_or_cycle_description,,not_established,,,,Group enjoys expensive cards and larger economic engines.,strong_fit_for_stated_use,1,Group enjoys expensive cards and larger economic engines.,Wealth-focused cards and higher-value basic cards directly serve that style.,editorial_draft_mechanics_based,editorial_inference_from_publisher_mechanics_not_playtesting,stated_use_case_only_not_universal_rank,https://www.riograndegames.com/games/dominion-prosperity/,44.95,publisher_listed_msrp,40_to_59_99,https://www.riograndegames.com/games/dominion-prosperity/,2026-09-20,,not_recorded,,,not_verified,,,released,not_checked,https://www.riograndegames.com/games/dominion-prosperity/,,publisher,product_detail,product_name;base_game_association;what_it_adds,core_facts_verified,2026-09-20,web_retrieval_or_search_index; not a legal/license audit,supply_cards_and_player_count;recommendation;editorial_human_review,not_established,US; regional availability not guaranteed,,,,,2026-09-20T14:35:11+00:00,fetch_failed,identity_not_established,https://www.riograndegames.com/games/dominion-prosperity/,,src-92ad96ca061e436a,not_established,base_game_requirement,,
rec_519ec9465e845a,prd_cbc9dce39bbd08,game_dominion,Dominion,dominion,Prosperity (1st Edition),Rio Grande Games,expansion,1st Edition,primary_catalog_identity,hold_for_product_detail_verification,unknown,unknown,,,not_verified,false,,,Later edition exists; do not treat the two editions as independent content purchases.,,,not_recorded,,not_established,,,,,,,,,not_assessed,,,,,,,,,,not_recorded,,,not_verified,,,out_of_print,not_checked,https://www.riograndegames.com/games/dominion/,,publisher,catalog,product_name;base_game_association,catalog_verified_details_pending,2026-09-20,web_retrieval_or_search_index; not a legal/license audit,prerequisites;edition;recommendation,not_established,US; regional availability not guaranteed,,,,,2026-09-20T14:35:11+00:00,fetch_failed,identity_not_established,https://www.riograndegames.com/games/dominion/,,src-adabf89baae94476,not_established,what_it_adds | base_game_requirement | edition_compatibility_notes,,
rec_e457b12a6d9648,prd_054a3e59d460de,game_dominion,Dominion,dominion,Prosperity Update Pack,Rio Grande Games,edition_upgrade_pack,,primary_catalog_identity,hold_for_product_detail_verification,unknown,unknown,,,not_verified,false,,An update pack is not the full expansion; identify the older edition owned before recommending.,,,,not_recorded,,not_established,,,,,,,,,not_assessed,,,,,,,,,,not_recorded,,,not_verified,,,released,not_checked,https://www.riograndegames.com/games/dominion/,,publisher,catalog,product_name;base_game_association,catalog_verified_details_pending,2026-09-20,web_retrieval_or_search_index; not a legal/license audit,prerequisites;edition;recommendation,not_established,US; regional availability not guaranteed,,,,,2026-09-20T14:35:11+00:00,fetch_failed,identity_not_established,https://www.riograndegames.com/games/dominion/,,src-adabf89baae94476,not_established,what_it_adds | base_game_requirement,,
rec_6677b5b2e1e5c8,prd_687e0ff723465d,game_dominion,Dominion,dominion,Renaissance,Rio Grande Games,expansion,,product_facts_checked,fact_checked_draft_needs_editorial_review,unknown,unknown,,,not_verified,false,,"Basic Treasure, Victory and Curse cards and setup rules are needed. Do not infer five/six-player support from this box alone.",,,"25 Kingdom cards, bankable coin/action tokens, Projects and Artifacts.",product_or_cycle_description,,not_established,,,,"Group wants saved resources, Projects and Artifacts.",consider_for_stated_use,1,"Group wants saved resources, Projects and Artifacts.",Choose for those mechanisms rather than assuming release order determines purchase order.,editorial_draft_mechanics_based,editorial_inference_from_publisher_mechanics_not_playtesting,stated_use_case_only_not_universal_rank,https://www.riograndegames.com/games/dominion-renaissance/,44.95,publisher_listed_msrp,40_to_59_99,https://www.riograndegames.com/games/dominion-renaissance/,2026-09-20,,not_recorded,,,not_verified,,,released,not_checked,https://www.riograndegames.com/games/dominion-renaissance/,,publisher,product_detail,product_name;base_game_association;what_it_adds,core_facts_verified,2026-09-20,web_retrieval_or_search_index; not a legal/license audit,supply_cards_and_player_count;recommendation;editorial_human_review,not_established,US; regional availability not guaranteed,,,,,2026-09-20T14:35:11+00:00,fetch_failed,identity_not_established,https://www.riograndegames.com/games/dominion-renaissance/,,src-bf9a63d23f94cc3b,not_established,base_game_requirement,,
rec_0103049045d0d0,prd_b5032eb73349ce,game_dominion,Dominion,dominion,Rising Sun,Rio Grande Games,expansion,,product_facts_checked,fact_checked_draft_needs_editorial_review,unknown,unknown,,,not_verified,false,,"Basic Treasure, Victory and Curse cards and setup rules are needed. Do not infer five/six-player support from this box alone.",,,"25 Kingdom piles, Shadow cards, Prophecies, Debt and Events.",product_or_cycle_description,,not_established,,,,,,,,,not_assessed,,,,44.95,publisher_listed_msrp,40_to_59_99,https://www.riograndegames.com/games/dominion-rising-sun/,2026-09-20,,not_recorded,,,not_verified,,,released,not_checked,https://www.riograndegames.com/games/dominion-rising-sun/,,publisher,product_detail,product_name;base_game_association;what_it_adds,core_facts_verified,2026-09-20,web_retrieval_or_search_index; not a legal/license audit,supply_cards_and_player_count;recommendation,not_established,US; regional availability not guaranteed,,,,,2026-09-20T14:35:11+00:00,fetch_failed,identity_not_established,https://www.riograndegames.com/games/dominion-rising-sun/,,src-61e9c6a04c3a90f3,not_established,base_game_requirement,,
rec_6617b48b3e71e1,prd_d1266820c09f72,game_dominion,Dominion,dominion,Sauna / Avanto Promo,Rio Grande Games,official_promo,,primary_catalog_identity,hold_for_product_detail_verification,unknown,unknown,,,not_verified,false,,,,,Promotional Dominion card content.,format_level_only,,not_established,,,,,,,,,not_assessed,,,,,,,,,,not_recorded,,,not_verified,,,released,not_checked,https://www.riograndegames.com/games/dominion/,,publisher,catalog,product_name;base_game_association,catalog_verified_details_pending,2026-09-20,web_retrieval_or_search_index; not a legal/license audit,prerequisites;edition;recommendation,not_established,US; regional availability not guaranteed,,,,,2026-09-20T14:35:11+00:00,fetch_failed,identity_not_established,https://www.riograndegames.com/games/dominion/,,src-adabf89baae94476,not_established,base_game_requirement | edition_compatibility_notes,,
rec_dddff22d43e90d,prd_18b4f866284768,game_dominion,Dominion,dominion,Seaside,Rio Grande Games,expansion,2nd Edition,product_facts_checked,fact_checked_draft_needs_editorial_review,unknown,unknown,,,not_verified,false,,"Basic Treasure, Victory and Curse cards and setup rules are needed. Do not infer five/six-player support from this box alone.",Current edition replaces some first-edition cards; existing owners should check the corresponding Update Pack instead of rebuying the entire box.,,27 Kingdom cards emphasizing effects that extend into future turns.,product_or_cycle_description,,not_established,,,,Group wants multi-turn card effects.,strong_fit_for_stated_use,1,Group wants multi-turn card effects.,Next-turn effects match this preference; verify edition and basic supply-card ownership.,editorial_draft_mechanics_based,editorial_inference_from_publisher_mechanics_not_playtesting,stated_use_case_only_not_universal_rank,https://www.riograndegames.com/games/dominion-seaside/,39.95,publisher_listed_msrp,20_to_39_99,https://www.riograndegames.com/games/dominion-seaside/,2026-09-20,,not_recorded,,,not_verified,,,released,not_checked,https://www.riograndegames.com/games/dominion-seaside/,,publisher,product_detail,product_name;base_game_association;what_it_adds,core_facts_verified,2026-09-20,web_retrieval_or_search_index; not a legal/license audit,supply_cards_and_player_count;recommendation;editorial_human_review,not_established,US; regional availability not guaranteed,,,,,2026-09-20T14:35:11+00:00,fetch_failed,identity_not_established,https://www.riograndegames.com/games/dominion-seaside/,,src-4bb03836d5c6d60c,not_established,base_game_requirement,,
rec_d771507a32d42f,prd_9aac15a76c5049,game_dominion,Dominion,dominion,Seaside (1st Edition),Rio Grande Games,expansion,1st Edition,primary_catalog_identity,hold_for_product_detail_verification,unknown,unknown,,,not_verified,false,,,Later edition exists; do not treat the two editions as independent content purchases.,,,not_recorded,,not_established,,,,,,,,,not_assessed,,,,,,,,,,not_recorded,,,not_verified,,,out_of_print,not_checked,https://www.riograndegames.com/games/dominion/,,publisher,catalog,product_name;base_game_association,catalog_verified_details_pending,2026-09-20,web_retrieval_or_search_index; not a legal/license audit,prerequisites;edition;recommendation,not_established,US; regional availability not guaranteed,,,,,2026-09-20T14:35:11+00:00,fetch_failed,identity_not_established,https://www.riograndegames.com/games/dominion/,,src-adabf89baae94476,not_established,what_it_adds | base_game_requirement | edition_compatibility_notes,,
rec_d41d8736c6f1ba,prd_e55d0ff8ded204,game_dominion,Dominion,dominion,Seaside Update Pack,Rio Grande Games,edition_upgrade_pack,,primary_catalog_identity,hold_for_product_detail_verification,unknown,unknown,,,not_verified,false,,An update pack is not the full expansion; identify the older edition owned before recommending.,,,,not_recorded,,not_established,,,,,,,,,not_assessed,,,,,,,,,,not_recorded,,,not_verified,,,released,not_checked,https://www.riograndegames.com/games/dominion/,,publisher,catalog,product_name;base_game_association,catalog_verified_details_pending,2026-09-20,web_retrieval_or_search_index; not a legal/license audit,prerequisites;edition;recommendation,not_established,US; regional availability not guaranteed,,,,,2026-09-20T14:35:11+00:00,fetch_failed,identity_not_established,https://www.riograndegames.com/games/dominion/,,src-adabf89baae94476,not_established,what_it_adds | base_game_requirement,,
rec_057e91a95c5633,prd_17bd26636518e6,game_dominion,Dominion,dominion,Stash Promo,Rio Grande Games,official_promo,,primary_catalog_identity,hold_for_product_detail_verification,unknown,unknown,,,not_verified,false,,,,,Promotional Dominion card content.,format_level_only,,not_established,,,,,,,,,not_assessed,,,,,,,,,,not_recorded,,,not_verified,,,released,not_checked,https://www.riograndegames.com/games/dominion/,,publisher,catalog,product_name;base_game_association,catalog_verified_details_pending,2026-09-20,web_retrieval_or_search_index; not a legal/license audit,prerequisites;edition;recommendation,not_established,US; regional availability not guaranteed,,,,,2026-09-20T14:35:11+00:00,fetch_failed,identity_not_established,https://www.riograndegames.com/games/dominion/,,src-adabf89baae94476,not_established,base_game_requirement | edition_compatibility_notes,,
rec_ab7364a50ecb8e,prd_73375a08865eef,game_dominion,Dominion,dominion,Summon Promo,Rio Grande Games,official_promo,,primary_catalog_identity,hold_for_product_detail_verification,unknown,unknown,,,not_verified,false,,,,,Promotional Dominion card content.,format_level_only,,not_established,,,,,,,,,not_assessed,,,,,,,,,,not_recorded,,,not_verified,,,released,not_checked,https://www.riograndegames.com/games/dominion/,,publisher,catalog,product_name;base_game_association,catalog_verified_details_pending,2026-09-20,web_retrieval_or_search_index; not a legal/license audit,prerequisites;edition;recommendation,not_established,US; regional availability not guaranteed,,,,,2026-09-20T14:35:11+00:00,fetch_failed,identity_not_established,https://www.riograndegames.com/games/dominion/,,src-adabf89baae94476,not_established,base_game_requirement | edition_compatibility_notes,,
rec_223bbe9a86bcf3,prd_a2c6523085e4ad,game_dominion,Dominion,dominion,Walled Village Promo,Rio Grande Games,official_promo,,primary_catalog_identity,hold_for_product_detail_verification,unknown,unknown,,,not_verified,false,,,,,Promotional Dominion card content.,format_level_only,,not_established,,,,,,,,,not_assessed,,,,,,,,,,not_recorded,,,not_verified,,,released,not_checked,https://www.riograndegames.com/games/dominion/,,publisher,catalog,product_name;base_game_association,catalog_verified_details_pending,2026-09-20,web_retrieval_or_search_index; not a legal/license audit,prerequisites;edition;recommendation,not_established,US; regional availability not guaranteed,,,,,2026-09-20T14:35:11+00:00,fetch_failed,identity_not_established,https://www.riograndegames.com/games/dominion/,,src-adabf89baae94476,not_established,base_game_requirement | edition_compatibility_notes,,
rec_83c5e50ed2bb32,prd_44bc8c62e3f8c8,game_draft-write-records,Draft & Write Records,draft-write-records,OFPG Starla Promo,,official_promo,,secondary_catalog_identity,hold_for_product_detail_verification,unknown,unknown,,,not_verified,false,,,,,Promotional gameplay content; exact effects and required editions not independently checked.,format_level_only,,not_established,,,,,,,,,not_assessed,,,,,,,,,,not_recorded,,,not_verified,,,unknown,not_checked,,https://boardgamegeekstore.com/collections/bgg-store-promos?page=2,specialist_retailer,retailer_catalog,product_name;base_game_association,secondary_catalog_details_pending,2026-09-20,web_retrieval_or_search_index; not a legal/license audit,product_rulebook;prerequisites;edition;recommendation;retailer_identity_only,not_established,US; regional availability not guaranteed,,,,,2026-09-20T14:35:11+00:00,fetch_failed,identity_not_established,https://boardgamegeekstore.com/collections/bgg-store-promos?page=2,,src-42cc4ca501b42b1f,not_established,base_game_requirement | edition_compatibility_notes,,
rec_f15f2e2cc04113,prd_3c6a434f683925,game_dune-imperium,Dune: Imperium,dune-imperium,Bloodlines,Dire Wolf,expansion,,product_facts_checked,fact_checked_draft_needs_editorial_review,yes,no,Dune: Imperium OR Dune: Imperium - Uprising.,"[[""Dune: Imperium""], [""Dune: Imperium - Uprising""]]",publisher_confirmed,true,,,,,"Sardaukar Commanders, new technology, leaders, contracts and cards.",product_or_cycle_description,,not_established,,,,,,,,,not_assessed,,,,40.0,displayed_catalog_price_not_live_quote,40_to_59_99,https://www.direwolfdigital.com/dune-imperium-bloodlines/,2026-09-20,https://shop.direwolfdigital.com/products/dune-imperium-bloodlines,source_product_page_not_checkout_tested,,,not_verified,,,unknown,not_checked,https://www.direwolfdigital.com/dune-imperium-bloodlines/,https://shop.direwolfdigital.com/products/dune-imperium-bloodlines,publisher,product_detail,product_name;base_game_association;what_it_adds,core_facts_verified,2026-09-20,web_retrieval_or_search_index; not a legal/license audit,edition;recommendation,not_established,US; regional availability not guaranteed,,,,,2026-09-20T14:35:11+00:00,fetch_failed,identity_not_established,https://shop.direwolfdigital.com/products/dune-imperium-bloodlines,,src-6c7413efc3e83ae5,not_established,edition_compatibility_notes,,
rec_becbacbb9825c4,prd_42edd17ee717fc,game_dune-imperium,Dune: Imperium,dune-imperium,Immortality,Dire Wolf,expansion,,primary_catalog_identity,hold_for_product_detail_verification,unknown,unknown,,,not_verified,false,Dune: Imperium base game; Uprising integration requires its expansion instructions.,,,,"Tleilaxu research, genetic specimens and grafting cards.",product_or_cycle_description,,not_established,,,,,,,,,not_assessed,,,,,,,,,,not_recorded,,,not_verified,,,unknown,not_checked,https://direwolfdigital.com/dune-imperium/,,publisher,catalog,product_name;base_game_association;what_it_adds,catalog_verified_details_pending,2026-09-20,web_retrieval_or_search_index; not a legal/license audit,uprising_compatibility;recommendation,not_established,US; regional availability not guaranteed,,,,,2026-09-20T14:35:11+00:00,fetch_failed,identity_not_established,https://direwolfdigital.com/dune-imperium/,,src-eb90cc3b339a60d7,not_established,base_game_requirement | edition_compatibility_notes,,
rec_98d5fc791fb60f,prd_4c0bfc3ee6aeeb,game_dune-imperium,Dune: Imperium,dune-imperium,Rise of Ix,Dire Wolf,expansion,,primary_catalog_identity,hold_for_product_detail_verification,unknown,unknown,,,not_verified,false,Dune: Imperium base game; Uprising integration requires its expansion instructions.,,,,"Technology, dreadnoughts, infiltrators and additional leaders.",product_or_cycle_description,,not_established,,,,,,,,,not_assessed,,,,,,,,,,not_recorded,,,not_verified,,,unknown,not_checked,https://direwolfdigital.com/dune-imperium/,,publisher,catalog,product_name;base_game_association;what_it_adds,catalog_verified_details_pending,2026-09-20,web_retrieval_or_search_index; not a legal/license audit,uprising_compatibility;recommendation,not_established,US; regional availability not guaranteed,,,,,2026-09-20T14:35:11+00:00,fetch_failed,identity_not_established,https://direwolfdigital.com/dune-imperium/,,src-eb90cc3b339a60d7,not_established,base_game_requirement | edition_compatibility_notes,,
rec_a29140e7afd798,prd_3c6a434f683925,game_dune-imperium-uprising,Dune: Imperium - Uprising,dune-imperium-uprising,Bloodlines,Dire Wolf,expansion,,product_facts_checked,fact_checked_draft_needs_editorial_review,yes,no,Dune: Imperium OR Dune: Imperium - Uprising.,"[[""Dune: Imperium""], [""Dune: Imperium - Uprising""]]",publisher_confirmed,true,,,,,"Sardaukar Commanders, new technology, leaders, contracts and cards.",product_or_cycle_description,,not_established,,,,,,,,,not_assessed,,,,40.0,displayed_catalog_price_not_live_quote,40_to_59_99,https://www.direwolfdigital.com/dune-imperium-bloodlines/,2026-09-20,https://shop.direwolfdigital.com/products/dune-imperium-bloodlines,source_product_page_not_checkout_tested,,,not_verified,,,unknown,not_checked,https://www.direwolfdigital.com/dune-imperium-bloodlines/,https://shop.direwolfdigital.com/products/dune-imperium-bloodlines,publisher,product_detail,product_name;base_game_association;what_it_adds,core_facts_verified,2026-09-20,web_retrieval_or_search_index; not a legal/license audit,edition;recommendation,not_established,US; regional availability not guaranteed,,,,,2026-09-20T14:35:11+00:00,fetch_failed,identity_not_established,https://shop.direwolfdigital.com/products/dune-imperium-bloodlines,,src-6c7413efc3e83ae5,not_established,edition_compatibility_notes,,
rec_627e643b916225,prd_94ba00f8348066,game_earth,Earth,earth,Red Fox / Badger Promo,,official_promo,,secondary_catalog_identity,hold_for_product_detail_verification,unknown,unknown,,,not_verified,false,,,,,Promotional gameplay content; exact effects and required editions not independently checked.,format_level_only,,not_established,,,,,,,,,not_assessed,,,,,,,,,,not_recorded,,,not_verified,,,unknown,not_checked,,https://boardgamegeekstore.com/collections/bgg-store-promos?page=2,specialist_retailer,retailer_catalog,product_name;base_game_association,secondary_catalog_details_pending,2026-09-20,web_retrieval_or_search_index; not a legal/license audit,product_rulebook;prerequisites;edition;recommendation;retailer_identity_only,not_established,US; regional availability not guaranteed,,,,,2026-09-20T14:35:11+00:00,fetch_failed,identity_not_established,https://boardgamegeekstore.com/collections/bgg-store-promos?page=2,,src-42cc4ca501b42b1f,not_established,base_game_requirement | edition_compatibility_notes,,
rec_82ca231e7d92e4,prd_53138d784be8c1,game_eldritch-horror,Eldritch Horror,eldritch-horror,Cities in Ruin,Fantasy Flight Games,expansion,,primary_catalog_identity,hold_for_product_detail_verification,unknown,unknown,,,not_verified,false,,The publisher support index identifies these titles. A linked rulebook was not assumed to establish every component prerequisite.,,,,not_recorded,,not_established,,,,,,,,,not_assessed,,,,,,,,,,not_recorded,,,not_verified,,,unknown,not_checked,https://www.fantasyflightgames.com/en/products/eldritch-horror/,,publisher,publisher_rules_index,product_name;base_game_association,catalog_verified_details_pending,2026-09-20,web_retrieval_or_search_index; not a legal/license audit,prerequisites;edition;product_details;recommendation,not_established,US; regional availability not guaranteed,,,,,2026-09-20T14:35:11+00:00,fetch_failed,identity_not_established,https://www.fantasyflightgames.com/en/products/eldritch-horror/,,src-970fc4354987c500,not_established,what_it_adds | base_game_requirement,,
rec_9596b929266113,prd_021cc0a8d3adde,game_eldritch-horror,Eldritch Horror,eldritch-horror,Forsaken Lore,Fantasy Flight Games,expansion,,product_facts_checked,fact_checked_draft_needs_editorial_review,yes,no,Eldritch Horror,"[[""Eldritch Horror""]]",publisher_confirmed,true,,The publisher support index identifies these titles. A linked rulebook was not assumed to establish every component prerequisite.,,,"Yig, additional mysteries and research encounters, plus spells, assets and artifacts.",product_or_cycle_description,,not_established,1,8,publisher_product_listing,Owner wants more encounters and mysteries rather than a new side board.,strong_fit_for_stated_use,1,Owner wants more encounters and mysteries rather than a new side board.,"Additional mysteries, research encounters and a new Ancient One broaden existing systems.",editorial_draft_mechanics_based,editorial_inference_from_publisher_mechanics_not_playtesting,stated_use_case_only_not_universal_rank,https://www.fantasyflightgames.com/en/products/eldritch-horror/products/forsaken-lore/,27.99,displayed_catalog_price_not_live_quote,20_to_39_99,https://www.fantasyflightgames.com/en/products/eldritch-horror/products/forsaken-lore/,2026-09-20,https://www.fantasyflightgames.com/en/products/eldritch-horror/products/forsaken-lore/,source_product_page_may_link_to_store,,,not_verified,,,unknown,not_checked,https://www.fantasyflightgames.com/en/products/eldritch-horror/products/forsaken-lore/,https://www.fantasyflightgames.com/en/news/2014/2/10/forsaken-lore/,publisher,product_detail,product_name;base_game_association;what_it_adds;base_requirement,core_facts_verified,2026-09-20,web_retrieval_or_search_index; not a legal/license audit,edition;recommendation;editorial_human_review,not_established,US; regional availability not guaranteed,,,,,2026-09-20T14:35:11+00:00,fetch_failed,identity_not_established,https://www.fantasyflightgames.com/en/products/eldritch-horror/products/forsaken-lore/,,src-a89cae908bc87a4e,not_established,,,
rec_7aa2c17853b32b,prd_1daa7c29d5ada0,game_eldritch-horror,Eldritch Horror,eldritch-horror,Masks of Nyarlathotep,Fantasy Flight Games,expansion,,primary_catalog_identity,hold_for_product_detail_verification,unknown,unknown,,,not_verified,false,,The publisher support index identifies these titles. A linked rulebook was not assumed to establish every component prerequisite.,,,,not_recorded,,not_established,,,,,,,,,not_assessed,,,,,,,,,,not_recorded,,,not_verified,,,unknown,not_checked,https://www.fantasyflightgames.com/en/products/eldritch-horror/,,publisher,publisher_rules_index,product_name;base_game_association,catalog_verified_details_pending,2026-09-20,web_retrieval_or_search_index; not a legal/license audit,prerequisites;edition;product_details;recommendation,not_established,US; regional availability not guaranteed,,,,,2026-09-20T14:35:11+00:00,fetch_failed,identity_not_established,https://www.fantasyflightgames.com/en/products/eldritch-horror/,,src-970fc4354987c500,not_established,what_it_adds | base_game_requirement,,
rec_4a4cc181ecdb47,prd_f7f834e51b12bd,game_eldritch-horror,Eldritch Horror,eldritch-horror,Mountains of Madness,Fantasy Flight Games,expansion,,primary_catalog_identity,hold_for_product_detail_verification,unknown,unknown,,,not_verified,false,,The publisher support index identifies these titles. A linked rulebook was not assumed to establish every component prerequisite.,,,,not_recorded,,not_established,,,,,,,,,not_assessed,,,,,,,,,,not_recorded,,,not_verified,,,unknown,not_checked,https://www.fantasyflightgames.com/en/products/eldritch-horror/,,publisher,publisher_rules_index,product_name;base_game_association,catalog_verified_details_pending,2026-09-20,web_retrieval_or_search_index; not a legal/license audit,prerequisites;edition;product_details;recommendation,not_established,US; regional availability not guaranteed,,,,,2026-09-20T14:35:11+00:00,fetch_failed,identity_not_established,https://www.fantasyflightgames.com/en/products/eldritch-horror/,,src-970fc4354987c500,not_established,what_it_adds | base_game_requirement,,
rec_f705fee10ae2c0,prd_51587f8b7b320a,game_eldritch-horror,Eldritch Horror,eldritch-horror,Signs of Carcosa,Fantasy Flight Games,expansion,,primary_catalog_identity,hold_for_product_detail_verification,unknown,unknown,,,not_verified,false,,The publisher support index identifies these titles. A linked rulebook was not assumed to establish every component prerequisite.,,,,not_recorded,,not_established,,,,,,,,,not_assessed,,,,,,,,,,not_recorded,,,not_verified,,,unknown,not_checked,https://www.fantasyflightgames.com/en/products/eldritch-horror/,,publisher,publisher_rules_index,product_name;base_game_association,catalog_verified_details_pending,2026-09-20,web_retrieval_or_search_index; not a legal/license audit,prerequisites;edition;product_details;recommendation,not_established,US; regional availability not guaranteed,,,,,2026-09-20T14:35:11+00:00,fetch_failed,identity_not_established,https://www.fantasyflightgames.com/en/products/eldritch-horror/,,src-970fc4354987c500,not_established,what_it_adds | base_game_requirement,,
rec_1301a59db5e406,prd_8dfc59e0cc4d53,game_eldritch-horror,Eldritch Horror,eldritch-horror,Strange Remnants,Fantasy Flight Games,expansion,,primary_catalog_identity,hold_for_product_detail_verification,unknown,unknown,,,not_verified,false,,The publisher support index identifies these titles. A linked rulebook was not assumed to establish every component prerequisite.,,,,not_recorded,,not_established,,,,,,,,,not_assessed,,,,,,,,,,not_recorded,,,not_verified,,,unknown,not_checked,https://www.fantasyflightgames.com/en/products/eldritch-horror/,,publisher,publisher_rules_index,product_name;base_game_association,catalog_verified_details_pending,2026-09-20,web_retrieval_or_search_index; not a legal/license audit,prerequisites;edition;product_details;recommendation,not_established,US; regional availability not guaranteed,,,,,2026-09-20T14:35:11+00:00,fetch_failed,identity_not_established,https://www.fantasyflightgames.com/en/products/eldritch-horror/,,src-970fc4354987c500,not_established,what_it_adds | base_game_requirement,,
rec_108f8c48a4b7b0,prd_79266acae92e6b,game_eldritch-horror,Eldritch Horror,eldritch-horror,The Dreamlands,Fantasy Flight Games,expansion,,primary_catalog_identity,hold_for_product_detail_verification,unknown,unknown,,,not_verified,false,,The publisher support index identifies these titles. A linked rulebook was not assumed to establish every component prerequisite.,,,,not_recorded,,not_established,,,,,,,,,not_assessed,,,,,,,,,,not_recorded,,,not_verified,,,unknown,not_checked,https://www.fantasyflightgames.com/en/products/eldritch-horror/,,publisher,publisher_rules_index,product_name;base_game_association,catalog_verified_details_pending,2026-09-20,web_retrieval_or_search_index; not a legal/license audit,prerequisites;edition;product_details;recommendation,not_established,US; regional availability not guaranteed,,,,,2026-09-20T14:35:11+00:00,fetch_failed,identity_not_established,https://www.fantasyflightgames.com/en/products/eldritch-horror/,,src-970fc4354987c500,not_established,what_it_adds | base_game_requirement,,
rec_fb941b1bea4b94,prd_7a2890209abc90,game_eldritch-horror,Eldritch Horror,eldritch-horror,Under the Pyramids,Fantasy Flight Games,expansion,,primary_catalog_identity,hold_for_product_detail_verification,unknown,unknown,,,not_verified,false,,The publisher support index identifies these titles. A linked rulebook was not assumed to establish every component prerequisite.,,,,not_recorded,,not_established,,,,,,,,,not_assessed,,,,,,,,,,not_recorded,,,not_verified,,,unknown,not_checked,https://www.fantasyflightgames.com/en/products/eldritch-horror/,,publisher,publisher_rules_index,product_name;base_game_association,catalog_verified_details_pending,2026-09-20,web_retrieval_or_search_index; not a legal/license audit,prerequisites;edition;product_details;recommendation,not_established,US; regional availability not guaranteed,,,,,2026-09-20T14:35:11+00:00,fetch_failed,identity_not_established,https://www.fantasyflightgames.com/en/products/eldritch-horror/,,src-970fc4354987c500,not_established,what_it_adds | base_game_requirement,,
rec_6fa0121ace8bee,prd_fb353737c81e97,game_emberheart,Emberheart,emberheart,Promo Pack,Mindclash Games,official_promo,,primary_catalog_identity,hold_for_product_detail_verification,unknown,unknown,,,not_verified,false,,,,,,not_recorded,,not_established,,,,,,,,,not_assessed,,,,,,,,,,not_recorded,,,not_verified,,,unknown,not_checked,https://uk.shop.mindclashgames.com/product-category/expansions/,,publisher,catalog,product_name;base_game_association,catalog_verified_details_pending,2026-09-20,web_retrieval_or_search_index; not a legal/license audit,US_edition_availability;prerequisites;component_overlap;recommendation,not_established,US; regional availability not guaranteed,,,,,2026-09-20T14:35:11+00:00,fetch_failed,identity_not_established,https://uk.shop.mindclashgames.com/product-category/expansions/,,src-c2a0ba114a2a6d9e,not_established,what_it_adds | base_game_requirement | edition_compatibility_notes,,
rec_e2788f83ea7a49,prd_f13c6677025ff8,game_emerald-skulls,Emerald Skulls,emerald-skulls,7-8 Player Expansion,Thunderworks Games,gameplay_addition_format_pending,,secondary_catalog_identity,hold_for_product_detail_verification,unknown,unknown,,,not_verified,false,,,,,Promotional gameplay content; exact effects and required editions not independently checked.,format_level_only,,not_established,,,,,,,,,not_assessed,,,,,,,,,,not_recorded,,,not_verified,,,unknown,not_checked,,https://boardgamegeekstore.com/collections/bgg-store-promos,specialist_retailer,retailer_catalog,product_name;base_game_association,secondary_catalog_details_pending,2026-09-20,web_retrieval_or_search_index; not a legal/license audit,product_rulebook;prerequisites;edition;recommendation;retailer_identity_only,not_established,US; regional availability not guaranteed,,,,,2026-09-20T14:35:11+00:00,fetch_failed,identity_not_established,https://boardgamegeekstore.com/collections/bgg-store-promos,,src-01c27471df6176f4,not_established,base_game_requirement | edition_compatibility_notes,,
rec_94db1a26112d94,prd_571dc2587fa1e3,game_emerge,Emerge,emerge,One Perfect Island Goal Promo,,official_promo,,secondary_catalog_identity,hold_for_product_detail_verification,unknown,unknown,,,not_verified,false,,,,,Promotional gameplay content; exact effects and required editions not independently checked.,format_level_only,,not_established,,,,,,,,,not_assessed,,,,,,,,,,not_recorded,,,not_verified,,,unknown,not_checked,,https://boardgamegeekstore.com/collections/bgg-store-promos?page=3,specialist_retailer,retailer_catalog,product_name;base_game_association,secondary_catalog_details_pending,2026-09-20,web_retrieval_or_search_index; not a legal/license audit,product_rulebook;prerequisites;edition;recommendation;retailer_identity_only,not_established,US; regional availability not guaranteed,,,,,2026-09-20T14:35:11+00:00,fetch_failed,identity_not_established,https://boardgamegeekstore.com/collections/bgg-store-promos?page=3,,src-1d4913c5e78cfab9,not_established,base_game_requirement | edition_compatibility_notes,,
rec_323da60d47f0f9,prd_9150f71c26df3e,game_etherfields,Etherfields,etherfields,Kittenburg,Awaken Realms,gameplay_addition_format_pending,,secondary_catalog_identity,hold_for_product_detail_verification,unknown,unknown,,,not_verified,false,,,,,Promotional gameplay content; exact effects and required editions not independently checked.,format_level_only,,not_established,,,,,,,,,not_assessed,,,,,,,,,,not_recorded,,,not_verified,,,unknown,not_checked,,https://boardgamegeekstore.com/collections/bgg-store-promos?page=4,specialist_retailer,retailer_catalog,product_name;base_game_association,secondary_catalog_details_pending,2026-09-20,web_retrieval_or_search_index; not a legal/license audit,product_rulebook;prerequisites;edition;recommendation;retailer_identity_only,not_established,US; regional availability not guaranteed,,,,,2026-09-20T14:35:11+00:00,fetch_failed,identity_not_established,https://boardgamegeekstore.com/collections/bgg-store-promos?page=4,,src-35a9b637149f4324,not_established,base_game_requirement | edition_compatibility_notes,,
rec_2b043fad5d5da4,prd_e71c157247fe7f,game_everdell,Everdell,everdell,Bellfaire,Starling Games / Tycoon Games,expansion,,primary_catalog_identity,hold_for_product_detail_verification,unknown,unknown,,,not_verified,false,,"Collector versus standard versions can differ. Related Farshore, Silverfrost and Duo titles are not assumed to be expansions.",,,,not_recorded,,not_established,,,,,,,,,not_assessed,,,,45.0,displayed_catalog_price_not_live_quote,40_to_59_99,https://tycoongames.com/collections/everdell,2026-09-20,,not_recorded,,,not_verified,,,unknown,not_checked,https://tycoongames.com/collections/everdell,,publisher,catalog,product_name;base_game_association,catalog_verified_details_pending,2026-09-20,web_retrieval_or_search_index; not a legal/license audit,prerequisites;edition;recommendation,not_established,US; regional availability not guaranteed,,,,,2026-09-20T14:35:11+00:00,fetch_failed,identity_not_established,https://tycoongames.com/collections/everdell,,src-66dcf6978e295dc4,not_established,what_it_adds | base_game_requirement,,
rec_806dea7abecc9c,prd_bb8ef1d61fa654,game_everdell,Everdell,everdell,Complete Collection,Starling Games / Tycoon Games,base_plus_expansions_bundle,,product_facts_checked,fact_checked_draft_needs_editorial_review,no,yes,,,publisher_confirmed,false,,,"Includes Everdell, Pearlbrook, Spirecrest, Bellfaire, Newleaf and Mistwood content; not five new expansions for an existing complete owner.",,Base game plus the five major original-line expansions and collector content.,product_or_cycle_description,,not_established,,,,New buyer intends to acquire the original-line base and all five major expansions.,check_overlap_before_buying,1,New buyer intends to acquire the original-line base and all five major expansions.,Consolidated collection can avoid piecemeal purchases; existing owners would duplicate significant content.,editorial_draft_mechanics_based,editorial_inference_from_publisher_mechanics_not_playtesting,stated_use_case_only_not_universal_rank,https://tycoongames.com/products/everdell-complete-collection,350.0,displayed_catalog_price_not_live_quote,100_or_more,https://tycoongames.com/products/everdell-complete-collection,2026-09-20,https://tycoongames.com/products/everdell-complete-collection,source_product_page_may_link_to_store,,,not_verified,,,unknown,not_checked,https://tycoongames.com/products/everdell-complete-collection,,publisher,product_detail,product_name;base_game_association;standalone_status;content_overlap;price,core_facts_verified,2026-09-20,web_retrieval_or_search_index; not a legal/license audit,precise_collector_components;recommendation;editorial_human_review,not_established,US; regional availability not guaranteed,,,,,2026-09-20T14:35:11+00:00,fetch_failed,identity_not_established,https://tycoongames.com/products/everdell-complete-collection,,src-9a15b21bbf925c02,not_established,edition_compatibility_notes,,
rec_33c60d77fd67c3,prd_5097e0fd2fe10c,game_everdell,Everdell,everdell,Corrin Evertail,Starling Games / Tycoon Games,bundled_mini_expansion,,primary_catalog_identity,hold_for_product_detail_verification,unknown,unknown,,,not_verified,false,,,Named in Complete Collection/Mistwood-family materials. Do not assume each is separately sold.,,,not_recorded,,not_established,,,,,,,,,not_assessed,,,,,,,,,,not_recorded,,,not_verified,,,unknown,not_checked,https://tycoongames.com/products/everdell-complete-collection,,publisher,catalog,product_name;base_game_association,catalog_verified_details_pending,2026-09-20,web_retrieval_or_search_index; not a legal/license audit,component_inclusion;prerequisites;retail_format;recommendation,not_established,US; regional availability not guaranteed,,,,,2026-09-20T14:35:11+00:00,fetch_failed,identity_not_established,https://tycoongames.com/products/everdell-complete-collection,,src-9a15b21bbf925c02,not_established,what_it_adds | base_game_requirement | edition_compatibility_notes,,
rec_d53d1720c8b1a5,prd_aab83ad6e8b6ca,game_everdell,Everdell,everdell,Legends II,Starling Games / Tycoon Games,bundled_mini_expansion,,primary_catalog_identity,hold_for_product_detail_verification,unknown,unknown,,,not_verified,false,,,Named in Complete Collection/Mistwood-family materials. Do not assume each is separately sold.,,,not_recorded,,not_established,,,,,,,,,not_assessed,,,,,,,,,,not_recorded,,,not_verified,,,unknown,not_checked,https://tycoongames.com/products/everdell-complete-collection,,publisher,catalog,product_name;base_game_association,catalog_verified_details_pending,2026-09-20,web_retrieval_or_search_index; not a legal/license audit,component_inclusion;prerequisites;retail_format;recommendation,not_established,US; regional availability not guaranteed,,,,,2026-09-20T14:35:11+00:00,fetch_failed,identity_not_established,https://tycoongames.com/products/everdell-complete-collection,,src-9a15b21bbf925c02,not_established,what_it_adds | base_game_requirement | edition_compatibility_notes,,
rec_99e7a2dc43991e,prd_d225814b333e2c,game_everdell,Everdell,everdell,Mistwood,Starling Games / Tycoon Games,expansion,,primary_catalog_identity,hold_for_product_detail_verification,unknown,unknown,,,not_verified,false,,"Collector versus standard versions can differ. Related Farshore, Silverfrost and Duo titles are not assumed to be expansions.",,,,not_recorded,,not_established,,,,,,,,,not_assessed,,,,60.0,displayed_catalog_price_not_live_quote,60_to_99_99,https://tycoongames.com/collections/everdell,2026-09-20,,not_recorded,,,not_verified,,,unknown,not_checked,https://tycoongames.com/collections/everdell,,publisher,catalog,product_name;base_game_association,catalog_verified_details_pending,2026-09-20,web_retrieval_or_search_index; not a legal/license audit,prerequisites;edition;recommendation,not_established,US; regional availability not guaranteed,,,,,2026-09-20T14:35:11+00:00,fetch_failed,identity_not_established,https://tycoongames.com/collections/everdell,,src-66dcf6978e295dc4,not_established,what_it_adds | base_game_requirement,,
rec_a80ecdaad42e3d,prd_0f636d28e16adb,game_everdell,Everdell,everdell,Newleaf,Starling Games / Tycoon Games,expansion,,primary_catalog_identity,hold_for_product_detail_verification,unknown,unknown,,,not_verified,false,,"Collector versus standard versions can differ. Related Farshore, Silverfrost and Duo titles are not assumed to be expansions.",,,,not_recorded,,not_established,,,,,,,,,not_assessed,,,,60.0,displayed_catalog_price_not_live_quote,60_to_99_99,https://tycoongames.com/collections/everdell,2026-09-20,,not_recorded,,,not_verified,,,unknown,not_checked,https://tycoongames.com/collections/everdell,,publisher,catalog,product_name;base_game_association,catalog_verified_details_pending,2026-09-20,web_retrieval_or_search_index; not a legal/license audit,prerequisites;edition;recommendation,not_established,US; regional availability not guaranteed,,,,,2026-09-20T14:35:11+00:00,fetch_failed,identity_not_established,https://tycoongames.com/collections/everdell,,src-66dcf6978e295dc4,not_established,what_it_adds | base_game_requirement,,
rec_9119c625bb81ec,prd_f722f70a399310,game_everdell,Everdell,everdell,Pearlbrook,Starling Games / Tycoon Games,expansion,,primary_catalog_identity,hold_for_product_detail_verification,unknown,unknown,,,not_verified,false,,"Collector versus standard versions can differ. Related Farshore, Silverfrost and Duo titles are not assumed to be expansions.",,,,not_recorded,,not_established,,,,,,,,,not_assessed,,,,60.0,displayed_catalog_price_not_live_quote,60_to_99_99,https://tycoongames.com/collections/everdell,2026-09-20,,not_recorded,,,not_verified,,,unknown,not_checked,https://tycoongames.com/collections/everdell,,publisher,catalog,product_name;base_game_association,catalog_verified_details_pending,2026-09-20,web_retrieval_or_search_index; not a legal/license audit,prerequisites;edition;recommendation,not_established,US; regional availability not guaranteed,,,,,2026-09-20T14:35:11+00:00,fetch_failed,identity_not_established,https://tycoongames.com/collections/everdell,,src-66dcf6978e295dc4,not_established,what_it_adds | base_game_requirement,,
rec_e21e7b6fb61c19,prd_eefb63b7c99a81,game_everdell,Everdell,everdell,Spirecrest,Starling Games / Tycoon Games,expansion,,primary_catalog_identity,hold_for_product_detail_verification,unknown,unknown,,,not_verified,false,,"Collector versus standard versions can differ. Related Farshore, Silverfrost and Duo titles are not assumed to be expansions.",,,,not_recorded,,not_established,,,,,,,,,not_assessed,,,,,,,,,,not_recorded,,,not_verified,,,unknown,not_checked,https://tycoongames.com/collections/everdell,,publisher,catalog,product_name;base_game_association,catalog_verified_details_pending,2026-09-20,web_retrieval_or_search_index; not a legal/license audit,prerequisites;edition;recommendation,not_established,US; regional availability not guaranteed,,,,,2026-09-20T14:35:11+00:00,fetch_failed,identity_not_established,https://tycoongames.com/collections/everdell,,src-66dcf6978e295dc4,not_established,what_it_adds | base_game_requirement,,
rec_2c63fd56c86fa1,prd_b1d31901239087,game_everdell,Everdell,everdell,Through Every Season,Starling Games / Tycoon Games,bundled_mini_expansion,,primary_catalog_identity,hold_for_product_detail_verification,unknown,unknown,,,not_verified,false,,,Named in Complete Collection/Mistwood-family materials. Do not assume each is separately sold.,,,not_recorded,,not_established,,,,,,,,,not_assessed,,,,,,,,,,not_recorded,,,not_verified,,,unknown,not_checked,https://tycoongames.com/products/everdell-complete-collection,,publisher,catalog,product_name;base_game_association,catalog_verified_details_pending,2026-09-20,web_retrieval_or_search_index; not a legal/license audit,component_inclusion;prerequisites;retail_format;recommendation,not_established,US; regional availability not guaranteed,,,,,2026-09-20T14:35:11+00:00,fetch_failed,identity_not_established,https://tycoongames.com/products/everdell-complete-collection,,src-9a15b21bbf925c02,not_established,what_it_adds | base_game_requirement | edition_compatibility_notes,,
rec_66604bd756862b,prd_363663f16cca31,game_expeditions,Expeditions,expeditions,Gears of Corruption,Stonemaier Games,expansion,,primary_catalog_identity,hold_for_product_detail_verification,unknown,unknown,,,not_verified,false,,,,,,not_recorded,,not_established,,,,,,,,,not_assessed,,,,,,,,,,not_recorded,,,not_verified,,,unknown,not_checked,https://store.stonemaiergames.com/collections/wingspan,,publisher,publisher_navigation,product_name;base_game_association,catalog_verified_details_pending,2026-09-20,web_retrieval_or_search_index; not a legal/license audit,product_detail;prerequisites;edition;release_status;recommendation,not_established,US; regional availability not guaranteed,,,,,2026-09-20T14:35:11+00:00,fetch_failed,identity_not_established,https://store.stonemaiergames.com/collections/wingspan,,src-aad88cb2772fb023,not_established,what_it_adds | base_game_requirement | edition_compatibility_notes,,
rec_4e25416a41d177,prd_b49c6626d5aa6c,game_explorers-of-the-north-sea,Explorers of the North Sea,explorers-of-the-north-sea,Rocks of Ruin,Garphill Games,expansion,,primary_catalog_identity,hold_for_product_detail_verification,unknown,unknown,,,not_verified,false,,,,,,not_recorded,,not_established,,,,,,,,,not_assessed,,,,35.0,displayed_catalog_price_not_live_quote,20_to_39_99,https://www.garphill.com/collections/north-sea,2026-09-20,,not_recorded,,,not_verified,,,unknown,not_checked,https://www.garphill.com/collections/north-sea,,publisher,catalog,product_name;base_game_association,catalog_verified_details_pending,2026-09-20,web_retrieval_or_search_index; not a legal/license audit,prerequisites;edition;recommendation,not_established,US; regional availability not guaranteed,,,,,2026-09-20T14:35:11+00:00,fetch_failed,identity_not_established,https://www.garphill.com/collections/north-sea,,src-130caea7f9b038a9,not_established,what_it_adds | base_game_requirement | edition_compatibility_notes,,
rec_db383cc822af36,prd_0cf56fea8e7975,game_explorers-of-the-north-sea,Explorers of the North Sea,explorers-of-the-north-sea,The Crew Mini-Expansion,Garphill Games,mini_expansion,,primary_catalog_identity,hold_for_product_detail_verification,unknown,unknown,,,not_verified,false,,,,,,not_recorded,,not_established,,,,,,,,,not_assessed,,,,8.0,displayed_catalog_price_not_live_quote,under_20,https://www.garphill.com/collections/north-sea,2026-09-20,,not_recorded,,,not_verified,,,unknown,not_checked,https://www.garphill.com/collections/north-sea,,publisher,catalog,product_name;base_game_association,catalog_verified_details_pending,2026-09-20,web_retrieval_or_search_index; not a legal/license audit,prerequisites;edition;recommendation,not_established,US; regional availability not guaranteed,,,,,2026-09-20T14:35:11+00:00,fetch_failed,identity_not_established,https://www.garphill.com/collections/north-sea,,src-130caea7f9b038a9,not_established,what_it_adds | base_game_requirement | edition_compatibility_notes,,
rec_0afba2e8939fbe,prd_dec3142e12841c,game_finspan,Finspan,finspan,Sharks & Reefs,Stonemaier Games,expansion,,primary_catalog_identity,hold_for_product_detail_verification,unknown,unknown,,,not_verified,false,,,,,,not_recorded,,not_established,,,,,,,,,not_assessed,,,,,,,,,,not_recorded,,,not_verified,,,unknown,not_checked,https://store.stonemaiergames.com/collections/wingspan,,publisher,publisher_navigation,product_name;base_game_association,catalog_verified_details_pending,2026-09-20,web_retrieval_or_search_index; not a legal/license audit,product_detail;prerequisites;edition;release_status;recommendation,not_established,US; regional availability not guaranteed,,,,,2026-09-20T14:35:11+00:00,fetch_failed,identity_not_established,https://store.stonemaiergames.com/collections/wingspan,,src-aad88cb2772fb023,not_established,what_it_adds | base_game_requirement | edition_compatibility_notes,,
rec_9169b9ee934875,prd_c4c39ee6255a3d,game_fireball-island-the-curse-of-vul-kar,Fireball Island: The Curse of Vul-Kar,fireball-island-the-curse-of-vul-kar,Treasure Trove,Restoration Games,gameplay_addition_format_pending,,secondary_catalog_identity,hold_for_product_detail_verification,unknown,unknown,,,not_verified,false,,,,,Promotional gameplay content; exact effects and required editions not independently checked.,format_level_only,,not_established,,,,,,,,,not_assessed,,,,,,,,,,not_recorded,,,not_verified,,,unknown,not_checked,,https://boardgamegeekstore.com/collections/bgg-store-promos,specialist_retailer,retailer_catalog,product_name;base_game_association,secondary_catalog_details_pending,2026-09-20,web_retrieval_or_search_index; not a legal/license audit,product_rulebook;prerequisites;edition;recommendation;retailer_identity_only,not_established,US; regional availability not guaranteed,,,,,2026-09-20T14:35:11+00:00,fetch_failed,identity_not_established,https://boardgamegeekstore.com/collections/bgg-store-promos,,src-01c27471df6176f4,not_established,base_game_requirement | edition_compatibility_notes,,
rec_239edbf9b3086a,prd_26d12885b050eb,game_five-tribes,Five Tribes,five-tribes,The Artisans of Naqala,Days of Wonder,expansion,,primary_catalog_identity,hold_for_product_detail_verification,unknown,unknown,,,not_verified,false,,,,,A sixth tribe with artisan actions.,product_or_cycle_description,,not_established,,,,,,,,,not_assessed,,,,,,,,,,not_recorded,,,not_verified,,,unknown,not_checked,https://www.daysofwonder.com/universe/five-tribes/,,publisher,catalog,product_name;base_game_association,catalog_verified_details_pending,2026-09-20,web_retrieval_or_search_index; not a legal/license audit,prerequisites;edition;recommendation,not_established,US; regional availability not guaranteed,,,,,2026-09-20T14:35:11+00:00,fetch_failed,identity_not_established,https://www.daysofwonder.com/universe/five-tribes/,,src-84104886275965cb,not_established,base_game_requirement | edition_compatibility_notes,,
rec_4bd8d4d5bc5f37,prd_edf503baf95696,game_five-tribes,Five Tribes,five-tribes,The Thieves of Naqala,Days of Wonder,expansion,,primary_catalog_identity,hold_for_product_detail_verification,unknown,unknown,,,not_verified,false,,,,,Thief characters and additional interaction.,product_or_cycle_description,,not_established,,,,,,,,,not_assessed,,,,,,,,,,not_recorded,,,not_verified,,,unknown,not_checked,https://www.daysofwonder.com/universe/five-tribes/,,publisher,catalog,product_name;base_game_association,catalog_verified_details_pending,2026-09-20,web_retrieval_or_search_index; not a legal/license audit,prerequisites;edition;recommendation,not_established,US; regional availability not guaranteed,,,,,2026-09-20T14:35:11+00:00,fetch_failed,identity_not_established,https://www.daysofwonder.com/universe/five-tribes/,,src-84104886275965cb,not_established,base_game_requirement | edition_compatibility_notes,,
rec_d0c190f20c6cbf,prd_debde83c130482,game_five-tribes,Five Tribes,five-tribes,Whims of the Sultan,Days of Wonder,expansion,,primary_catalog_identity,hold_for_product_detail_verification,unknown,unknown,,,not_verified,false,,,,,,not_recorded,,not_established,,,,,,,,,not_assessed,,,,,,,,,,not_recorded,,,not_verified,,,unknown,not_checked,https://www.daysofwonder.com/universe/five-tribes/,,publisher,catalog,product_name;base_game_association,catalog_verified_details_pending,2026-09-20,web_retrieval_or_search_index; not a legal/license audit,prerequisites;edition;recommendation,not_established,US; regional availability not guaranteed,,,,,2026-09-20T14:35:11+00:00,fetch_failed,identity_not_established,https://www.daysofwonder.com/universe/five-tribes/,,src-84104886275965cb,not_established,what_it_adds | base_game_requirement | edition_compatibility_notes,,
rec_098393e0f948cd,prd_57fcca96db727d,game_flash-point-fire-rescue,Flash Point: Fire Rescue,flash-point-fire-rescue,2nd Story,Indie Boards and Cards,expansion,,primary_catalog_identity,hold_for_product_detail_verification,unknown,unknown,,,not_verified,false,,,,,,not_recorded,,not_established,,,,,,,,,not_assessed,,,,,,,,,,not_recorded,,,not_verified,,,unknown,not_checked,https://indieboardsandcards.com/type/expansions/,,publisher,catalog,product_name;base_game_association,catalog_verified_details_pending,2026-09-20,web_retrieval_or_search_index; not a legal/license audit,exact_compatible_core_set;edition;prerequisites;recommendation,not_established,US; regional availability not guaranteed,,,,,2026-09-20T14:35:11+00:00,fetch_failed,identity_not_established,https://indieboardsandcards.com/type/expansions/,,src-ad059ab786e6a887,not_established,what_it_adds | base_game_requirement | edition_compatibility_notes,,
rec_9d1f1c3660308a,prd_57a7c954b743c6,game_flash-point-fire-rescue,Flash Point: Fire Rescue,flash-point-fire-rescue,Dangerous Waters,Indie Boards and Cards,expansion,,primary_catalog_identity,hold_for_product_detail_verification,unknown,unknown,,,not_verified,false,,,,,,not_recorded,,not_established,,,,,,,,,not_assessed,,,,,,,,,,not_recorded,,,not_verified,,,unknown,not_checked,https://indieboardsandcards.com/type/expansions/,,publisher,catalog,product_name;base_game_association,catalog_verified_details_pending,2026-09-20,web_retrieval_or_search_index; not a legal/license audit,exact_compatible_core_set;edition;prerequisites;recommendation,not_established,US; regional availability not guaranteed,,,,,2026-09-20T14:35:11+00:00,fetch_failed,identity_not_established,https://indieboardsandcards.com/type/expansions/,,src-ad059ab786e6a887,not_established,what_it_adds | base_game_requirement | edition_compatibility_notes,,
rec_2e9bdd98962a6d,prd_a6eff4519e934c,game_flash-point-fire-rescue,Flash Point: Fire Rescue,flash-point-fire-rescue,Extreme Danger,Indie Boards and Cards,expansion,,primary_catalog_identity,hold_for_product_detail_verification,unknown,unknown,,,not_verified,false,,,,,,not_recorded,,not_established,,,,,,,,,not_assessed,,,,,,,,,,not_recorded,,,not_verified,,,unknown,not_checked,https://indieboardsandcards.com/type/expansions/,,publisher,catalog,product_name;base_game_association,catalog_verified_details_pending,2026-09-20,web_retrieval_or_search_index; not a legal/license audit,exact_compatible_core_set;edition;prerequisites;recommendation,not_established,US; regional availability not guaranteed,,,,,2026-09-20T14:35:11+00:00,fetch_failed,identity_not_established,https://indieboardsandcards.com/type/expansions/,,src-ad059ab786e6a887,not_established,what_it_adds | base_game_requirement | edition_compatibility_notes,,
rec_b63c8623c01f53,prd_ea601cad0b2ef1,game_flash-point-fire-rescue,Flash Point: Fire Rescue,flash-point-fire-rescue,Honor & Duty,Indie Boards and Cards,expansion,,primary_catalog_identity,hold_for_product_detail_verification,unknown,unknown,,,not_verified,false,,,,,,not_recorded,,not_established,,,,,,,,,not_assessed,,,,,,,,,,not_recorded,,,not_verified,,,unknown,not_checked,https://indieboardsandcards.com/type/expansions/,,publisher,catalog,product_name;base_game_association,catalog_verified_details_pending,2026-09-20,web_retrieval_or_search_index; not a legal/license audit,exact_compatible_core_set;edition;prerequisites;recommendation,not_established,US; regional availability not guaranteed,,,,,2026-09-20T14:35:11+00:00,fetch_failed,identity_not_established,https://indieboardsandcards.com/type/expansions/,,src-ad059ab786e6a887,not_established,what_it_adds | base_game_requirement | edition_compatibility_notes,,
rec_6b44955464cf0c,prd_349e9c17e48cc7,game_flash-point-fire-rescue,Flash Point: Fire Rescue,flash-point-fire-rescue,Tragic Events,Indie Boards and Cards,expansion,,primary_catalog_identity,hold_for_product_detail_verification,unknown,unknown,,,not_verified,false,,,,,,not_recorded,,not_established,,,,,,,,,not_assessed,,,,,,,,,,not_recorded,,,not_verified,,,unknown,not_checked,https://indieboardsandcards.com/type/expansions/,,publisher,catalog,product_name;base_game_association,catalog_verified_details_pending,2026-09-20,web_retrieval_or_search_index; not a legal/license audit,exact_compatible_core_set;edition;prerequisites;recommendation,not_established,US; regional availability not guaranteed,,,,,2026-09-20T14:35:11+00:00,fetch_failed,identity_not_established,https://indieboardsandcards.com/type/expansions/,,src-ad059ab786e6a887,not_established,what_it_adds | base_game_requirement | edition_compatibility_notes,,
rec_925a88383fe528,prd_9bb1fcc4cf7739,game_flash-point-fire-rescue,Flash Point: Fire Rescue,flash-point-fire-rescue,Urban Structures,Indie Boards and Cards,expansion,,primary_catalog_identity,hold_for_product_detail_verification,unknown,unknown,,,not_verified,false,,,,,,not_recorded,,not_established,,,,,,,,,not_assessed,,,,,,,,,,not_recorded,,,not_verified,,,unknown,not_checked,https://indieboardsandcards.com/type/expansions/,,publisher,catalog,product_name;base_game_association,catalog_verified_details_pending,2026-09-20,web_retrieval_or_search_index; not a legal/license audit,exact_compatible_core_set;edition;prerequisites;recommendation,not_established,US; regional availability not guaranteed,,,,,2026-09-20T14:35:11+00:00,fetch_failed,identity_not_established,https://indieboardsandcards.com/type/expansions/,,src-ad059ab786e6a887,not_established,what_it_adds | base_game_requirement | edition_compatibility_notes,,
rec_d164d4b8c7f2f6,prd_7a7a8baa949ec8,game_goblin-vaults,Goblin Vaults,goblin-vaults,Gundur Pack,Thunderworks Games,gameplay_addition_format_pending,,secondary_catalog_identity,hold_for_product_detail_verification,unknown,unknown,,,not_verified,false,,,,,Promotional gameplay content; exact effects and required editions not independently checked.,format_level_only,,not_established,,,,,,,,,not_assessed,,,,,,,,,,not_recorded,,,not_verified,,,unknown,not_checked,,https://boardgamegeekstore.com/collections/bgg-store-promos,specialist_retailer,retailer_catalog,product_name;base_game_association,secondary_catalog_details_pending,2026-09-20,web_retrieval_or_search_index; not a legal/license audit,product_rulebook;prerequisites;edition;recommendation;retailer_identity_only,not_established,US; regional availability not guaranteed,,,,,2026-09-20T14:35:11+00:00,fetch_failed,identity_not_established,https://boardgamegeekstore.com/collections/bgg-store-promos,,src-01c27471df6176f4,not_established,base_game_requirement | edition_compatibility_notes,,
rec_3a773633e419b7,prd_6d47e97b41526a,game_hadara,Hadara,hadara,New Nations,,gameplay_addition_format_pending,,secondary_catalog_identity,hold_for_product_detail_verification,unknown,unknown,,,not_verified,false,,,,,Promotional gameplay content; exact effects and required editions not independently checked.,format_level_only,,not_established,,,,,,,,,not_assessed,,,,,,,,,,not_recorded,,,not_verified,,,unknown,not_checked,,https://boardgamegeekstore.com/collections/bgg-store-promos,specialist_retailer,retailer_catalog,product_name;base_game_association,secondary_catalog_details_pending,2026-09-20,web_retrieval_or_search_index; not a legal/license audit,product_rulebook;prerequisites;edition;recommendation;retailer_identity_only,not_established,US; regional availability not guaranteed,,,,,2026-09-20T14:35:11+00:00,fetch_failed,identity_not_established,https://boardgamegeekstore.com/collections/bgg-store-promos,,src-01c27471df6176f4,not_established,base_game_requirement | edition_compatibility_notes,,
rec_e4c7a4e12a4ece,prd_ec7c95c8a75e2b,game_heat-pedal-to-the-metal,Heat: Pedal to the Metal,heat-pedal-to-the-metal,Heavy Rain,Days of Wonder,expansion,,primary_catalog_identity,hold_for_product_detail_verification,unknown,unknown,,,not_verified,false,,,,,,not_recorded,,not_established,,,,,,,,,not_assessed,,,,,,,,,,not_recorded,,,not_verified,,,unknown,not_checked,https://www.daysofwonder.com/universe/heat/,,publisher,catalog,product_name;base_game_association,catalog_verified_details_pending,2026-09-20,web_retrieval_or_search_index; not a legal/license audit,prerequisites;edition;recommendation,not_established,US; regional availability not guaranteed,,,,,2026-09-20T14:35:11+00:00,fetch_failed,identity_not_established,https://www.daysofwonder.com/universe/heat/,,src-39a45f20e5218de9,not_established,what_it_adds | base_game_requirement | edition_compatibility_notes,,
rec_03be1454de7096,prd_d9b8fe54420f82,game_heat-pedal-to-the-metal,Heat: Pedal to the Metal,heat-pedal-to-the-metal,Legends,Days of Wonder,expansion,,primary_catalog_identity,hold_for_product_detail_verification,unknown,unknown,,,not_verified,false,,,,,,not_recorded,,not_established,,,,,,,,,not_assessed,,,,,,,,,,not_recorded,,,not_verified,,,unknown,not_checked,https://www.daysofwonder.com/universe/heat/,,publisher,catalog,product_name;base_game_association,catalog_verified_details_pending,2026-09-20,web_retrieval_or_search_index; not a legal/license audit,prerequisites;edition;recommendation,not_established,US; regional availability not guaranteed,,,,,2026-09-20T14:35:11+00:00,fetch_failed,identity_not_established,https://www.daysofwonder.com/universe/heat/,,src-39a45f20e5218de9,not_established,what_it_adds | base_game_requirement | edition_compatibility_notes,,
rec_7ee2674699afe5,prd_228778f43ac01c,game_heat-pedal-to-the-metal,Heat: Pedal to the Metal,heat-pedal-to-the-metal,Rocky Roads,Days of Wonder,expansion,,primary_catalog_identity,hold_for_product_detail_verification,unknown,unknown,,,not_verified,false,,,,,,not_recorded,,not_established,,,,,,,,,not_assessed,,,,,,,,,,not_recorded,,,not_verified,,,unknown,not_checked,https://www.daysofwonder.com/universe/heat/,,publisher,catalog,product_name;base_game_association,catalog_verified_details_pending,2026-09-20,web_retrieval_or_search_index; not a legal/license audit,prerequisites;edition;recommendation,not_established,US; regional availability not guaranteed,,,,,2026-09-20T14:35:11+00:00,fetch_failed,identity_not_established,https://www.daysofwonder.com/universe/heat/,,src-39a45f20e5218de9,not_established,what_it_adds | base_game_requirement | edition_compatibility_notes,,
rec_cf8d6becf079bd,prd_543361bc2089d9,game_heat-pedal-to-the-metal,Heat: Pedal to the Metal,heat-pedal-to-the-metal,Tunnel Vision,Days of Wonder,expansion,,primary_catalog_identity,hold_for_product_detail_verification,unknown,unknown,,,not_verified,false,,,,,,not_recorded,,not_established,,,,,,,,,not_assessed,,,,,,,,,,not_recorded,,,not_verified,,,unknown,not_checked,https://www.daysofwonder.com/universe/heat/,,publisher,catalog,product_name;base_game_association,catalog_verified_details_pending,2026-09-20,web_retrieval_or_search_index; not a legal/license audit,prerequisites;edition;recommendation,not_established,US; regional availability not guaranteed,,,,,2026-09-20T14:35:11+00:00,fetch_failed,identity_not_established,https://www.daysofwonder.com/universe/heat/,,src-39a45f20e5218de9,not_established,what_it_adds | base_game_requirement | edition_compatibility_notes,,
rec_d01372da32627b,prd_3777dd495531bd,game_icecool,ICECOOL,icecool,Blocked Door Promo,,official_promo,,secondary_catalog_identity,hold_for_product_detail_verification,unknown,unknown,,,not_verified,false,,,,,Promotional gameplay content; exact effects and required editions not independently checked.,format_level_only,,not_established,,,,,,,,,not_assessed,,,,,,,,,,not_recorded,,,not_verified,,,unknown,not_checked,,https://boardgamegeekstore.com/collections/bgg-store-promos?page=3,specialist_retailer,retailer_catalog,product_name;base_game_association,secondary_catalog_details_pending,2026-09-20,web_retrieval_or_search_index; not a legal/license audit,product_rulebook;prerequisites;edition;recommendation;retailer_identity_only,not_established,US; regional availability not guaranteed,,,,,2026-09-20T14:35:11+00:00,fetch_failed,identity_not_established,https://boardgamegeekstore.com/collections/bgg-store-promos?page=3,,src-1d4913c5e78cfab9,not_established,base_game_requirement | edition_compatibility_notes,,
rec_b6bc521fd05422,prd_07429c899ce3aa,game_inventors-of-the-south-tigris,Inventors of the South Tigris,inventors-of-the-south-tigris,Era of Experts,Garphill Games,expansion,,primary_catalog_identity,hold_for_product_detail_verification,unknown,unknown,,,not_verified,false,,,,,,not_recorded,,not_established,,,,,,,,,not_assessed,,,,35.0,displayed_catalog_price_not_live_quote,20_to_39_99,https://www.garphill.com/collections/medieval-trilogies,2026-09-20,,not_recorded,,,not_verified,,,unknown,not_checked,https://www.garphill.com/collections/medieval-trilogies,,publisher,catalog,product_name;base_game_association,catalog_verified_details_pending,2026-09-20,web_retrieval_or_search_index; not a legal/license audit,prerequisites;edition;recommendation,not_established,US; regional availability not guaranteed,,,,,2026-09-20T14:35:11+00:00,fetch_failed,identity_not_established,https://www.garphill.com/collections/medieval-trilogies,,src-139d4459dee16d02,not_established,what_it_adds | base_game_requirement | edition_compatibility_notes,,
rec_c7f34b63734b87,prd_91440c899465b3,game_inventors-of-the-south-tigris,Inventors of the South Tigris,inventors-of-the-south-tigris,North Sea Devices,Garphill Games,official_promo,,primary_catalog_identity,hold_for_product_detail_verification,unknown,unknown,,,not_verified,false,,,,,,not_recorded,,not_established,,,,,,,,,not_assessed,,,,,,,,,,not_recorded,,,not_verified,,,unknown,not_checked,https://www.garphill.com/collections/medieval-trilogies,,publisher,catalog,product_name;base_game_association,catalog_verified_details_pending,2026-09-20,web_retrieval_or_search_index; not a legal/license audit,prerequisites;edition;recommendation,not_established,US; regional availability not guaranteed,,,,,2026-09-20T14:35:11+00:00,fetch_failed,identity_not_established,https://www.garphill.com/collections/medieval-trilogies,,src-139d4459dee16d02,not_established,what_it_adds | base_game_requirement | edition_compatibility_notes,,
rec_5f00053406a2df,prd_2b805bf98f9deb,game_inventors-of-the-south-tigris,Inventors of the South Tigris,inventors-of-the-south-tigris,Townsfolk Promo Cards,Garphill Games,official_promo,,primary_catalog_identity,hold_for_product_detail_verification,unknown,unknown,,,not_verified,false,,,,,,not_recorded,,not_established,,,,,,,,,not_assessed,,,,,,,,,,not_recorded,,,not_verified,,,unknown,not_checked,https://www.garphill.com/collections/medieval-trilogies,,publisher,catalog,product_name;base_game_association,catalog_verified_details_pending,2026-09-20,web_retrieval_or_search_index; not a legal/license audit,prerequisites;edition;recommendation,not_established,US; regional availability not guaranteed,,,,,2026-09-20T14:35:11+00:00,fetch_failed,identity_not_established,https://www.garphill.com/collections/medieval-trilogies,,src-139d4459dee16d02,not_established,what_it_adds | base_game_requirement | edition_compatibility_notes,,
rec_e565457ef98a45,prd_47fbb519f56419,game_invincible-the-card-game,Invincible: The Card Game,invincible-the-card-game,New Recruits,Indie Boards and Cards,expansion,,primary_catalog_identity,hold_for_product_detail_verification,unknown,unknown,,,not_verified,false,,,,,,not_recorded,,not_established,,,,,,,,,not_assessed,,,,,,,,,,not_recorded,,,not_verified,,,unknown,not_checked,https://indieboardsandcards.com/type/expansions/,,publisher,catalog,product_name;base_game_association,catalog_verified_details_pending,2026-09-20,web_retrieval_or_search_index; not a legal/license audit,exact_compatible_core_set;edition;prerequisites;recommendation,not_established,US; regional availability not guaranteed,,,,,2026-09-20T14:35:11+00:00,fetch_failed,identity_not_established,https://indieboardsandcards.com/type/expansions/,,src-ad059ab786e6a887,not_established,what_it_adds | base_game_requirement | edition_compatibility_notes,,
rec_2ff12e4a310662,prd_cdd765fa0c0dbf,game_invincible-the-card-game,Invincible: The Card Game,invincible-the-card-game,The Old Guard,Indie Boards and Cards,expansion,,primary_catalog_identity,hold_for_product_detail_verification,unknown,unknown,,,not_verified,false,,,,,,not_recorded,,not_established,,,,,,,,,not_assessed,,,,,,,,,,not_recorded,,,not_verified,,,unknown,not_checked,https://indieboardsandcards.com/type/expansions/,,publisher,catalog,product_name;base_game_association,catalog_verified_details_pending,2026-09-20,web_retrieval_or_search_index; not a legal/license audit,exact_compatible_core_set;edition;prerequisites;recommendation,not_established,US; regional availability not guaranteed,,,,,2026-09-20T14:35:11+00:00,fetch_failed,identity_not_established,https://indieboardsandcards.com/type/expansions/,,src-ad059ab786e6a887,not_established,what_it_adds | base_game_requirement | edition_compatibility_notes,,
rec_4085b0f080ed1e,prd_53f29518053fed,game_jetpack-joyride,Jetpack Joyride,jetpack-joyride,Promo Cards,Lucky Duck Games,official_promo,,secondary_catalog_identity,hold_for_product_detail_verification,unknown,unknown,,,not_verified,false,,,,,Promotional gameplay content; exact effects and required editions not independently checked.,format_level_only,,not_established,,,,,,,,,not_assessed,,,,,,,,,,not_recorded,,,not_verified,,,unknown,not_checked,,https://boardgamegeekstore.com/collections/bgg-store-promos,specialist_retailer,retailer_catalog,product_name;base_game_association,secondary_catalog_details_pending,2026-09-20,web_retrieval_or_search_index; not a legal/license audit,product_rulebook;prerequisites;edition;recommendation;retailer_identity_only,not_established,US; regional availability not guaranteed,,,,,2026-09-20T14:35:11+00:00,fetch_failed,identity_not_established,https://boardgamegeekstore.com/collections/bgg-store-promos,,src-01c27471df6176f4,not_established,base_game_requirement | edition_compatibility_notes,,
rec_cbf6477a163072,prd_d7b823e9bd6bf9,game_just-one,Just One,just-one,BGG Promo Pack 2,Repos Production,official_promo,,secondary_catalog_identity,hold_for_product_detail_verification,unknown,unknown,,,not_verified,false,,,,,Promotional gameplay content; exact effects and required editions not independently checked.,format_level_only,,not_established,,,,,,,,,not_assessed,,,,,,,,,,not_recorded,,,not_verified,,,unknown,not_checked,,https://boardgamegeekstore.com/collections/bgg-store-promos,specialist_retailer,retailer_catalog,product_name;base_game_association,secondary_catalog_details_pending,2026-09-20,web_retrieval_or_search_index; not a legal/license audit,product_rulebook;prerequisites;edition;recommendation;retailer_identity_only,not_established,US; regional availability not guaranteed,,,,,2026-09-20T14:35:11+00:00,fetch_failed,identity_not_established,https://boardgamegeekstore.com/collections/bgg-store-promos,,src-01c27471df6176f4,not_established,base_game_requirement | edition_compatibility_notes,,
rec_864dd6bc5c8efd,prd_afab4b870ff8d1,game_king-of-tokyo,King of Tokyo,king-of-tokyo,Frantic Mutations Promo,IELLO,official_promo,,secondary_catalog_identity,hold_for_product_detail_verification,unknown,unknown,,,not_verified,false,,,,,Promotional gameplay content; exact effects and required editions not independently checked.,format_level_only,,not_established,,,,,,,,,not_assessed,,,,,,,,,,not_recorded,,,not_verified,,,unknown,not_checked,,https://boardgamegeekstore.com/collections/bgg-store-promos?page=4,specialist_retailer,retailer_catalog,product_name;base_game_association,secondary_catalog_details_pending,2026-09-20,web_retrieval_or_search_index; not a legal/license audit,product_rulebook;prerequisites;edition;recommendation;retailer_identity_only,not_established,US; regional availability not guaranteed,,,,,2026-09-20T14:35:11+00:00,fetch_failed,identity_not_established,https://boardgamegeekstore.com/collections/bgg-store-promos?page=4,,src-35a9b637149f4324,not_established,base_game_requirement | edition_compatibility_notes,,
rec_d2ae8393177aa7,prd_44f234c4962de7,game_king-of-tokyo,King of Tokyo,king-of-tokyo,Lollybot Monster Pack,IELLO,gameplay_addition_format_pending,,secondary_catalog_identity,hold_for_product_detail_verification,unknown,unknown,,,not_verified,false,,,,,Promotional gameplay content; exact effects and required editions not independently checked.,format_level_only,,not_established,,,,,,,,,not_assessed,,,,,,,,,,not_recorded,,,not_verified,,,unknown,not_checked,,https://boardgamegeekstore.com/collections/bgg-store-promos?page=4,specialist_retailer,retailer_catalog,product_name;base_game_association,secondary_catalog_details_pending,2026-09-20,web_retrieval_or_search_index; not a legal/license audit,product_rulebook;prerequisites;edition;recommendation;retailer_identity_only,not_established,US; regional availability not guaranteed,,,,,2026-09-20T14:35:11+00:00,fetch_failed,identity_not_established,https://boardgamegeekstore.com/collections/bgg-store-promos?page=4,,src-35a9b637149f4324,not_established,base_game_requirement | edition_compatibility_notes,,
rec_2cf375449b678e,prd_917a6b162256c3,game_king-of-tokyo-duel,King of Tokyo Duel,king-of-tokyo-duel,Promo Pack,IELLO,official_promo,,secondary_catalog_identity,hold_for_product_detail_verification,unknown,unknown,,,not_verified,false,,,,,Promotional gameplay content; exact effects and required editions not independently checked.,format_level_only,,not_established,,,,,,,,,not_assessed,,,,,,,,,,not_recorded,,,not_verified,,,unknown,not_checked,,https://boardgamegeekstore.com/collections/bgg-store-promos?page=2,specialist_retailer,retailer_catalog,product_name;base_game_association,secondary_catalog_details_pending,2026-09-20,web_retrieval_or_search_index; not a legal/license audit,product_rulebook;prerequisites;edition;recommendation;retailer_identity_only,not_established,US; regional availability not guaranteed,,,,,2026-09-20T14:35:11+00:00,fetch_failed,identity_not_established,https://boardgamegeekstore.com/collections/bgg-store-promos?page=2,,src-42cc4ca501b42b1f,not_established,base_game_requirement | edition_compatibility_notes,,
rec_3ec27233d3d8e4,prd_b819a6f17e61c6,game_legendary-a-james-bond-deck-building-game,Legendary: A James Bond Deck Building Game,legendary-a-james-bond-deck-building-game,No Time to Die,Upper Deck,fixed_content_card_expansion,,primary_catalog_identity,hold_for_product_detail_verification,unknown,unknown,,,not_verified,false,,James Bond Legendary line; not treated as a Marvel Legendary expansion.,,,,not_recorded,,not_established,,,,,,,,,not_assessed,,,,29.99,displayed_catalog_price_not_live_quote,20_to_39_99,https://upperdeckstore.com/legendary,2026-09-20,,not_recorded,,,not_verified,,,unknown,not_checked,https://upperdeckstore.com/legendary,,publisher,catalog,product_name;base_game_association,catalog_verified_details_pending,2026-09-20,web_retrieval_or_search_index; not a legal/license audit,prerequisites;edition;recommendation,not_established,US; regional availability not guaranteed,,,,,2026-09-20T14:35:11+00:00,fetch_failed,identity_not_established,https://upperdeckstore.com/legendary,,src-c78f926e4ab86054,not_established,what_it_adds | base_game_requirement,,
rec_5c672ba263c54a,prd_160d84841c414e,game_legendary-a-james-bond-deck-building-game,Legendary: A James Bond Deck Building Game,legendary-a-james-bond-deck-building-game,The Spy Who Loved Me,Upper Deck,fixed_content_card_expansion,,primary_catalog_identity,hold_for_product_detail_verification,unknown,unknown,,,not_verified,false,,James Bond Legendary line; not treated as a Marvel Legendary expansion.,,,,not_recorded,,not_established,,,,,,,,,not_assessed,,,,24.99,displayed_catalog_price_not_live_quote,20_to_39_99,https://upperdeckstore.com/legendary,2026-09-20,,not_recorded,,,not_verified,,,unknown,not_checked,https://upperdeckstore.com/legendary,,publisher,catalog,product_name;base_game_association,catalog_verified_details_pending,2026-09-20,web_retrieval_or_search_index; not a legal/license audit,prerequisites;edition;recommendation,not_established,US; regional availability not guaranteed,,,,,2026-09-20T14:35:11+00:00,fetch_failed,identity_not_established,https://upperdeckstore.com/legendary,,src-c78f926e4ab86054,not_established,what_it_adds | base_game_requirement,,
rec_9fb20929d9061c,prd_5f134ecc6d0fb2,game_legendary-a-james-bond-deck-building-game,Legendary: A James Bond Deck Building Game,legendary-a-james-bond-deck-building-game,Thunderball,Upper Deck,fixed_content_card_expansion,,primary_catalog_identity,hold_for_product_detail_verification,unknown,unknown,,,not_verified,false,,James Bond Legendary line; not treated as a Marvel Legendary expansion.,,,,not_recorded,,not_established,,,,,,,,,not_assessed,,,,29.99,displayed_catalog_price_not_live_quote,20_to_39_99,https://upperdeckstore.com/legendary,2026-09-20,,not_recorded,,,not_verified,,,unknown,not_checked,https://upperdeckstore.com/legendary,,publisher,catalog,product_name;base_game_association,catalog_verified_details_pending,2026-09-20,web_retrieval_or_search_index; not a legal/license audit,prerequisites;edition;recommendation,not_established,US; regional availability not guaranteed,,,,,2026-09-20T14:35:11+00:00,fetch_failed,identity_not_established,https://upperdeckstore.com/legendary,,src-c78f926e4ab86054,not_established,what_it_adds | base_game_requirement,,
rec_2710a9e533f757,prd_2eeb1df88f1a4c,game_legendary-a-marvel-deck-building-game,Legendary: A Marvel Deck Building Game,legendary-a-marvel-deck-building-game,Annihilation,Upper Deck,fixed_content_card_expansion,,primary_catalog_identity,hold_for_product_detail_verification,unknown,unknown,,,not_verified,false,,Upper Deck confirms the second-edition Marvel core works with previous Marvel expansions. Do not equate Marvel with Legendary Encounters or James Bond product lines. Special requirements of individual boxes remain to be checked.,,,,not_recorded,,not_established,,,,,,,,,not_assessed,,,,24.99,displayed_catalog_price_not_live_quote,20_to_39_99,https://upperdeckstore.com/legendary,2026-09-20,,not_recorded,,,not_verified,,,unknown,not_checked,https://upperdeckstore.com/legendary,https://upperdeck.com/is-legendary-a-marvel-deckbuilding-game-second-edition-backwards-compatible-with-all-expansions/,publisher,catalog,product_name;base_game_association,catalog_verified_details_pending,2026-09-20,web_retrieval_or_search_index; not a legal/license audit,prerequisites;edition;recommendation,not_established,US; regional availability not guaranteed,,,,,2026-09-20T14:35:11+00:00,fetch_failed,identity_not_established,https://upperdeckstore.com/legendary,,src-c78f926e4ab86054,not_established,what_it_adds | base_game_requirement,,
rec_1bb738b2c4ca19,prd_0be6ffe51c929f,game_legendary-a-marvel-deck-building-game,Legendary: A Marvel Deck Building Game,legendary-a-marvel-deck-building-game,Ant-Man,Upper Deck,fixed_content_card_expansion,,primary_catalog_identity,hold_for_product_detail_verification,unknown,unknown,,,not_verified,false,,Upper Deck confirms the second-edition Marvel core works with previous Marvel expansions. Do not equate Marvel with Legendary Encounters or James Bond product lines. Special requirements of individual boxes remain to be checked.,,,,not_recorded,,not_established,,,,,,,,,not_assessed,,,,24.99,displayed_catalog_price_not_live_quote,20_to_39_99,https://upperdeckstore.com/legendary,2026-09-20,,not_recorded,,,not_verified,,,unknown,not_checked,https://upperdeckstore.com/legendary,https://upperdeck.com/is-legendary-a-marvel-deckbuilding-game-second-edition-backwards-compatible-with-all-expansions/,publisher,catalog,product_name;base_game_association,catalog_verified_details_pending,2026-09-20,web_retrieval_or_search_index; not a legal/license audit,prerequisites;edition;recommendation,not_established,US; regional availability not guaranteed,,,,,2026-09-20T14:35:11+00:00,fetch_failed,identity_not_established,https://upperdeckstore.com/legendary,,src-c78f926e4ab86054,not_established,what_it_adds | base_game_requirement,,
rec_decf8d54e406ab,prd_e4bbf7050837b4,game_legendary-a-marvel-deck-building-game,Legendary: A Marvel Deck Building Game,legendary-a-marvel-deck-building-game,Black Panther,Upper Deck,fixed_content_card_expansion,,primary_catalog_identity,hold_for_product_detail_verification,unknown,unknown,,,not_verified,false,,Upper Deck confirms the second-edition Marvel core works with previous Marvel expansions. Do not equate Marvel with Legendary Encounters or James Bond product lines. Special requirements of individual boxes remain to be checked.,,,,not_recorded,,not_established,,,,,,,,,not_assessed,,,,24.99,displayed_catalog_price_not_live_quote,20_to_39_99,https://upperdeckstore.com/legendary,2026-09-20,,not_recorded,,,not_verified,,,unknown,not_checked,https://upperdeckstore.com/legendary,https://upperdeck.com/is-legendary-a-marvel-deckbuilding-game-second-edition-backwards-compatible-with-all-expansions/,publisher,catalog,product_name;base_game_association,catalog_verified_details_pending,2026-09-20,web_retrieval_or_search_index; not a legal/license audit,prerequisites;edition;recommendation,not_established,US; regional availability not guaranteed,,,,,2026-09-20T14:35:11+00:00,fetch_failed,identity_not_established,https://upperdeckstore.com/legendary,,src-c78f926e4ab86054,not_established,what_it_adds | base_game_requirement,,
rec_242bfdca0c4fa9,prd_ee319e926cc00a,game_legendary-a-marvel-deck-building-game,Legendary: A Marvel Deck Building Game,legendary-a-marvel-deck-building-game,Black Widow,Upper Deck,fixed_content_card_expansion,,primary_catalog_identity,hold_for_product_detail_verification,unknown,unknown,,,not_verified,false,,Upper Deck confirms the second-edition Marvel core works with previous Marvel expansions. Do not equate Marvel with Legendary Encounters or James Bond product lines. Special requirements of individual boxes remain to be checked.,,,,not_recorded,,not_established,,,,,,,,,not_assessed,,,,24.99,displayed_catalog_price_not_live_quote,20_to_39_99,https://upperdeckstore.com/legendary,2026-09-20,,not_recorded,,,not_verified,,,unknown,not_checked,https://upperdeckstore.com/legendary,https://upperdeck.com/is-legendary-a-marvel-deckbuilding-game-second-edition-backwards-compatible-with-all-expansions/,publisher,catalog,product_name;base_game_association,catalog_verified_details_pending,2026-09-20,web_retrieval_or_search_index; not a legal/license audit,prerequisites;edition;recommendation,not_established,US; regional availability not guaranteed,,,,,2026-09-20T14:35:11+00:00,fetch_failed,identity_not_established,https://upperdeckstore.com/legendary,,src-c78f926e4ab86054,not_established,what_it_adds | base_game_requirement,,
rec_a6411ee54b9c80,prd_18406e4c57ba07,game_legendary-a-marvel-deck-building-game,Legendary: A Marvel Deck Building Game,legendary-a-marvel-deck-building-game,Captain America 75th Anniversary,Upper Deck,fixed_content_card_expansion,,secondary_catalog_identity,hold_for_product_detail_verification,unknown,unknown,,,not_verified,false,,Upper Deck confirms the second-edition Marvel core works with previous Marvel expansions. Do not equate Marvel with Legendary Encounters or James Bond product lines. Special requirements of individual boxes remain to be checked.,,,,not_recorded,,not_established,,,,,,,,,not_assessed,,,,,,,,,,not_recorded,,,not_verified,,,unknown,not_checked,,https://www.legendarycardgame.com/expansions;https://upperdeck.com/is-legendary-a-marvel-deckbuilding-game-second-edition-backwards-compatible-with-all-expansions/,community_catalog,catalog,product_name;base_game_association,secondary_catalog_details_pending,2026-09-20,web_retrieval_or_search_index; not a legal/license audit,prerequisites;edition;recommendation,not_established,US; regional availability not guaranteed,,,,,2026-09-20T14:35:11+00:00,fetch_failed,identity_not_established,https://www.legendarycardgame.com/expansions;https://upperdeck.com/is-legendary-a-marvel-deckbuilding-game-second-edition-backwards-compatible-with-all-expansions/,,src-5ae3e732f633f6ad,not_established,what_it_adds | base_game_requirement,,
rec_4b304a33b7e6aa,prd_2163651c0e05a7,game_legendary-a-marvel-deck-building-game,Legendary: A Marvel Deck Building Game,legendary-a-marvel-deck-building-game,Champions,Upper Deck,fixed_content_card_expansion,,secondary_catalog_identity,hold_for_product_detail_verification,unknown,unknown,,,not_verified,false,,Upper Deck confirms the second-edition Marvel core works with previous Marvel expansions. Do not equate Marvel with Legendary Encounters or James Bond product lines. Special requirements of individual boxes remain to be checked.,,,,not_recorded,,not_established,,,,,,,,,not_assessed,,,,,,,,,,not_recorded,,,not_verified,,,unknown,not_checked,,https://www.legendarycardgame.com/expansions;https://upperdeck.com/is-legendary-a-marvel-deckbuilding-game-second-edition-backwards-compatible-with-all-expansions/,community_catalog,catalog,product_name;base_game_association,secondary_catalog_details_pending,2026-09-20,web_retrieval_or_search_index; not a legal/license audit,prerequisites;edition;recommendation,not_established,US; regional availability not guaranteed,,,,,2026-09-20T14:35:11+00:00,fetch_failed,identity_not_established,https://www.legendarycardgame.com/expansions;https://upperdeck.com/is-legendary-a-marvel-deckbuilding-game-second-edition-backwards-compatible-with-all-expansions/,,src-5ae3e732f633f6ad,not_established,what_it_adds | base_game_requirement,,
rec_2f3c0c40817810,prd_04c34af343ab95,game_legendary-a-marvel-deck-building-game,Legendary: A Marvel Deck Building Game,legendary-a-marvel-deck-building-game,Civil War,Upper Deck,fixed_content_card_expansion,,secondary_catalog_identity,hold_for_product_detail_verification,unknown,unknown,,,not_verified,false,,Upper Deck confirms the second-edition Marvel core works with previous Marvel expansions. Do not equate Marvel with Legendary Encounters or James Bond product lines. Special requirements of individual boxes remain to be checked.,,,,not_recorded,,not_established,,,,,,,,,not_assessed,,,,,,,,,,not_recorded,,,not_verified,,,unknown,not_checked,,https://www.legendarycardgame.com/expansions;https://upperdeck.com/is-legendary-a-marvel-deckbuilding-game-second-edition-backwards-compatible-with-all-expansions/,community_catalog,catalog,product_name;base_game_association,secondary_catalog_details_pending,2026-09-20,web_retrieval_or_search_index; not a legal/license audit,prerequisites;edition;recommendation,not_established,US; regional availability not guaranteed,,,,,2026-09-20T14:35:11+00:00,fetch_failed,identity_not_established,https://www.legendarycardgame.com/expansions;https://upperdeck.com/is-legendary-a-marvel-deckbuilding-game-second-edition-backwards-compatible-with-all-expansions/,,src-5ae3e732f633f6ad,not_established,what_it_adds | base_game_requirement,,
rec_3e8abbd5f67854,prd_bdcb55e41fed70,game_legendary-a-marvel-deck-building-game,Legendary: A Marvel Deck Building Game,legendary-a-marvel-deck-building-game,Dark City,Upper Deck,fixed_content_card_expansion,,secondary_catalog_identity,hold_for_product_detail_verification,unknown,unknown,,,not_verified,false,,Upper Deck confirms the second-edition Marvel core works with previous Marvel expansions. Do not equate Marvel with Legendary Encounters or James Bond product lines. Special requirements of individual boxes remain to be checked.,,,,not_recorded,,not_established,,,,,,,,,not_assessed,,,,,,,,,,not_recorded,,,not_verified,,,unknown,not_checked,,https://www.legendarycardgame.com/expansions;https://upperdeck.com/is-legendary-a-marvel-deckbuilding-game-second-edition-backwards-compatible-with-all-expansions/,community_catalog,catalog,product_name;base_game_association,secondary_catalog_details_pending,2026-09-20,web_retrieval_or_search_index; not a legal/license audit,prerequisites;edition;recommendation,not_established,US; regional availability not guaranteed,,,,,2026-09-20T14:35:11+00:00,fetch_failed,identity_not_established,https://www.legendarycardgame.com/expansions;https://upperdeck.com/is-legendary-a-marvel-deckbuilding-game-second-edition-backwards-compatible-with-all-expansions/,,src-5ae3e732f633f6ad,not_established,what_it_adds | base_game_requirement,,
rec_52c622b212bf83,prd_c6c77703aedeec,game_legendary-a-marvel-deck-building-game,Legendary: A Marvel Deck Building Game,legendary-a-marvel-deck-building-game,Deadpool,Upper Deck,fixed_content_card_expansion,,secondary_catalog_identity,hold_for_product_detail_verification,unknown,unknown,,,not_verified,false,,Upper Deck confirms the second-edition Marvel core works with previous Marvel expansions. Do not equate Marvel with Legendary Encounters or James Bond product lines. Special requirements of individual boxes remain to be checked.,,,,not_recorded,,not_established,,,,,,,,,not_assessed,,,,,,,,,,not_recorded,,,not_verified,,,unknown,not_checked,,https://www.legendarycardgame.com/expansions;https://upperdeck.com/is-legendary-a-marvel-deckbuilding-game-second-edition-backwards-compatible-with-all-expansions/,community_catalog,catalog,product_name;base_game_association,secondary_catalog_details_pending,2026-09-20,web_retrieval_or_search_index; not a legal/license audit,prerequisites;edition;recommendation,not_established,US; regional availability not guaranteed,,,,,2026-09-20T14:35:11+00:00,fetch_failed,identity_not_established,https://www.legendarycardgame.com/expansions;https://upperdeck.com/is-legendary-a-marvel-deckbuilding-game-second-edition-backwards-compatible-with-all-expansions/,,src-5ae3e732f633f6ad,not_established,what_it_adds | base_game_requirement,,
rec_62e697d46cb98f,prd_cd3a349484775c,game_legendary-a-marvel-deck-building-game,Legendary: A Marvel Deck Building Game,legendary-a-marvel-deck-building-game,Dimensions,Upper Deck,fixed_content_card_expansion,,primary_catalog_identity,hold_for_product_detail_verification,unknown,unknown,,,not_verified,false,,Upper Deck confirms the second-edition Marvel core works with previous Marvel expansions. Do not equate Marvel with Legendary Encounters or James Bond product lines. Special requirements of individual boxes remain to be checked.,,,,not_recorded,,not_established,,,,,,,,,not_assessed,,,,24.99,displayed_catalog_price_not_live_quote,20_to_39_99,https://upperdeckstore.com/legendary,2026-09-20,,not_recorded,,,not_verified,,,unknown,not_checked,https://upperdeckstore.com/legendary,https://upperdeck.com/is-legendary-a-marvel-deckbuilding-game-second-edition-backwards-compatible-with-all-expansions/,publisher,catalog,product_name;base_game_association,catalog_verified_details_pending,2026-09-20,web_retrieval_or_search_index; not a legal/license audit,prerequisites;edition;recommendation,not_established,US; regional availability not guaranteed,,,,,2026-09-20T14:35:11+00:00,fetch_failed,identity_not_established,https://upperdeckstore.com/legendary,,src-c78f926e4ab86054,not_established,what_it_adds | base_game_requirement,,
rec_d7eb2752a974a0,prd_783dafca5326e1,game_legendary-a-marvel-deck-building-game,Legendary: A Marvel Deck Building Game,legendary-a-marvel-deck-building-game,Doctor Strange and the Shadows of Nightmare,Upper Deck,fixed_content_card_expansion,,primary_catalog_identity,hold_for_product_detail_verification,unknown,unknown,,,not_verified,false,,Upper Deck confirms the second-edition Marvel core works with previous Marvel expansions. Do not equate Marvel with Legendary Encounters or James Bond product lines. Special requirements of individual boxes remain to be checked.,,,,not_recorded,,not_established,,,,,,,,,not_assessed,,,,24.99,displayed_catalog_price_not_live_quote,20_to_39_99,https://upperdeckstore.com/legendary,2026-09-20,,not_recorded,,,not_verified,,,unknown,not_checked,https://upperdeckstore.com/legendary,https://upperdeck.com/is-legendary-a-marvel-deckbuilding-game-second-edition-backwards-compatible-with-all-expansions/,publisher,catalog,product_name;base_game_association,catalog_verified_details_pending,2026-09-20,web_retrieval_or_search_index; not a legal/license audit,prerequisites;edition;recommendation,not_established,US; regional availability not guaranteed,,,,,2026-09-20T14:35:11+00:00,fetch_failed,identity_not_established,https://upperdeckstore.com/legendary,,src-c78f926e4ab86054,not_established,what_it_adds | base_game_requirement,,
rec_7142c68325cc42,prd_84ac94027a467b,game_legendary-a-marvel-deck-building-game,Legendary: A Marvel Deck Building Game,legendary-a-marvel-deck-building-game,Fantastic Four,Upper Deck,fixed_content_card_expansion,,secondary_catalog_identity,hold_for_product_detail_verification,unknown,unknown,,,not_verified,false,,Upper Deck confirms the second-edition Marvel core works with previous Marvel expansions. Do not equate Marvel with Legendary Encounters or James Bond product lines. Special requirements of individual boxes remain to be checked.,,,,not_recorded,,not_established,,,,,,,,,not_assessed,,,,,,,,,,not_recorded,,,not_verified,,,unknown,not_checked,,https://www.legendarycardgame.com/expansions;https://upperdeck.com/is-legendary-a-marvel-deckbuilding-game-second-edition-backwards-compatible-with-all-expansions/,community_catalog,catalog,product_name;base_game_association,secondary_catalog_details_pending,2026-09-20,web_retrieval_or_search_index; not a legal/license audit,prerequisites;edition;recommendation,not_established,US; regional availability not guaranteed,,,,,2026-09-20T14:35:11+00:00,fetch_failed,identity_not_established,https://www.legendarycardgame.com/expansions;https://upperdeck.com/is-legendary-a-marvel-deckbuilding-game-second-edition-backwards-compatible-with-all-expansions/,,src-5ae3e732f633f6ad,not_established,what_it_adds | base_game_requirement,,
rec_af3e00a2464219,prd_d16ff5e746637e,game_legendary-a-marvel-deck-building-game,Legendary: A Marvel Deck Building Game,legendary-a-marvel-deck-building-game,Fear Itself,Upper Deck,fixed_content_card_expansion,,secondary_catalog_identity,hold_for_product_detail_verification,unknown,unknown,,,not_verified,false,,Upper Deck confirms the second-edition Marvel core works with previous Marvel expansions. Do not equate Marvel with Legendary Encounters or James Bond product lines. Special requirements of individual boxes remain to be checked.,,,,not_recorded,,not_established,,,,,,,,,not_assessed,,,,,,,,,,not_recorded,,,not_verified,,,unknown,not_checked,,https://www.legendarycardgame.com/expansions;https://upperdeck.com/is-legendary-a-marvel-deckbuilding-game-second-edition-backwards-compatible-with-all-expansions/,community_catalog,catalog,product_name;base_game_association,secondary_catalog_details_pending,2026-09-20,web_retrieval_or_search_index; not a legal/license audit,prerequisites;edition;recommendation,not_established,US; regional availability not guaranteed,,,,,2026-09-20T14:35:11+00:00,fetch_failed,identity_not_established,https://www.legendarycardgame.com/expansions;https://upperdeck.com/is-legendary-a-marvel-deckbuilding-game-second-edition-backwards-compatible-with-all-expansions/,,src-5ae3e732f633f6ad,not_established,what_it_adds | base_game_requirement,,
rec_be302bf146affb,prd_e7b76228b8ff6c,game_legendary-a-marvel-deck-building-game,Legendary: A Marvel Deck Building Game,legendary-a-marvel-deck-building-game,Guardians of the Galaxy,Upper Deck,fixed_content_card_expansion,,secondary_catalog_identity,hold_for_product_detail_verification,unknown,unknown,,,not_verified,false,,Upper Deck confirms the second-edition Marvel core works with previous Marvel expansions. Do not equate Marvel with Legendary Encounters or James Bond product lines. Special requirements of individual boxes remain to be checked.,,,,not_recorded,,not_established,,,,,,,,,not_assessed,,,,,,,,,,not_recorded,,,not_verified,,,unknown,not_checked,,https://www.legendarycardgame.com/expansions;https://upperdeck.com/is-legendary-a-marvel-deckbuilding-game-second-edition-backwards-compatible-with-all-expansions/,community_catalog,catalog,product_name;base_game_association,secondary_catalog_details_pending,2026-09-20,web_retrieval_or_search_index; not a legal/license audit,prerequisites;edition;recommendation,not_established,US; regional availability not guaranteed,,,,,2026-09-20T14:35:11+00:00,fetch_failed,identity_not_established,https://www.legendarycardgame.com/expansions;https://upperdeck.com/is-legendary-a-marvel-deckbuilding-game-second-edition-backwards-compatible-with-all-expansions/,,src-5ae3e732f633f6ad,not_established,what_it_adds | base_game_requirement,,
rec_fd8d497cba1818,prd_7ca300086b4f15,game_legendary-a-marvel-deck-building-game,Legendary: A Marvel Deck Building Game,legendary-a-marvel-deck-building-game,Heroes of Asgard,Upper Deck,fixed_content_card_expansion,,primary_catalog_identity,hold_for_product_detail_verification,unknown,unknown,,,not_verified,false,,Upper Deck confirms the second-edition Marvel core works with previous Marvel expansions. Do not equate Marvel with Legendary Encounters or James Bond product lines. Special requirements of individual boxes remain to be checked.,,,,not_recorded,,not_established,,,,,,,,,not_assessed,,,,24.99,displayed_catalog_price_not_live_quote,20_to_39_99,https://upperdeckstore.com/legendary,2026-09-20,,not_recorded,,,not_verified,,,unknown,not_checked,https://upperdeckstore.com/legendary,https://upperdeck.com/is-legendary-a-marvel-deckbuilding-game-second-edition-backwards-compatible-with-all-expansions/,publisher,catalog,product_name;base_game_association,catalog_verified_details_pending,2026-09-20,web_retrieval_or_search_index; not a legal/license audit,prerequisites;edition;recommendation,not_established,US; regional availability not guaranteed,,,,,2026-09-20T14:35:11+00:00,fetch_failed,identity_not_established,https://upperdeckstore.com/legendary,,src-c78f926e4ab86054,not_established,what_it_adds | base_game_requirement,,
rec_9a2091a03436e9,prd_ba78272b83026b,game_legendary-a-marvel-deck-building-game,Legendary: A Marvel Deck Building Game,legendary-a-marvel-deck-building-game,Into the Cosmos,Upper Deck,fixed_content_card_expansion,,secondary_catalog_identity,hold_for_product_detail_verification,unknown,unknown,,,not_verified,false,,Upper Deck confirms the second-edition Marvel core works with previous Marvel expansions. Do not equate Marvel with Legendary Encounters or James Bond product lines. Special requirements of individual boxes remain to be checked.,,,,not_recorded,,not_established,,,,,,,,,not_assessed,,,,,,,,,,not_recorded,,,not_verified,,,unknown,not_checked,,https://www.legendarycardgame.com/expansions;https://upperdeck.com/is-legendary-a-marvel-deckbuilding-game-second-edition-backwards-compatible-with-all-expansions/,community_catalog,catalog,product_name;base_game_association,secondary_catalog_details_pending,2026-09-20,web_retrieval_or_search_index; not a legal/license audit,prerequisites;edition;recommendation,not_established,US; regional availability not guaranteed,,,,,2026-09-20T14:35:11+00:00,fetch_failed,identity_not_established,https://www.legendarycardgame.com/expansions;https://upperdeck.com/is-legendary-a-marvel-deckbuilding-game-second-edition-backwards-compatible-with-all-expansions/,,src-5ae3e732f633f6ad,not_established,what_it_adds | base_game_requirement,,
rec_ba2757c4db4981,prd_10cc686869c8fa,game_legendary-a-marvel-deck-building-game,Legendary: A Marvel Deck Building Game,legendary-a-marvel-deck-building-game,Marvel 2099,Upper Deck,fixed_content_card_expansion,,primary_catalog_identity,hold_for_product_detail_verification,unknown,unknown,,,not_verified,false,,Upper Deck confirms the second-edition Marvel core works with previous Marvel expansions. Do not equate Marvel with Legendary Encounters or James Bond product lines. Special requirements of individual boxes remain to be checked.,,,,not_recorded,,not_established,,,,,,,,,not_assessed,,,,24.99,displayed_catalog_price_not_live_quote,20_to_39_99,https://upperdeckstore.com/legendary,2026-09-20,,not_recorded,,,not_verified,,,unknown,not_checked,https://upperdeckstore.com/legendary,https://upperdeck.com/is-legendary-a-marvel-deckbuilding-game-second-edition-backwards-compatible-with-all-expansions/,publisher,catalog,product_name;base_game_association,catalog_verified_details_pending,2026-09-20,web_retrieval_or_search_index; not a legal/license audit,prerequisites;edition;recommendation,not_established,US; regional availability not guaranteed,,,,,2026-09-20T14:35:11+00:00,fetch_failed,identity_not_established,https://upperdeckstore.com/legendary,,src-c78f926e4ab86054,not_established,what_it_adds | base_game_requirement,,
rec_a4423e870a156f,prd_88b07a05ade545,game_legendary-a-marvel-deck-building-game,Legendary: A Marvel Deck Building Game,legendary-a-marvel-deck-building-game,Marvel Studios Ant-Man and The Wasp,Upper Deck,fixed_content_card_expansion,,secondary_catalog_identity,hold_for_product_detail_verification,unknown,unknown,,,not_verified,false,,Upper Deck confirms the second-edition Marvel core works with previous Marvel expansions. Do not equate Marvel with Legendary Encounters or James Bond product lines. Special requirements of individual boxes remain to be checked.,,,,not_recorded,,not_established,,,,,,,,,not_assessed,,,,,,,,,,not_recorded,,,not_verified,,,unknown,not_checked,,https://www.legendarycardgame.com/expansions;https://upperdeck.com/is-legendary-a-marvel-deckbuilding-game-second-edition-backwards-compatible-with-all-expansions/,community_catalog,catalog,product_name;base_game_association,secondary_catalog_details_pending,2026-09-20,web_retrieval_or_search_index; not a legal/license audit,prerequisites;edition;recommendation,not_established,US; regional availability not guaranteed,,,,,2026-09-20T14:35:11+00:00,fetch_failed,identity_not_established,https://www.legendarycardgame.com/expansions;https://upperdeck.com/is-legendary-a-marvel-deckbuilding-game-second-edition-backwards-compatible-with-all-expansions/,,src-5ae3e732f633f6ad,not_established,what_it_adds | base_game_requirement,,
rec_1cad99eb563e29,prd_eaf2b5f1c10b0f,game_legendary-a-marvel-deck-building-game,Legendary: A Marvel Deck Building Game,legendary-a-marvel-deck-building-game,Marvel Studios Guardians of the Galaxy,Upper Deck,fixed_content_card_expansion,,primary_catalog_identity,hold_for_product_detail_verification,unknown,unknown,,,not_verified,false,,Upper Deck confirms the second-edition Marvel core works with previous Marvel expansions. Do not equate Marvel with Legendary Encounters or James Bond product lines. Special requirements of individual boxes remain to be checked.,,,,not_recorded,,not_established,,,,,,,,,not_assessed,,,,24.99,displayed_catalog_price_not_live_quote,20_to_39_99,https://upperdeckstore.com/legendary,2026-09-20,,not_recorded,,,not_verified,,,unknown,not_checked,https://upperdeckstore.com/legendary,https://upperdeck.com/is-legendary-a-marvel-deckbuilding-game-second-edition-backwards-compatible-with-all-expansions/,publisher,catalog,product_name;base_game_association,catalog_verified_details_pending,2026-09-20,web_retrieval_or_search_index; not a legal/license audit,prerequisites;edition;recommendation,not_established,US; regional availability not guaranteed,,,,,2026-09-20T14:35:11+00:00,fetch_failed,identity_not_established,https://upperdeckstore.com/legendary,,src-c78f926e4ab86054,not_established,what_it_adds | base_game_requirement,,
rec_0916a9b7d42d9e,prd_cf11df61dd8a3d,game_legendary-a-marvel-deck-building-game,Legendary: A Marvel Deck Building Game,legendary-a-marvel-deck-building-game,Marvel Studios Infinity Saga,Upper Deck,fixed_content_card_expansion,,primary_catalog_identity,hold_for_product_detail_verification,unknown,unknown,,,not_verified,false,,Upper Deck confirms the second-edition Marvel core works with previous Marvel expansions. Do not equate Marvel with Legendary Encounters or James Bond product lines. Special requirements of individual boxes remain to be checked.,,,,not_recorded,,not_established,,,,,,,,,not_assessed,,,,24.99,displayed_catalog_price_not_live_quote,20_to_39_99,https://upperdeckstore.com/legendary,2026-09-20,,not_recorded,,,not_verified,,,unknown,not_checked,https://upperdeckstore.com/legendary,https://upperdeck.com/is-legendary-a-marvel-deckbuilding-game-second-edition-backwards-compatible-with-all-expansions/,publisher,catalog,product_name;base_game_association,catalog_verified_details_pending,2026-09-20,web_retrieval_or_search_index; not a legal/license audit,prerequisites;edition;recommendation,not_established,US; regional availability not guaranteed,,,,,2026-09-20T14:35:11+00:00,fetch_failed,identity_not_established,https://upperdeckstore.com/legendary,,src-c78f926e4ab86054,not_established,what_it_adds | base_game_requirement,,
rec_2a53e910d62d24,prd_9c34bcfa4e3833,game_legendary-a-marvel-deck-building-game,Legendary: A Marvel Deck Building Game,legendary-a-marvel-deck-building-game,Messiah Complex,Upper Deck,fixed_content_card_expansion,,secondary_catalog_identity,hold_for_product_detail_verification,unknown,unknown,,,not_verified,false,,Upper Deck confirms the second-edition Marvel core works with previous Marvel expansions. Do not equate Marvel with Legendary Encounters or James Bond product lines. Special requirements of individual boxes remain to be checked.,,,,not_recorded,,not_established,,,,,,,,,not_assessed,,,,,,,,,,not_recorded,,,not_verified,,,unknown,not_checked,,https://www.legendarycardgame.com/expansions;https://upperdeck.com/is-legendary-a-marvel-deckbuilding-game-second-edition-backwards-compatible-with-all-expansions/,community_catalog,catalog,product_name;base_game_association,secondary_catalog_details_pending,2026-09-20,web_retrieval_or_search_index; not a legal/license audit,prerequisites;edition;recommendation,not_established,US; regional availability not guaranteed,,,,,2026-09-20T14:35:11+00:00,fetch_failed,identity_not_established,https://www.legendarycardgame.com/expansions;https://upperdeck.com/is-legendary-a-marvel-deckbuilding-game-second-edition-backwards-compatible-with-all-expansions/,,src-5ae3e732f633f6ad,not_established,what_it_adds | base_game_requirement,,
rec_69fce496f7a471,prd_35d878344cbdd1,game_legendary-a-marvel-deck-building-game,Legendary: A Marvel Deck Building Game,legendary-a-marvel-deck-building-game,Midnight Sons,Upper Deck,fixed_content_card_expansion,,primary_catalog_identity,hold_for_product_detail_verification,unknown,unknown,,,not_verified,false,,Upper Deck confirms the second-edition Marvel core works with previous Marvel expansions. Do not equate Marvel with Legendary Encounters or James Bond product lines. Special requirements of individual boxes remain to be checked.,,,,not_recorded,,not_established,,,,,,,,,not_assessed,,,,24.99,displayed_catalog_price_not_live_quote,20_to_39_99,https://upperdeckstore.com/legendary,2026-09-20,,not_recorded,,,not_verified,,,unknown,not_checked,https://upperdeckstore.com/legendary,https://upperdeck.com/is-legendary-a-marvel-deckbuilding-game-second-edition-backwards-compatible-with-all-expansions/,publisher,catalog,product_name;base_game_association,catalog_verified_details_pending,2026-09-20,web_retrieval_or_search_index; not a legal/license audit,prerequisites;edition;recommendation,not_established,US; regional availability not guaranteed,,,,,2026-09-20T14:35:11+00:00,fetch_failed,identity_not_established,https://upperdeckstore.com/legendary,,src-c78f926e4ab86054,not_established,what_it_adds | base_game_requirement,,
rec_79ef8532a04536,prd_862de57dfee690,game_legendary-a-marvel-deck-building-game,Legendary: A Marvel Deck Building Game,legendary-a-marvel-deck-building-game,New Mutants,Upper Deck,fixed_content_card_expansion,,primary_catalog_identity,hold_for_product_detail_verification,unknown,unknown,,,not_verified,false,,Upper Deck confirms the second-edition Marvel core works with previous Marvel expansions. Do not equate Marvel with Legendary Encounters or James Bond product lines. Special requirements of individual boxes remain to be checked.,,,,not_recorded,,not_established,,,,,,,,,not_assessed,,,,24.99,displayed_catalog_price_not_live_quote,20_to_39_99,https://upperdeckstore.com/legendary,2026-09-20,,not_recorded,,,not_verified,,,unknown,not_checked,https://upperdeckstore.com/legendary,https://upperdeck.com/is-legendary-a-marvel-deckbuilding-game-second-edition-backwards-compatible-with-all-expansions/,publisher,catalog,product_name;base_game_association,catalog_verified_details_pending,2026-09-20,web_retrieval_or_search_index; not a legal/license audit,prerequisites;edition;recommendation,not_established,US; regional availability not guaranteed,,,,,2026-09-20T14:35:11+00:00,fetch_failed,identity_not_established,https://upperdeckstore.com/legendary,,src-c78f926e4ab86054,not_established,what_it_adds | base_game_requirement,,
rec_af3962ff5ae5b8,prd_780b9fec5e4775,game_legendary-a-marvel-deck-building-game,Legendary: A Marvel Deck Building Game,legendary-a-marvel-deck-building-game,Noir,Upper Deck,fixed_content_card_expansion,,secondary_catalog_identity,hold_for_product_detail_verification,unknown,unknown,,,not_verified,false,,Upper Deck confirms the second-edition Marvel core works with previous Marvel expansions. Do not equate Marvel with Legendary Encounters or James Bond product lines. Special requirements of individual boxes remain to be checked.,,,,not_recorded,,not_established,,,,,,,,,not_assessed,,,,,,,,,,not_recorded,,,not_verified,,,unknown,not_checked,,https://www.legendarycardgame.com/expansions;https://upperdeck.com/is-legendary-a-marvel-deckbuilding-game-second-edition-backwards-compatible-with-all-expansions/,community_catalog,catalog,product_name;base_game_association,secondary_catalog_details_pending,2026-09-20,web_retrieval_or_search_index; not a legal/license audit,prerequisites;edition;recommendation,not_established,US; regional availability not guaranteed,,,,,2026-09-20T14:35:11+00:00,fetch_failed,identity_not_established,https://www.legendarycardgame.com/expansions;https://upperdeck.com/is-legendary-a-marvel-deckbuilding-game-second-edition-backwards-compatible-with-all-expansions/,,src-5ae3e732f633f6ad,not_established,what_it_adds | base_game_requirement,,
rec_aac61a8e09c40a,prd_b780ea2fd75089,game_legendary-a-marvel-deck-building-game,Legendary: A Marvel Deck Building Game,legendary-a-marvel-deck-building-game,Paint the Town Red,Upper Deck,fixed_content_card_expansion,,secondary_catalog_identity,hold_for_product_detail_verification,unknown,unknown,,,not_verified,false,,Upper Deck confirms the second-edition Marvel core works with previous Marvel expansions. Do not equate Marvel with Legendary Encounters or James Bond product lines. Special requirements of individual boxes remain to be checked.,,,,not_recorded,,not_established,,,,,,,,,not_assessed,,,,,,,,,,not_recorded,,,not_verified,,,unknown,not_checked,,https://www.legendarycardgame.com/expansions;https://upperdeck.com/is-legendary-a-marvel-deckbuilding-game-second-edition-backwards-compatible-with-all-expansions/,community_catalog,catalog,product_name;base_game_association,secondary_catalog_details_pending,2026-09-20,web_retrieval_or_search_index; not a legal/license audit,prerequisites;edition;recommendation,not_established,US; regional availability not guaranteed,,,,,2026-09-20T14:35:11+00:00,fetch_failed,identity_not_established,https://www.legendarycardgame.com/expansions;https://upperdeck.com/is-legendary-a-marvel-deckbuilding-game-second-edition-backwards-compatible-with-all-expansions/,,src-5ae3e732f633f6ad,not_established,what_it_adds | base_game_requirement,,
rec_66a91bc13c161f,prd_8eda32d3a5013b,game_legendary-a-marvel-deck-building-game,Legendary: A Marvel Deck Building Game,legendary-a-marvel-deck-building-game,Realm of Kings,Upper Deck,fixed_content_card_expansion,,primary_catalog_identity,hold_for_product_detail_verification,unknown,unknown,,,not_verified,false,,Upper Deck confirms the second-edition Marvel core works with previous Marvel expansions. Do not equate Marvel with Legendary Encounters or James Bond product lines. Special requirements of individual boxes remain to be checked.,,,,not_recorded,,not_established,,,,,,,,,not_assessed,,,,24.99,displayed_catalog_price_not_live_quote,20_to_39_99,https://upperdeckstore.com/legendary,2026-09-20,,not_recorded,,,not_verified,,,unknown,not_checked,https://upperdeckstore.com/legendary,https://upperdeck.com/is-legendary-a-marvel-deckbuilding-game-second-edition-backwards-compatible-with-all-expansions/,publisher,catalog,product_name;base_game_association,catalog_verified_details_pending,2026-09-20,web_retrieval_or_search_index; not a legal/license audit,prerequisites;edition;recommendation,not_established,US; regional availability not guaranteed,,,,,2026-09-20T14:35:11+00:00,fetch_failed,identity_not_established,https://upperdeckstore.com/legendary,,src-c78f926e4ab86054,not_established,what_it_adds | base_game_requirement,,
rec_d056a71b4f1148,prd_b6d8dd8339b1b4,game_legendary-a-marvel-deck-building-game,Legendary: A Marvel Deck Building Game,legendary-a-marvel-deck-building-game,Revelations,Upper Deck,fixed_content_card_expansion,,secondary_catalog_identity,hold_for_product_detail_verification,unknown,unknown,,,not_verified,false,,Upper Deck confirms the second-edition Marvel core works with previous Marvel expansions. Do not equate Marvel with Legendary Encounters or James Bond product lines. Special requirements of individual boxes remain to be checked.,,,,not_recorded,,not_established,,,,,,,,,not_assessed,,,,,,,,,,not_recorded,,,not_verified,,,unknown,not_checked,,https://www.legendarycardgame.com/expansions;https://upperdeck.com/is-legendary-a-marvel-deckbuilding-game-second-edition-backwards-compatible-with-all-expansions/,community_catalog,catalog,product_name;base_game_association,secondary_catalog_details_pending,2026-09-20,web_retrieval_or_search_index; not a legal/license audit,prerequisites;edition;recommendation,not_established,US; regional availability not guaranteed,,,,,2026-09-20T14:35:11+00:00,fetch_failed,identity_not_established,https://www.legendarycardgame.com/expansions;https://upperdeck.com/is-legendary-a-marvel-deckbuilding-game-second-edition-backwards-compatible-with-all-expansions/,,src-5ae3e732f633f6ad,not_established,what_it_adds | base_game_requirement,,
rec_be58bfaabdf5da,prd_6e605ed65d12fb,game_legendary-a-marvel-deck-building-game,Legendary: A Marvel Deck Building Game,legendary-a-marvel-deck-building-game,S.H.I.E.L.D.,Upper Deck,fixed_content_card_expansion,,primary_catalog_identity,hold_for_product_detail_verification,unknown,unknown,,,not_verified,false,,Upper Deck confirms the second-edition Marvel core works with previous Marvel expansions. Do not equate Marvel with Legendary Encounters or James Bond product lines. Special requirements of individual boxes remain to be checked.,,,,not_recorded,,not_established,,,,,,,,,not_assessed,,,,24.99,displayed_catalog_price_not_live_quote,20_to_39_99,https://upperdeckstore.com/legendary,2026-09-20,,not_recorded,,,not_verified,,,unknown,not_checked,https://upperdeckstore.com/legendary,https://upperdeck.com/is-legendary-a-marvel-deckbuilding-game-second-edition-backwards-compatible-with-all-expansions/,publisher,catalog,product_name;base_game_association,catalog_verified_details_pending,2026-09-20,web_retrieval_or_search_index; not a legal/license audit,prerequisites;edition;recommendation,not_established,US; regional availability not guaranteed,,,,,2026-09-20T14:35:11+00:00,fetch_failed,identity_not_established,https://upperdeckstore.com/legendary,,src-c78f926e4ab86054,not_established,what_it_adds | base_game_requirement,,
rec_230978bf5a6255,prd_f5cde2c127fe34,game_legendary-a-marvel-deck-building-game,Legendary: A Marvel Deck Building Game,legendary-a-marvel-deck-building-game,Secret Wars Volume 1,Upper Deck,fixed_content_card_expansion,,secondary_catalog_identity,hold_for_product_detail_verification,unknown,unknown,,,not_verified,false,,Upper Deck confirms the second-edition Marvel core works with previous Marvel expansions. Do not equate Marvel with Legendary Encounters or James Bond product lines. Special requirements of individual boxes remain to be checked.,,,,not_recorded,,not_established,,,,,,,,,not_assessed,,,,,,,,,,not_recorded,,,not_verified,,,unknown,not_checked,,https://www.legendarycardgame.com/expansions;https://upperdeck.com/is-legendary-a-marvel-deckbuilding-game-second-edition-backwards-compatible-with-all-expansions/,community_catalog,catalog,product_name;base_game_association,secondary_catalog_details_pending,2026-09-20,web_retrieval_or_search_index; not a legal/license audit,prerequisites;edition;recommendation,not_established,US; regional availability not guaranteed,,,,,2026-09-20T14:35:11+00:00,fetch_failed,identity_not_established,https://www.legendarycardgame.com/expansions;https://upperdeck.com/is-legendary-a-marvel-deckbuilding-game-second-edition-backwards-compatible-with-all-expansions/,,src-5ae3e732f633f6ad,not_established,what_it_adds | base_game_requirement,,
rec_fd910806d4261b,prd_737f7a9599ff75,game_legendary-a-marvel-deck-building-game,Legendary: A Marvel Deck Building Game,legendary-a-marvel-deck-building-game,Secret Wars Volume 2,Upper Deck,fixed_content_card_expansion,,secondary_catalog_identity,hold_for_product_detail_verification,unknown,unknown,,,not_verified,false,,Upper Deck confirms the second-edition Marvel core works with previous Marvel expansions. Do not equate Marvel with Legendary Encounters or James Bond product lines. Special requirements of individual boxes remain to be checked.,,,,not_recorded,,not_established,,,,,,,,,not_assessed,,,,,,,,,,not_recorded,,,not_verified,,,unknown,not_checked,,https://www.legendarycardgame.com/expansions;https://upperdeck.com/is-legendary-a-marvel-deckbuilding-game-second-edition-backwards-compatible-with-all-expansions/,community_catalog,catalog,product_name;base_game_association,secondary_catalog_details_pending,2026-09-20,web_retrieval_or_search_index; not a legal/license audit,prerequisites;edition;recommendation,not_established,US; regional availability not guaranteed,,,,,2026-09-20T14:35:11+00:00,fetch_failed,identity_not_established,https://www.legendarycardgame.com/expansions;https://upperdeck.com/is-legendary-a-marvel-deckbuilding-game-second-edition-backwards-compatible-with-all-expansions/,,src-5ae3e732f633f6ad,not_established,what_it_adds | base_game_requirement,,
rec_35c0bbf4cdfcb3,prd_3769a9c9ae164e,game_legendary-a-marvel-deck-building-game,Legendary: A Marvel Deck Building Game,legendary-a-marvel-deck-building-game,Spider-Man Homecoming,Upper Deck,fixed_content_card_expansion,,secondary_catalog_identity,hold_for_product_detail_verification,unknown,unknown,,,not_verified,false,,Upper Deck confirms the second-edition Marvel core works with previous Marvel expansions. Do not equate Marvel with Legendary Encounters or James Bond product lines. Special requirements of individual boxes remain to be checked.,,,,not_recorded,,not_established,,,,,,,,,not_assessed,,,,,,,,,,not_recorded,,,not_verified,,,unknown,not_checked,,https://www.legendarycardgame.com/expansions;https://upperdeck.com/is-legendary-a-marvel-deckbuilding-game-second-edition-backwards-compatible-with-all-expansions/,community_catalog,catalog,product_name;base_game_association,secondary_catalog_details_pending,2026-09-20,web_retrieval_or_search_index; not a legal/license audit,prerequisites;edition;recommendation,not_established,US; regional availability not guaranteed,,,,,2026-09-20T14:35:11+00:00,fetch_failed,identity_not_established,https://www.legendarycardgame.com/expansions;https://upperdeck.com/is-legendary-a-marvel-deckbuilding-game-second-edition-backwards-compatible-with-all-expansions/,,src-5ae3e732f633f6ad,not_established,what_it_adds | base_game_requirement,,
rec_7c903415451da1,prd_e556b319f4ca31,game_legendary-a-marvel-deck-building-game,Legendary: A Marvel Deck Building Game,legendary-a-marvel-deck-building-game,Venom,Upper Deck,fixed_content_card_expansion,,primary_catalog_identity,hold_for_product_detail_verification,unknown,unknown,,,not_verified,false,,Upper Deck confirms the second-edition Marvel core works with previous Marvel expansions. Do not equate Marvel with Legendary Encounters or James Bond product lines. Special requirements of individual boxes remain to be checked.,,,,not_recorded,,not_established,,,,,,,,,not_assessed,,,,24.99,displayed_catalog_price_not_live_quote,20_to_39_99,https://upperdeckstore.com/legendary,2026-09-20,,not_recorded,,,not_verified,,,unknown,not_checked,https://upperdeckstore.com/legendary,https://upperdeck.com/is-legendary-a-marvel-deckbuilding-game-second-edition-backwards-compatible-with-all-expansions/,publisher,catalog,product_name;base_game_association,catalog_verified_details_pending,2026-09-20,web_retrieval_or_search_index; not a legal/license audit,prerequisites;edition;recommendation,not_established,US; regional availability not guaranteed,,,,,2026-09-20T14:35:11+00:00,fetch_failed,identity_not_established,https://upperdeckstore.com/legendary,,src-c78f926e4ab86054,not_established,what_it_adds | base_game_requirement,,
rec_723476dfa442bc,prd_15e41440abd9ed,game_legendary-a-marvel-deck-building-game,Legendary: A Marvel Deck Building Game,legendary-a-marvel-deck-building-game,Weapon X,Upper Deck,fixed_content_card_expansion,,primary_catalog_identity,hold_for_product_detail_verification,unknown,unknown,,,not_verified,false,,Upper Deck confirms the second-edition Marvel core works with previous Marvel expansions. Do not equate Marvel with Legendary Encounters or James Bond product lines. Special requirements of individual boxes remain to be checked.,,,,not_recorded,,not_established,,,,,,,,,not_assessed,,,,24.99,displayed_catalog_price_not_live_quote,20_to_39_99,https://upperdeckstore.com/legendary,2026-09-20,,not_recorded,,,not_verified,,,unknown,not_checked,https://upperdeckstore.com/legendary,https://upperdeck.com/is-legendary-a-marvel-deckbuilding-game-second-edition-backwards-compatible-with-all-expansions/,publisher,catalog,product_name;base_game_association,catalog_verified_details_pending,2026-09-20,web_retrieval_or_search_index; not a legal/license audit,prerequisites;edition;recommendation,not_established,US; regional availability not guaranteed,,,,,2026-09-20T14:35:11+00:00,fetch_failed,identity_not_established,https://upperdeckstore.com/legendary,,src-c78f926e4ab86054,not_established,what_it_adds | base_game_requirement,,
rec_8be6ec2ea0cbf0,prd_e928506f9a51c0,game_legendary-a-marvel-deck-building-game,Legendary: A Marvel Deck Building Game,legendary-a-marvel-deck-building-game,World War Hulk,Upper Deck,fixed_content_card_expansion,,secondary_catalog_identity,hold_for_product_detail_verification,unknown,unknown,,,not_verified,false,,Upper Deck confirms the second-edition Marvel core works with previous Marvel expansions. Do not equate Marvel with Legendary Encounters or James Bond product lines. Special requirements of individual boxes remain to be checked.,,,,not_recorded,,not_established,,,,,,,,,not_assessed,,,,,,,,,,not_recorded,,,not_verified,,,unknown,not_checked,,https://www.legendarycardgame.com/expansions;https://upperdeck.com/is-legendary-a-marvel-deckbuilding-game-second-edition-backwards-compatible-with-all-expansions/,community_catalog,catalog,product_name;base_game_association,secondary_catalog_details_pending,2026-09-20,web_retrieval_or_search_index; not a legal/license audit,prerequisites;edition;recommendation,not_established,US; regional availability not guaranteed,,,,,2026-09-20T14:35:11+00:00,fetch_failed,identity_not_established,https://www.legendarycardgame.com/expansions;https://upperdeck.com/is-legendary-a-marvel-deckbuilding-game-second-edition-backwards-compatible-with-all-expansions/,,src-5ae3e732f633f6ad,not_established,what_it_adds | base_game_requirement,,
rec_9a11426068b70e,prd_ea3acb0ba643e5,game_legendary-a-marvel-deck-building-game,Legendary: A Marvel Deck Building Game,legendary-a-marvel-deck-building-game,X-Men,Upper Deck,fixed_content_card_expansion,,secondary_catalog_identity,hold_for_product_detail_verification,unknown,unknown,,,not_verified,false,,Upper Deck confirms the second-edition Marvel core works with previous Marvel expansions. Do not equate Marvel with Legendary Encounters or James Bond product lines. Special requirements of individual boxes remain to be checked.,,,,not_recorded,,not_established,,,,,,,,,not_assessed,,,,,,,,,,not_recorded,,,not_verified,,,unknown,not_checked,,https://www.legendarycardgame.com/expansions;https://upperdeck.com/is-legendary-a-marvel-deckbuilding-game-second-edition-backwards-compatible-with-all-expansions/,community_catalog,catalog,product_name;base_game_association,secondary_catalog_details_pending,2026-09-20,web_retrieval_or_search_index; not a legal/license audit,prerequisites;edition;recommendation,not_established,US; regional availability not guaranteed,,,,,2026-09-20T14:35:11+00:00,fetch_failed,identity_not_established,https://www.legendarycardgame.com/expansions;https://upperdeck.com/is-legendary-a-marvel-deckbuilding-game-second-edition-backwards-compatible-with-all-expansions/,,src-5ae3e732f633f6ad,not_established,what_it_adds | base_game_requirement,,
rec_08703cda2a9d5e,prd_916996d0aa928f,game_lockup-a-roll-player-tale,Lockup: A Roll Player Tale,lockup-a-roll-player-tale,Kulbak Mini Expansion,Thunderworks Games,gameplay_addition_format_pending,,secondary_catalog_identity,hold_for_product_detail_verification,unknown,unknown,,,not_verified,false,,,,,Promotional gameplay content; exact effects and required editions not independently checked.,format_level_only,,not_established,,,,,,,,,not_assessed,,,,,,,,,,not_recorded,,,not_verified,,,unknown,not_checked,,https://boardgamegeekstore.com/collections/bgg-store-promos?page=5,specialist_retailer,retailer_catalog,product_name;base_game_association,secondary_catalog_details_pending,2026-09-20,web_retrieval_or_search_index; not a legal/license audit,product_rulebook;prerequisites;edition;recommendation;retailer_identity_only,not_established,US; regional availability not guaranteed,,,,,2026-09-20T14:35:11+00:00,fetch_failed,identity_not_established,https://boardgamegeekstore.com/collections/bgg-store-promos?page=5,,src-8c6068e038559de0,not_established,base_game_requirement | edition_compatibility_notes,,
rec_137d8a97bd479e,prd_32ee94263b48c0,game_lost-ruins-of-arnak,Lost Ruins of Arnak,lost-ruins-of-arnak,Adventure Chest,Czech Games Edition,storage_plus_gameplay_bundle,,product_facts_checked,fact_checked_draft_needs_editorial_review,yes,no,Lost Ruins of Arnak,"[[""Lost Ruins of Arnak""]]",publisher_confirmed,true,,,"Contains Twisted Paths. Does NOT include base game, Expedition Leaders or The Missing Expedition.",,Storage box/insert bundled with the Twisted Paths gameplay expansion.,product_or_cycle_description,,not_established,1,4,publisher_product_listing,Owner needs storage AND does not already own Twisted Paths.,check_overlap_before_buying,2,Owner needs storage AND does not already own Twisted Paths.,Twisted Paths is bundled; avoid buying both unless the duplication is intentional.,editorial_draft_mechanics_based,editorial_inference_from_publisher_mechanics_not_playtesting,stated_use_case_only_not_universal_rank,https://www.czechgames.com/games/lost-ruins-of-arnak-adventure-chest,,,,,,,not_recorded,,,not_verified,,2025,unknown,not_checked,https://www.czechgames.com/games/lost-ruins-of-arnak-adventure-chest,,publisher,product_detail,product_name;base_game_association;what_it_adds;base_requirement,core_facts_verified,2026-09-20,web_retrieval_or_search_index; not a legal/license audit,edition;recommendation;editorial_human_review,not_established,US; regional availability not guaranteed,,,,,2026-09-20T14:35:11+00:00,fetch_failed,identity_not_established,https://www.czechgames.com/games/lost-ruins-of-arnak-adventure-chest,,src-24d7beeb1878de0a,not_established,edition_compatibility_notes,,
rec_c53d1b250919be,prd_9120e4bc32d657,game_lost-ruins-of-arnak,Lost Ruins of Arnak,lost-ruins-of-arnak,Alicorn Promo,Czech Games Edition,official_promo,,secondary_catalog_identity,hold_for_product_detail_verification,unknown,unknown,,,not_verified,false,,,,,Promotional gameplay content; exact effects and required editions not independently checked.,format_level_only,,not_established,,,,,,,,,not_assessed,,,,,,,,,,not_recorded,,,not_verified,,,unknown,not_checked,,https://boardgamegeekstore.com/collections/bgg-store-promos?page=4,specialist_retailer,retailer_catalog,product_name;base_game_association,secondary_catalog_details_pending,2026-09-20,web_retrieval_or_search_index; not a legal/license audit,product_rulebook;prerequisites;edition;recommendation;retailer_identity_only,not_established,US; regional availability not guaranteed,,,,,2026-09-20T14:35:11+00:00,fetch_failed,identity_not_established,https://boardgamegeekstore.com/collections/bgg-store-promos?page=4,,src-35a9b637149f4324,not_established,base_game_requirement | edition_compatibility_notes,,
rec_0f63b81df041ea,prd_bfa3656ca9400a,game_lost-ruins-of-arnak,Lost Ruins of Arnak,lost-ruins-of-arnak,Expedition Leaders,Czech Games Edition,expansion,,product_facts_checked,fact_checked_draft_needs_editorial_review,yes,no,Lost Ruins of Arnak,"[[""Lost Ruins of Arnak""]]",publisher_confirmed,true,,Compatible with other Arnak expansions; campaign in The Missing Expedition is specifically solo/two-player.,,,"Six asymmetric leaders, alternative research tracks, items, artifacts, sites and guardians.",product_or_cycle_description,,not_established,1,4,publisher_product_listing,Group wants different player abilities without a campaign.,strong_fit_for_stated_use,1,Group wants different player abilities without a campaign.,Leader asymmetry is the primary change; campaign content is not necessary for this preference.,editorial_draft_mechanics_based,editorial_inference_from_publisher_mechanics_not_playtesting,stated_use_case_only_not_universal_rank,https://www.czechgames.com/games/lost-ruins-of-arnak-expedition-leaders,,,,,,,not_recorded,,,not_verified,,2021,released,not_checked,https://www.czechgames.com/games/lost-ruins-of-arnak-expedition-leaders,,publisher,product_detail,product_name;base_game_association;what_it_adds;base_requirement,core_facts_verified,2026-09-20,web_retrieval_or_search_index; not a legal/license audit,edition;recommendation;editorial_human_review,not_established,US; regional availability not guaranteed,,,,,2026-09-20T14:35:11+00:00,fetch_failed,identity_not_established,https://www.czechgames.com/games/lost-ruins-of-arnak-expedition-leaders,,src-5d76660d7a1b1c54,not_established,,,
rec_8bf2ed6a5a3ee8,prd_bbeb633df652be,game_lost-ruins-of-arnak,Lost Ruins of Arnak,lost-ruins-of-arnak,Purple Rival,Czech Games Edition,print_and_play_mini_expansion,,primary_catalog_identity,hold_for_product_detail_verification,unknown,unknown,,,not_verified,false,,,Physical versions are included in Twisted Paths and Adventure Chest.,,Optional solo-opponent variation.,product_or_cycle_description,,not_established,,,,,,,,,not_assessed,,,,,,,,,,not_recorded,,,not_verified,,,unknown,not_checked,https://www.czechgames.com/games/lost-ruins-of-arnak-twisted-paths,,publisher,catalog,product_name;base_game_association;content_overlap,catalog_verified_details_pending,2026-09-20,web_retrieval_or_search_index; not a legal/license audit,prerequisites;edition;recommendation,not_established,US; regional availability not guaranteed,,,,,2026-09-20T14:35:11+00:00,fetch_failed,identity_not_established,https://www.czechgames.com/games/lost-ruins-of-arnak-twisted-paths,,src-23d3d9e0d5165438,not_established,base_game_requirement | edition_compatibility_notes,,
rec_afc9741b7b146f,prd_df106e669f73cd,game_lost-ruins-of-arnak,Lost Ruins of Arnak,lost-ruins-of-arnak,Rat Promo,Czech Games Edition,official_promo,,secondary_catalog_identity,hold_for_product_detail_verification,unknown,unknown,,,not_verified,false,,,,,Promotional gameplay content; exact effects and required editions not independently checked.,format_level_only,,not_established,,,,,,,,,not_assessed,,,,,,,,,,not_recorded,,,not_verified,,,unknown,not_checked,,https://boardgamegeekstore.com/collections/bgg-store-promos,specialist_retailer,retailer_catalog,product_name;base_game_association,secondary_catalog_details_pending,2026-09-20,web_retrieval_or_search_index; not a legal/license audit,product_rulebook;prerequisites;edition;recommendation;retailer_identity_only,not_established,US; regional availability not guaranteed,,,,,2026-09-20T14:35:11+00:00,fetch_failed,identity_not_established,https://boardgamegeekstore.com/collections/bgg-store-promos,,src-01c27471df6176f4,not_established,base_game_requirement | edition_compatibility_notes,,
rec_664474488a84bd,prd_b41df3a2d568fc,game_lost-ruins-of-arnak,Lost Ruins of Arnak,lost-ruins-of-arnak,Rival Objectives,Czech Games Edition,print_and_play_mini_expansion,,primary_catalog_identity,hold_for_product_detail_verification,unknown,unknown,,,not_verified,false,,,Physical versions are included in Twisted Paths and Adventure Chest.,,Optional solo-opponent variation.,product_or_cycle_description,,not_established,,,,,,,,,not_assessed,,,,,,,,,,not_recorded,,,not_verified,,,unknown,not_checked,https://www.czechgames.com/games/lost-ruins-of-arnak-twisted-paths,,publisher,catalog,product_name;base_game_association;content_overlap,catalog_verified_details_pending,2026-09-20,web_retrieval_or_search_index; not a legal/license audit,prerequisites;edition;recommendation,not_established,US; regional availability not guaranteed,,,,,2026-09-20T14:35:11+00:00,fetch_failed,identity_not_established,https://www.czechgames.com/games/lost-ruins-of-arnak-twisted-paths,,src-23d3d9e0d5165438,not_established,base_game_requirement | edition_compatibility_notes,,
rec_62d63744d8d414,prd_370a5adf580879,game_lost-ruins-of-arnak,Lost Ruins of Arnak,lost-ruins-of-arnak,Saxophone Promo,Czech Games Edition,official_promo,,secondary_catalog_identity,hold_for_product_detail_verification,unknown,unknown,,,not_verified,false,,,,,Promotional gameplay content; exact effects and required editions not independently checked.,format_level_only,,not_established,,,,,,,,,not_assessed,,,,,,,,,,not_recorded,,,not_verified,,,unknown,not_checked,,https://boardgamegeekstore.com/collections/bgg-store-promos,specialist_retailer,retailer_catalog,product_name;base_game_association,secondary_catalog_details_pending,2026-09-20,web_retrieval_or_search_index; not a legal/license audit,product_rulebook;prerequisites;edition;recommendation;retailer_identity_only,not_established,US; regional availability not guaranteed,,,,,2026-09-20T14:35:11+00:00,fetch_failed,identity_not_established,https://boardgamegeekstore.com/collections/bgg-store-promos,,src-01c27471df6176f4,not_established,base_game_requirement | edition_compatibility_notes,,
rec_f5785f11b13891,prd_db04c4dff2f803,game_lost-ruins-of-arnak,Lost Ruins of Arnak,lost-ruins-of-arnak,Soothsayer Runes Promo,Czech Games Edition,official_promo,,primary_catalog_identity,hold_for_product_detail_verification,unknown,unknown,,,not_verified,false,,,,,Promotional gameplay content; exact effects and required editions not independently checked.,format_level_only,,not_established,,,,,,,,,not_assessed,,,,,,,,,,not_recorded,,,not_verified,,,unknown,not_checked,https://www.czechgames.com/games/lost-ruins-of-arnak-twisted-paths,https://boardgamegeekstore.com/collections/bgg-store-promos?page=4,publisher_and_specialist_retailer,publisher_navigation_and_retailer_catalog,product_name;base_game_association,catalog_verified_details_pending,2026-09-20,web_retrieval_or_search_index; not a legal/license audit,product_rulebook;prerequisites;edition;recommendation;retailer_identity_only,not_established,US; regional availability not guaranteed,,,,,2026-09-20T14:35:11+00:00,fetch_failed,identity_not_established,https://www.czechgames.com/games/lost-ruins-of-arnak-twisted-paths,,src-23d3d9e0d5165438,not_established,base_game_requirement | edition_compatibility_notes,,
rec_c8a85308a1d18c,prd_d4f723f98ead73,game_lost-ruins-of-arnak,Lost Ruins of Arnak,lost-ruins-of-arnak,The Missing Expedition,Czech Games Edition,expansion,,product_facts_checked,fact_checked_draft_needs_editorial_review,yes,no,Lost Ruins of Arnak,"[[""Lost Ruins of Arnak""]]",publisher_confirmed,true,,Compatible with other Arnak expansions; campaign in The Missing Expedition is specifically solo/two-player.,,,"Two leaders, two research tracks and a replayable six-chapter solo or two-player cooperative campaign.",product_or_cycle_description,,not_established,1,4,standard_1_4;campaign_1_2,Solo player or two-player group wants a cooperative campaign.,strong_fit_for_stated_use,1,Solo player or two-player group wants a cooperative campaign.,Its six-chapter campaign is tailored to solo/two-player use; the broader normal game supports more players.,editorial_draft_mechanics_based,editorial_inference_from_publisher_mechanics_not_playtesting,stated_use_case_only_not_universal_rank,https://www.czechgames.com/games/lost-ruins-of-arnak-the-missing-expedition,29.99,publisher_listed_msrp,20_to_39_99,https://www.czechgames.com/for-press-games/lost-ruins-of-arnak-the-missing-expedition,2026-09-20,,not_recorded,,,not_verified,,2023,released,not_checked,https://www.czechgames.com/games/lost-ruins-of-arnak-the-missing-expedition,https://www.czechgames.com/for-press-games/lost-ruins-of-arnak-the-missing-expedition,publisher,product_detail,product_name;base_game_association;what_it_adds;base_requirement,core_facts_verified,2026-09-20,web_retrieval_or_search_index; not a legal/license audit,edition;recommendation;editorial_human_review,not_established,US; regional availability not guaranteed,,,,,2026-09-20T14:35:11+00:00,fetch_failed,identity_not_established,https://www.czechgames.com/games/lost-ruins-of-arnak-the-missing-expedition,,src-b305d0b3d5c9a745,not_established,,,
rec_1dde15e2b0b257,prd_af09caf331283c,game_lost-ruins-of-arnak,Lost Ruins of Arnak,lost-ruins-of-arnak,Twisted Paths,Czech Games Edition,expansion,,product_facts_checked,fact_checked_draft_needs_editorial_review,yes,no,Lost Ruins of Arnak,"[[""Lost Ruins of Arnak""]]",publisher_confirmed,true,,Compatible with other Arnak expansions; campaign in The Missing Expedition is specifically solo/two-player.,Same gameplay expansion included in Adventure Chest. Also reprints Purple Rival and Rival Objectives print-and-play content.,,"Double-sided map with Owl and Spider temples, dark tablets, additional encounters and solo Rival content.",product_or_cycle_description,,not_established,1,4,publisher_product_listing,Owner wants new temple tracks/maps.,consider_for_stated_use,2,Owner wants new temple tracks/maps.,Provides the gameplay expansion without paying for the Adventure Chest storage box.,editorial_draft_mechanics_based,editorial_inference_from_publisher_mechanics_not_playtesting,stated_use_case_only_not_universal_rank,https://www.czechgames.com/games/lost-ruins-of-arnak-twisted-paths,34.99,displayed_catalog_price_not_live_quote,20_to_39_99,https://store.czechgames.com/products/lost-ruins-of-arnak-twisted-paths,2026-09-20,https://store.czechgames.com/products/lost-ruins-of-arnak-twisted-paths,source_product_page_not_checkout_tested,,,not_verified,,2025,released,not_checked,https://www.czechgames.com/games/lost-ruins-of-arnak-twisted-paths,,publisher,product_detail,product_name;base_game_association;what_it_adds;base_requirement,core_facts_verified,2026-09-20,web_retrieval_or_search_index; not a legal/license audit,edition;recommendation;editorial_human_review,not_established,US; regional availability not guaranteed,,,,,2026-09-20T14:35:11+00:00,fetch_failed,identity_not_established,https://www.czechgames.com/games/lost-ruins-of-arnak-twisted-paths,,src-23d3d9e0d5165438,not_established,,,
rec_1e70741d461147,prd_0827dfd9499a36,game_lunar-rush,Lunar Rush,lunar-rush,Plasma Thrusters Promo,Dead Alive Games,official_promo,,secondary_catalog_identity,hold_for_product_detail_verification,unknown,unknown,,,not_verified,false,,,,,Promotional gameplay content; exact effects and required editions not independently checked.,format_level_only,,not_established,,,,,,,,,not_assessed,,,,,,,,,,not_recorded,,,not_verified,,,unknown,not_checked,,https://boardgamegeekstore.com/collections/bgg-store-promos,specialist_retailer,retailer_catalog,product_name;base_game_association,secondary_catalog_details_pending,2026-09-20,web_retrieval_or_search_index; not a legal/license audit,product_rulebook;prerequisites;edition;recommendation;retailer_identity_only,not_established,US; regional availability not guaranteed,,,,,2026-09-20T14:35:11+00:00,fetch_failed,identity_not_established,https://boardgamegeekstore.com/collections/bgg-store-promos,,src-01c27471df6176f4,not_established,base_game_requirement | edition_compatibility_notes,,
rec_4c037ea3f2a951,prd_0d518b6c7f0a0d,game_lunar-rush,Lunar Rush,lunar-rush,Wondrous Replicator Promo,Dead Alive Games,official_promo,,secondary_catalog_identity,hold_for_product_detail_verification,unknown,unknown,,,not_verified,false,,,,,Promotional gameplay content; exact effects and required editions not independently checked.,format_level_only,,not_established,,,,,,,,,not_assessed,,,,,,,,,,not_recorded,,,not_verified,,,unknown,not_checked,,https://boardgamegeekstore.com/collections/bgg-store-promos,specialist_retailer,retailer_catalog,product_name;base_game_association,secondary_catalog_details_pending,2026-09-20,web_retrieval_or_search_index; not a legal/license audit,product_rulebook;prerequisites;edition;recommendation;retailer_identity_only,not_established,US; regional availability not guaranteed,,,,,2026-09-20T14:35:11+00:00,fetch_failed,identity_not_established,https://boardgamegeekstore.com/collections/bgg-store-promos,,src-01c27471df6176f4,not_established,base_game_requirement | edition_compatibility_notes,,
rec_1ac888f8fc393d,prd_4ff1e143e8bf72,game_machi-koro-2,Machi Koro 2,machi-koro-2,Landmarks Promo,,official_promo,,secondary_catalog_identity,hold_for_product_detail_verification,unknown,unknown,,,not_verified,false,,,,,Promotional gameplay content; exact effects and required editions not independently checked.,format_level_only,,not_established,,,,,,,,,not_assessed,,,,,,,,,,not_recorded,,,not_verified,,,unknown,not_checked,,https://boardgamegeekstore.com/collections/bgg-store-promos?page=3,specialist_retailer,retailer_catalog,product_name;base_game_association,secondary_catalog_details_pending,2026-09-20,web_retrieval_or_search_index; not a legal/license audit,product_rulebook;prerequisites;edition;recommendation;retailer_identity_only,not_established,US; regional availability not guaranteed,,,,,2026-09-20T14:35:11+00:00,fetch_failed,identity_not_established,https://boardgamegeekstore.com/collections/bgg-store-promos?page=3,,src-1d4913c5e78cfab9,not_established,base_game_requirement | edition_compatibility_notes,,
rec_f94a9367bb8507,prd_ade846b897ff79,game_mansions-of-madness-second-edition,Mansions of Madness: Second Edition,mansions-of-madness-second-edition,Beyond the Threshold,Fantasy Flight Games,expansion,,primary_catalog_identity,hold_for_product_detail_verification,unknown,unknown,,,not_verified,false,,The publisher support index identifies these titles. A linked rulebook was not assumed to establish every component prerequisite.,,,,not_recorded,,not_established,,,,,,,,,not_assessed,,,,,,,,,,not_recorded,,,not_verified,,,unknown,not_checked,https://www.fantasyflightgames.com/en/products/mansions-of-madness-second-edition/,,publisher,publisher_rules_index,product_name;base_game_association,catalog_verified_details_pending,2026-09-20,web_retrieval_or_search_index; not a legal/license audit,prerequisites;edition;product_details;recommendation,not_established,US; regional availability not guaranteed,,,,,2026-09-20T14:35:11+00:00,fetch_failed,identity_not_established,https://www.fantasyflightgames.com/en/products/mansions-of-madness-second-edition/,,src-c96576e7367685a6,not_established,what_it_adds | base_game_requirement,,
rec_08026d35366643,prd_e70456b45194e9,game_mansions-of-madness-second-edition,Mansions of Madness: Second Edition,mansions-of-madness-second-edition,Horrific Journeys,Fantasy Flight Games,expansion,,primary_catalog_identity,hold_for_product_detail_verification,unknown,unknown,,,not_verified,false,,The publisher support index identifies these titles. A linked rulebook was not assumed to establish every component prerequisite.,,,,not_recorded,,not_established,,,,,,,,,not_assessed,,,,,,,,,,not_recorded,,,not_verified,,,unknown,not_checked,https://www.fantasyflightgames.com/en/products/mansions-of-madness-second-edition/,,publisher,publisher_rules_index,product_name;base_game_association,catalog_verified_details_pending,2026-09-20,web_retrieval_or_search_index; not a legal/license audit,prerequisites;edition;product_details;recommendation,not_established,US; regional availability not guaranteed,,,,,2026-09-20T14:35:11+00:00,fetch_failed,identity_not_established,https://www.fantasyflightgames.com/en/products/mansions-of-madness-second-edition/,,src-c96576e7367685a6,not_established,what_it_adds | base_game_requirement,,
rec_2571ec262f2715,prd_14b2d0fd127ebf,game_mansions-of-madness-second-edition,Mansions of Madness: Second Edition,mansions-of-madness-second-edition,Path of the Serpent,Fantasy Flight Games,expansion,,primary_catalog_identity,hold_for_product_detail_verification,unknown,unknown,,,not_verified,false,,The publisher support index identifies these titles. A linked rulebook was not assumed to establish every component prerequisite.,,,,not_recorded,,not_established,,,,,,,,,not_assessed,,,,,,,,,,not_recorded,,,not_verified,,,unknown,not_checked,https://www.fantasyflightgames.com/en/products/mansions-of-madness-second-edition/,,publisher,publisher_rules_index,product_name;base_game_association,catalog_verified_details_pending,2026-09-20,web_retrieval_or_search_index; not a legal/license audit,prerequisites;edition;product_details;recommendation,not_established,US; regional availability not guaranteed,,,,,2026-09-20T14:35:11+00:00,fetch_failed,identity_not_established,https://www.fantasyflightgames.com/en/products/mansions-of-madness-second-edition/,,src-c96576e7367685a6,not_established,what_it_adds | base_game_requirement,,
rec_e929ec69031b02,prd_cce584a3c5317c,game_mansions-of-madness-second-edition,Mansions of Madness: Second Edition,mansions-of-madness-second-edition,Recurring Nightmares Figure and Tile Collection,Fantasy Flight Games,legacy_content_conversion_collection,,product_facts_checked,fact_checked_draft_needs_editorial_review,yes,no,Mansions of Madness Second Edition + its conversion kit + companion app.,,publisher_confirmed_conditional,false,,,Duplicates the original first-edition base-game figures and tiles. Original owners can use their existing components rather than rebuy this collection.,,First-edition figures and tiles that unlock second-edition map/scenario content when used with the conversion kit.,product_or_cycle_description,,not_established,,,,,,,,,not_assessed,,,,,,,,,,not_recorded,,,not_verified,,,unknown,not_checked,https://www.fantasyflightgames.com/en/news/2016/8/12/a-horror-without-end/,,publisher,product_announcement,product_name;base_game_association;what_it_adds;prerequisite_chain;content_overlap,core_facts_verified,2026-09-20,web_retrieval_or_search_index; not a legal/license audit,conversion_kit_in_owned_printing;app_support;current_availability;recommendation,not_established,US; regional availability not guaranteed,,,,,2026-09-20T14:35:11+00:00,fetch_failed,identity_not_established,https://www.fantasyflightgames.com/en/news/2016/8/12/a-horror-without-end/,,src-4b5d4d2c16cc6a0c,not_established,edition_compatibility_notes,,
rec_819100c00d04f4,prd_4c5aeae91e783b,game_mansions-of-madness-second-edition,Mansions of Madness: Second Edition,mansions-of-madness-second-edition,Sanctum of Twilight,Fantasy Flight Games,expansion,,primary_catalog_identity,hold_for_product_detail_verification,unknown,unknown,,,not_verified,false,,The publisher support index identifies these titles. A linked rulebook was not assumed to establish every component prerequisite.,,,,not_recorded,,not_established,,,,,,,,,not_assessed,,,,,,,,,,not_recorded,,,not_verified,,,unknown,not_checked,https://www.fantasyflightgames.com/en/products/mansions-of-madness-second-edition/,,publisher,publisher_rules_index,product_name;base_game_association,catalog_verified_details_pending,2026-09-20,web_retrieval_or_search_index; not a legal/license audit,prerequisites;edition;product_details;recommendation,not_established,US; regional availability not guaranteed,,,,,2026-09-20T14:35:11+00:00,fetch_failed,identity_not_established,https://www.fantasyflightgames.com/en/products/mansions-of-madness-second-edition/,,src-c96576e7367685a6,not_established,what_it_adds | base_game_requirement,,
rec_172e7d310ad54e,prd_26256d6849b0fb,game_mansions-of-madness-second-edition,Mansions of Madness: Second Edition,mansions-of-madness-second-edition,Streets of Arkham,Fantasy Flight Games,expansion,,primary_catalog_identity,hold_for_product_detail_verification,unknown,unknown,,,not_verified,false,,The publisher support index identifies these titles. A linked rulebook was not assumed to establish every component prerequisite.,,,,not_recorded,,not_established,,,,,,,,,not_assessed,,,,,,,,,,not_recorded,,,not_verified,,,unknown,not_checked,https://www.fantasyflightgames.com/en/products/mansions-of-madness-second-edition/,,publisher,publisher_rules_index,product_name;base_game_association,catalog_verified_details_pending,2026-09-20,web_retrieval_or_search_index; not a legal/license audit,prerequisites;edition;product_details;recommendation,not_established,US; regional availability not guaranteed,,,,,2026-09-20T14:35:11+00:00,fetch_failed,identity_not_established,https://www.fantasyflightgames.com/en/products/mansions-of-madness-second-edition/,,src-c96576e7367685a6,not_established,what_it_adds | base_game_requirement,,
rec_ad4af2f9e801cd,prd_08729723b9bcc6,game_mansions-of-madness-second-edition,Mansions of Madness: Second Edition,mansions-of-madness-second-edition,Suppressed Memories Figure and Tile Collection,Fantasy Flight Games,legacy_content_conversion_collection,,product_facts_checked,fact_checked_draft_needs_editorial_review,yes,no,Mansions of Madness Second Edition + its conversion kit + companion app.,,publisher_confirmed_conditional,false,,,Duplicates figures and tiles from first-edition Call of the Wild and Forbidden Alchemy. Original owners can use their existing components rather than rebuy this collection.,,First-edition figures and tiles that unlock second-edition map/scenario content when used with the conversion kit.,product_or_cycle_description,,not_established,,,,,,,,,not_assessed,,,,,,,,,,not_recorded,,,not_verified,,,out_of_print,not_checked,https://www.fantasyflightgames.com/en/news/2016/8/12/a-horror-without-end/,https://www.fantasyflightgames.com/en/products/mansions-of-madness-second-edition/products/suppressed-memories-figure-and-tile-collection/,publisher,product_announcement,product_name;base_game_association;what_it_adds;prerequisite_chain;content_overlap,core_facts_verified,2026-09-20,web_retrieval_or_search_index; not a legal/license audit,conversion_kit_in_owned_printing;app_support;current_availability;recommendation,not_established,US; regional availability not guaranteed,,,,,2026-09-20T14:35:11+00:00,fetch_failed,identity_not_established,https://www.fantasyflightgames.com/en/products/mansions-of-madness-second-edition/products/suppressed-memories-figure-and-tile-collection/,,src-f7c41ac6d1937cfe,not_established,edition_compatibility_notes,,
rec_4d19cec33dd99e,prd_2fa3442a8bde53,game_marvel-champions-the-card-game,Marvel Champions: The Card Game,marvel-champions-the-card-game,Age of Apocalypse,Fantasy Flight Games,large_box_card_expansion,,secondary_catalog_identity,hold_for_product_detail_verification,unknown,unknown,,,not_verified,false,Marvel Champions core set; verify any additional scenario-specific requirements.,,,,A larger fixed-content expansion with new scenario and player content; inspect product rules for its campaign or competitive format.,format_level_only,,not_established,,,,,,,,,not_assessed,,,,,,,,,,not_recorded,,,not_verified,,,unknown,not_checked,,https://raw.githubusercontent.com/zzorba/marvelsdb-json-data/master/packs.json,community_database,structured_pack_catalog,product_name;base_game_association;product_type,secondary_catalog_details_pending,2026-09-20,web_retrieval_or_search_index; not a legal/license audit,official_product_detail;release_status;recommendation,not_established,US; regional availability not guaranteed,,,,,2026-09-20T14:35:11+00:00,fetch_failed,identity_not_established,https://raw.githubusercontent.com/zzorba/marvelsdb-json-data/master/packs.json,,src-69c326fb23ebe53e,not_established,base_game_requirement | edition_compatibility_notes,,
rec_d822bd3df002d1,prd_59e6deb66c4a3e,game_marvel-champions-the-card-game,Marvel Champions: The Card Game,marvel-champions-the-card-game,Agents of S.H.I.E.L.D.,Fantasy Flight Games,large_box_card_expansion,,secondary_catalog_identity,hold_for_product_detail_verification,unknown,unknown,,,not_verified,false,Marvel Champions core set; verify any additional scenario-specific requirements.,,,,A larger fixed-content expansion with new scenario and player content; inspect product rules for its campaign or competitive format.,format_level_only,,not_established,,,,,,,,,not_assessed,,,,,,,,,,not_recorded,,,not_verified,,,unknown,not_checked,,https://raw.githubusercontent.com/zzorba/marvelsdb-json-data/master/packs.json,community_database,structured_pack_catalog,product_name;base_game_association;product_type,secondary_catalog_details_pending,2026-09-20,web_retrieval_or_search_index; not a legal/license audit,official_product_detail;release_status;recommendation,not_established,US; regional availability not guaranteed,,,,,2026-09-20T14:35:11+00:00,fetch_failed,identity_not_established,https://raw.githubusercontent.com/zzorba/marvelsdb-json-data/master/packs.json,,src-69c326fb23ebe53e,not_established,base_game_requirement | edition_compatibility_notes,,
rec_bf5ab8f2186089,prd_c3ff9cefe9e9f0,game_marvel-champions-the-card-game,Marvel Champions: The Card Game,marvel-champions-the-card-game,Angel Hero Pack,Fantasy Flight Games,hero_pack,,secondary_catalog_identity,hold_for_product_detail_verification,unknown,unknown,,,not_verified,false,Marvel Champions core set; verify any additional scenario-specific requirements.,,,,A fixed-content hero deck and additional player cards.,format_level_only,,not_established,,,,,,,,,not_assessed,,,,,,,,,,not_recorded,,,not_verified,,,unknown,not_checked,,https://raw.githubusercontent.com/zzorba/marvelsdb-json-data/master/packs.json,community_database,structured_pack_catalog,product_name;base_game_association;product_type,secondary_catalog_details_pending,2026-09-20,web_retrieval_or_search_index; not a legal/license audit,official_product_detail;release_status;recommendation,not_established,US; regional availability not guaranteed,,,,,2026-09-20T14:35:11+00:00,fetch_failed,identity_not_established,https://raw.githubusercontent.com/zzorba/marvelsdb-json-data/master/packs.json,,src-69c326fb23ebe53e,not_established,base_game_requirement | edition_compatibility_notes,,
rec_015136e1e171ac,prd_18bc8351a0b59c,game_marvel-champions-the-card-game,Marvel Champions: The Card Game,marvel-champions-the-card-game,Ant-Man Hero Pack,Fantasy Flight Games,hero_pack,,secondary_catalog_identity,hold_for_product_detail_verification,unknown,unknown,,,not_verified,false,Marvel Champions core set; verify any additional scenario-specific requirements.,,,,A fixed-content hero deck and additional player cards.,format_level_only,,not_established,,,,,,,,,not_assessed,,,,,,,,,,not_recorded,,,not_verified,,,unknown,not_checked,,https://raw.githubusercontent.com/zzorba/marvelsdb-json-data/master/packs.json,community_database,structured_pack_catalog,product_name;base_game_association;product_type,secondary_catalog_details_pending,2026-09-20,web_retrieval_or_search_index; not a legal/license audit,official_product_detail;release_status;recommendation,not_established,US; regional availability not guaranteed,,,,,2026-09-20T14:35:11+00:00,fetch_failed,identity_not_established,https://raw.githubusercontent.com/zzorba/marvelsdb-json-data/master/packs.json,,src-69c326fb23ebe53e,not_established,base_game_requirement | edition_compatibility_notes,,
rec_a646c9c7126ec4,prd_ea13ca28bb0464,game_marvel-champions-the-card-game,Marvel Champions: The Card Game,marvel-champions-the-card-game,Black Panther (Shuri) Hero Pack,Fantasy Flight Games,hero_pack,,product_facts_checked,fact_checked_draft_needs_editorial_review,yes,no,Marvel Champions core set; verify any additional scenario-specific requirements.,"[[""Marvel Champions: The Card Game""]]",publisher_confirmed,true,,The core set is required. Regional launch dates may differ; no database date is treated as a verified US street date.,,,A fixed-content hero deck and additional player cards.,format_level_only,,not_established,,,,,,,,,not_assessed,,,,,,,,,,not_recorded,,,not_verified,,,released,not_checked,https://www.fantasyflightgames.com/en/news/2025/4/18/available-now-april-18-1/,https://raw.githubusercontent.com/zzorba/marvelsdb-json-data/master/packs.json,publisher_and_community_database,product_announcement,product_name;base_game_association;product_type;base_requirement;what_it_adds,core_facts_verified,2026-09-20,web_retrieval_or_search_index; not a legal/license audit,recommendation,not_established,US; regional availability not guaranteed,,,,,2026-09-20T14:35:11+00:00,fetch_failed,identity_not_established,https://www.fantasyflightgames.com/en/news/2025/4/18/available-now-april-18-1/,,src-c8cede03258f3cad,not_established,,,
rec_74c875d46316f0,prd_ef4be0adcddd95,game_marvel-champions-the-card-game,Marvel Champions: The Card Game,marvel-champions-the-card-game,Black Widow Hero Pack,Fantasy Flight Games,hero_pack,,secondary_catalog_identity,hold_for_product_detail_verification,unknown,unknown,,,not_verified,false,Marvel Champions core set; verify any additional scenario-specific requirements.,,,,A fixed-content hero deck and additional player cards.,format_level_only,,not_established,,,,,,,,,not_assessed,,,,,,,,,,not_recorded,,,not_verified,,,unknown,not_checked,,https://raw.githubusercontent.com/zzorba/marvelsdb-json-data/master/packs.json,community_database,structured_pack_catalog,product_name;base_game_association;product_type,secondary_catalog_details_pending,2026-09-20,web_retrieval_or_search_index; not a legal/license audit,official_product_detail;release_status;recommendation,not_established,US; regional availability not guaranteed,,,,,2026-09-20T14:35:11+00:00,fetch_failed,identity_not_established,https://raw.githubusercontent.com/zzorba/marvelsdb-json-data/master/packs.json,,src-69c326fb23ebe53e,not_established,base_game_requirement | edition_compatibility_notes,,
rec_148f352ee48308,prd_8d278699d11b38,game_marvel-champions-the-card-game,Marvel Champions: The Card Game,marvel-champions-the-card-game,Captain America Hero Pack,Fantasy Flight Games,hero_pack,,secondary_catalog_identity,hold_for_product_detail_verification,unknown,unknown,,,not_verified,false,Marvel Champions core set; verify any additional scenario-specific requirements.,,,,A fixed-content hero deck and additional player cards.,format_level_only,,not_established,,,,,,,,,not_assessed,,,,,,,,,,not_recorded,,,not_verified,,,unknown,not_checked,,https://raw.githubusercontent.com/zzorba/marvelsdb-json-data/master/packs.json,community_database,structured_pack_catalog,product_name;base_game_association;product_type,secondary_catalog_details_pending,2026-09-20,web_retrieval_or_search_index; not a legal/license audit,official_product_detail;release_status;recommendation,not_established,US; regional availability not guaranteed,,,,,2026-09-20T14:35:11+00:00,fetch_failed,identity_not_established,https://raw.githubusercontent.com/zzorba/marvelsdb-json-data/master/packs.json,,src-69c326fb23ebe53e,not_established,base_game_requirement | edition_compatibility_notes,,
rec_fcfcba6010d222,prd_99de621af5b391,game_marvel-champions-the-card-game,Marvel Champions: The Card Game,marvel-champions-the-card-game,Civil War,Fantasy Flight Games,large_box_card_expansion,,secondary_catalog_identity,hold_for_product_detail_verification,unknown,unknown,,,not_verified,false,Marvel Champions core set; verify any additional scenario-specific requirements.,,,,A larger fixed-content expansion with new scenario and player content; inspect product rules for its campaign or competitive format.,format_level_only,,not_established,,,,,,,,,not_assessed,,,,,,,,,,not_recorded,,,not_verified,,,unknown,not_checked,,https://raw.githubusercontent.com/zzorba/marvelsdb-json-data/master/packs.json,community_database,structured_pack_catalog,product_name;base_game_association;product_type,secondary_catalog_details_pending,2026-09-20,web_retrieval_or_search_index; not a legal/license audit,official_product_detail;release_status;recommendation,not_established,US; regional availability not guaranteed,,,,,2026-09-20T14:35:11+00:00,fetch_failed,identity_not_established,https://raw.githubusercontent.com/zzorba/marvelsdb-json-data/master/packs.json,,src-69c326fb23ebe53e,not_established,base_game_requirement | edition_compatibility_notes,,
rec_28c533d497f528,prd_64dc3880931cdb,game_marvel-champions-the-card-game,Marvel Champions: The Card Game,marvel-champions-the-card-game,Cyclops Hero Pack,Fantasy Flight Games,hero_pack,,secondary_catalog_identity,hold_for_product_detail_verification,unknown,unknown,,,not_verified,false,Marvel Champions core set; verify any additional scenario-specific requirements.,,,,A fixed-content hero deck and additional player cards.,format_level_only,,not_established,,,,,,,,,not_assessed,,,,,,,,,,not_recorded,,,not_verified,,,unknown,not_checked,,https://raw.githubusercontent.com/zzorba/marvelsdb-json-data/master/packs.json,community_database,structured_pack_catalog,product_name;base_game_association;product_type,secondary_catalog_details_pending,2026-09-20,web_retrieval_or_search_index; not a legal/license audit,official_product_detail;release_status;recommendation,not_established,US; regional availability not guaranteed,,,,,2026-09-20T14:35:11+00:00,fetch_failed,identity_not_established,https://raw.githubusercontent.com/zzorba/marvelsdb-json-data/master/packs.json,,src-69c326fb23ebe53e,not_established,base_game_requirement | edition_compatibility_notes,,
rec_1dbc4a4e071671,prd_183e7f5a485909,game_marvel-champions-the-card-game,Marvel Champions: The Card Game,marvel-champions-the-card-game,Deadpool Hero Pack,Fantasy Flight Games,hero_pack,,secondary_catalog_identity,hold_for_product_detail_verification,unknown,unknown,,,not_verified,false,Marvel Champions core set; verify any additional scenario-specific requirements.,,,,A fixed-content hero deck and additional player cards.,format_level_only,,not_established,,,,,,,,,not_assessed,,,,,,,,,,not_recorded,,,not_verified,,,unknown,not_checked,,https://raw.githubusercontent.com/zzorba/marvelsdb-json-data/master/packs.json,community_database,structured_pack_catalog,product_name;base_game_association;product_type,secondary_catalog_details_pending,2026-09-20,web_retrieval_or_search_index; not a legal/license audit,official_product_detail;release_status;recommendation,not_established,US; regional availability not guaranteed,,,,,2026-09-20T14:35:11+00:00,fetch_failed,identity_not_established,https://raw.githubusercontent.com/zzorba/marvelsdb-json-data/master/packs.json,,src-69c326fb23ebe53e,not_established,base_game_requirement | edition_compatibility_notes,,
rec_63dc71cda5c04e,prd_40add00f42f6d4,game_marvel-champions-the-card-game,Marvel Champions: The Card Game,marvel-champions-the-card-game,Doctor Strange Hero Pack,Fantasy Flight Games,hero_pack,,secondary_catalog_identity,hold_for_product_detail_verification,unknown,unknown,,,not_verified,false,Marvel Champions core set; verify any additional scenario-specific requirements.,,,,A fixed-content hero deck and additional player cards.,format_level_only,,not_established,,,,,,,,,not_assessed,,,,,,,,,,not_recorded,,,not_verified,,,unknown,not_checked,,https://raw.githubusercontent.com/zzorba/marvelsdb-json-data/master/packs.json,community_database,structured_pack_catalog,product_name;base_game_association;product_type,secondary_catalog_details_pending,2026-09-20,web_retrieval_or_search_index; not a legal/license audit,official_product_detail;release_status;recommendation,not_established,US; regional availability not guaranteed,,,,,2026-09-20T14:35:11+00:00,fetch_failed,identity_not_established,https://raw.githubusercontent.com/zzorba/marvelsdb-json-data/master/packs.json,,src-69c326fb23ebe53e,not_established,base_game_requirement | edition_compatibility_notes,,
rec_2693babb726405,prd_bf098d3b6d1a22,game_marvel-champions-the-card-game,Marvel Champions: The Card Game,marvel-champions-the-card-game,Drax Hero Pack,Fantasy Flight Games,hero_pack,,secondary_catalog_identity,hold_for_product_detail_verification,unknown,unknown,,,not_verified,false,Marvel Champions core set; verify any additional scenario-specific requirements.,,,,A fixed-content hero deck and additional player cards.,format_level_only,,not_established,,,,,,,,,not_assessed,,,,,,,,,,not_recorded,,,not_verified,,,unknown,not_checked,,https://raw.githubusercontent.com/zzorba/marvelsdb-json-data/master/packs.json,community_database,structured_pack_catalog,product_name;base_game_association;product_type,secondary_catalog_details_pending,2026-09-20,web_retrieval_or_search_index; not a legal/license audit,official_product_detail;release_status;recommendation,not_established,US; regional availability not guaranteed,,,,,2026-09-20T14:35:11+00:00,fetch_failed,identity_not_established,https://raw.githubusercontent.com/zzorba/marvelsdb-json-data/master/packs.json,,src-69c326fb23ebe53e,not_established,base_game_requirement | edition_compatibility_notes,,
rec_4d754352010bda,prd_39ffd48fa5c8a7,game_marvel-champions-the-card-game,Marvel Champions: The Card Game,marvel-champions-the-card-game,Elektra Hero Pack,Fantasy Flight Games,hero_pack,,primary_catalog_identity,hold_for_product_detail_verification,unknown,unknown,,,not_verified,false,,,,,,not_recorded,,not_established,,,,,,,,,not_assessed,,,,,,,,,,not_recorded,,,not_verified,,,unknown,not_checked,https://store.asmodee.com/collections/marvel-champions-lcg,,publisher,catalog,product_name;base_game_association,catalog_verified_details_pending,2026-09-20,web_retrieval_or_search_index; not a legal/license audit,release_status;prerequisites;recommendation,not_established,US; regional availability not guaranteed,,,,,2026-09-20T14:35:11+00:00,fetch_failed,identity_not_established,https://store.asmodee.com/collections/marvel-champions-lcg,,src-22a024fc2df0b1e8,not_established,what_it_adds | base_game_requirement | edition_compatibility_notes,,
rec_22df3d72d39759,prd_8830aa9c29e55d,game_marvel-champions-the-card-game,Marvel Champions: The Card Game,marvel-champions-the-card-game,Falcon Hero Pack,Fantasy Flight Games,hero_pack,,secondary_catalog_identity,hold_for_product_detail_verification,unknown,unknown,,,not_verified,false,Marvel Champions core set; verify any additional scenario-specific requirements.,,,,A fixed-content hero deck and additional player cards.,format_level_only,,not_established,,,,,,,,,not_assessed,,,,,,,,,,not_recorded,,,not_verified,,,unknown,not_checked,,https://raw.githubusercontent.com/zzorba/marvelsdb-json-data/master/packs.json,community_database,structured_pack_catalog,product_name;base_game_association;product_type,secondary_catalog_details_pending,2026-09-20,web_retrieval_or_search_index; not a legal/license audit,official_product_detail;release_status;recommendation,not_established,US; regional availability not guaranteed,,,,,2026-09-20T14:35:11+00:00,fetch_failed,identity_not_established,https://raw.githubusercontent.com/zzorba/marvelsdb-json-data/master/packs.json,,src-69c326fb23ebe53e,not_established,base_game_requirement | edition_compatibility_notes,,
rec_f7b385579f67a9,prd_ffca72418ca561,game_marvel-champions-the-card-game,Marvel Champions: The Card Game,marvel-champions-the-card-game,Fear No Evil,Fantasy Flight Games,large_box_card_expansion,,secondary_catalog_identity,hold_for_product_detail_verification,unknown,unknown,,,not_verified,false,Marvel Champions core set; verify any additional scenario-specific requirements.,,,,A larger fixed-content expansion with new scenario and player content; inspect product rules for its campaign or competitive format.,format_level_only,,not_established,,,,,,,,,not_assessed,,,,,,,,,,not_recorded,,,not_verified,,,unknown,not_checked,,https://raw.githubusercontent.com/zzorba/marvelsdb-json-data/master/packs.json,community_database,structured_pack_catalog,product_name;base_game_association;product_type,secondary_catalog_details_pending,2026-09-20,web_retrieval_or_search_index; not a legal/license audit,official_product_detail;release_status;recommendation,not_established,US; regional availability not guaranteed,,,,,2026-09-20T14:35:11+00:00,fetch_failed,identity_not_established,https://raw.githubusercontent.com/zzorba/marvelsdb-json-data/master/packs.json,,src-69c326fb23ebe53e,not_established,base_game_requirement | edition_compatibility_notes,,
rec_00ee5da8497136,prd_0dc64337e9ffc7,game_marvel-champions-the-card-game,Marvel Champions: The Card Game,marvel-champions-the-card-game,Gambit Hero Pack,Fantasy Flight Games,hero_pack,,secondary_catalog_identity,hold_for_product_detail_verification,unknown,unknown,,,not_verified,false,Marvel Champions core set; verify any additional scenario-specific requirements.,,,,A fixed-content hero deck and additional player cards.,format_level_only,,not_established,,,,,,,,,not_assessed,,,,,,,,,,not_recorded,,,not_verified,,,unknown,not_checked,,https://raw.githubusercontent.com/zzorba/marvelsdb-json-data/master/packs.json,community_database,structured_pack_catalog,product_name;base_game_association;product_type,secondary_catalog_details_pending,2026-09-20,web_retrieval_or_search_index; not a legal/license audit,official_product_detail;release_status;recommendation,not_established,US; regional availability not guaranteed,,,,,2026-09-20T14:35:11+00:00,fetch_failed,identity_not_established,https://raw.githubusercontent.com/zzorba/marvelsdb-json-data/master/packs.json,,src-69c326fb23ebe53e,not_established,base_game_requirement | edition_compatibility_notes,,
rec_ee678fda3105e9,prd_33909cd12805a9,game_marvel-champions-the-card-game,Marvel Champions: The Card Game,marvel-champions-the-card-game,Gamora Hero Pack,Fantasy Flight Games,hero_pack,,secondary_catalog_identity,hold_for_product_detail_verification,unknown,unknown,,,not_verified,false,Marvel Champions core set; verify any additional scenario-specific requirements.,,,,A fixed-content hero deck and additional player cards.,format_level_only,,not_established,,,,,,,,,not_assessed,,,,,,,,,,not_recorded,,,not_verified,,,unknown,not_checked,,https://raw.githubusercontent.com/zzorba/marvelsdb-json-data/master/packs.json,community_database,structured_pack_catalog,product_name;base_game_association;product_type,secondary_catalog_details_pending,2026-09-20,web_retrieval_or_search_index; not a legal/license audit,official_product_detail;release_status;recommendation,not_established,US; regional availability not guaranteed,,,,,2026-09-20T14:35:11+00:00,fetch_failed,identity_not_established,https://raw.githubusercontent.com/zzorba/marvelsdb-json-data/master/packs.json,,src-69c326fb23ebe53e,not_established,base_game_requirement | edition_compatibility_notes,,
rec_a4cfc00d4adada,prd_b9da15f973b86f,game_marvel-champions-the-card-game,Marvel Champions: The Card Game,marvel-champions-the-card-game,Hercules Hero Pack,Fantasy Flight Games,hero_pack,,product_facts_checked,fact_checked_draft_needs_editorial_review,yes,no,Marvel Champions core set; verify any additional scenario-specific requirements.,"[[""Marvel Champions: The Card Game""]]",publisher_confirmed,true,,The core set is required. Regional launch dates may differ; no database date is treated as a verified US street date.,,,A fixed-content hero deck and additional player cards.,format_level_only,,not_established,,,,,,,,,not_assessed,,,,,,,,,,not_recorded,,,not_verified,,,released,not_checked,https://www.fantasyflightgames.com/en/news/2026/2/20/available-now-february-20-1/,https://raw.githubusercontent.com/zzorba/marvelsdb-json-data/master/packs.json,publisher_and_community_database,product_announcement,product_name;base_game_association;product_type;base_requirement;what_it_adds,core_facts_verified,2026-09-20,web_retrieval_or_search_index; not a legal/license audit,recommendation,not_established,US; regional availability not guaranteed,,,,,2026-09-20T14:35:11+00:00,fetch_failed,identity_not_established,https://www.fantasyflightgames.com/en/news/2026/2/20/available-now-february-20-1/,,src-3ce27d5afb90038b,not_established,,,
rec_a6ec670a7325f2,prd_b41cb75c044df7,game_marvel-champions-the-card-game,Marvel Champions: The Card Game,marvel-champions-the-card-game,Hulk Hero Pack,Fantasy Flight Games,hero_pack,,secondary_catalog_identity,hold_for_product_detail_verification,unknown,unknown,,,not_verified,false,Marvel Champions core set; verify any additional scenario-specific requirements.,,,,A fixed-content hero deck and additional player cards.,format_level_only,,not_established,,,,,,,,,not_assessed,,,,,,,,,,not_recorded,,,not_verified,,,unknown,not_checked,,https://raw.githubusercontent.com/zzorba/marvelsdb-json-data/master/packs.json,community_database,structured_pack_catalog,product_name;base_game_association;product_type,secondary_catalog_details_pending,2026-09-20,web_retrieval_or_search_index; not a legal/license audit,official_product_detail;release_status;recommendation,not_established,US; regional availability not guaranteed,,,,,2026-09-20T14:35:11+00:00,fetch_failed,identity_not_established,https://raw.githubusercontent.com/zzorba/marvelsdb-json-data/master/packs.json,,src-69c326fb23ebe53e,not_established,base_game_requirement | edition_compatibility_notes,,
rec_6ca15d0294b098,prd_77b021dfb93461,game_marvel-champions-the-card-game,Marvel Champions: The Card Game,marvel-champions-the-card-game,Iceman Hero Pack,Fantasy Flight Games,hero_pack,,secondary_catalog_identity,hold_for_product_detail_verification,unknown,unknown,,,not_verified,false,Marvel Champions core set; verify any additional scenario-specific requirements.,,,,A fixed-content hero deck and additional player cards.,format_level_only,,not_established,,,,,,,,,not_assessed,,,,,,,,,,not_recorded,,,not_verified,,,unknown,not_checked,,https://raw.githubusercontent.com/zzorba/marvelsdb-json-data/master/packs.json,community_database,structured_pack_catalog,product_name;base_game_association;product_type,secondary_catalog_details_pending,2026-09-20,web_retrieval_or_search_index; not a legal/license audit,official_product_detail;release_status;recommendation,not_established,US; regional availability not guaranteed,,,,,2026-09-20T14:35:11+00:00,fetch_failed,identity_not_established,https://raw.githubusercontent.com/zzorba/marvelsdb-json-data/master/packs.json,,src-69c326fb23ebe53e,not_established,base_game_requirement | edition_compatibility_notes,,
rec_624d4d36173cdd,prd_e927a15eb38995,game_marvel-champions-the-card-game,Marvel Champions: The Card Game,marvel-champions-the-card-game,Ironheart Hero Pack,Fantasy Flight Games,hero_pack,,secondary_catalog_identity,hold_for_product_detail_verification,unknown,unknown,,,not_verified,false,Marvel Champions core set; verify any additional scenario-specific requirements.,,,,A fixed-content hero deck and additional player cards.,format_level_only,,not_established,,,,,,,,,not_assessed,,,,,,,,,,not_recorded,,,not_verified,,,unknown,not_checked,,https://raw.githubusercontent.com/zzorba/marvelsdb-json-data/master/packs.json,community_database,structured_pack_catalog,product_name;base_game_association;product_type,secondary_catalog_details_pending,2026-09-20,web_retrieval_or_search_index; not a legal/license audit,official_product_detail;release_status;recommendation,not_established,US; regional availability not guaranteed,,,,,2026-09-20T14:35:11+00:00,fetch_failed,identity_not_established,https://raw.githubusercontent.com/zzorba/marvelsdb-json-data/master/packs.json,,src-69c326fb23ebe53e,not_established,base_game_requirement | edition_compatibility_notes,,
rec_2f6bf488099f05,prd_5c8392c6c40478,game_marvel-champions-the-card-game,Marvel Champions: The Card Game,marvel-champions-the-card-game,Jessica Jones Hero Pack,Fantasy Flight Games,hero_pack,,secondary_catalog_identity,hold_for_product_detail_verification,unknown,unknown,,,not_verified,false,Marvel Champions core set; verify any additional scenario-specific requirements.,,,,A fixed-content hero deck and additional player cards.,format_level_only,,not_established,,,,,,,,,not_assessed,,,,,,,,,,not_recorded,,,not_verified,,,unknown,not_checked,,https://raw.githubusercontent.com/zzorba/marvelsdb-json-data/master/packs.json,community_database,structured_pack_catalog,product_name;base_game_association;product_type,secondary_catalog_details_pending,2026-09-20,web_retrieval_or_search_index; not a legal/license audit,official_product_detail;release_status;recommendation,not_established,US; regional availability not guaranteed,,,,,2026-09-20T14:35:11+00:00,fetch_failed,identity_not_established,https://raw.githubusercontent.com/zzorba/marvelsdb-json-data/master/packs.json,,src-69c326fb23ebe53e,not_established,base_game_requirement | edition_compatibility_notes,,
rec_95b45b6dae0f29,prd_4edd664a0bc1e1,game_marvel-champions-the-card-game,Marvel Champions: The Card Game,marvel-champions-the-card-game,Jubilee Hero Pack,Fantasy Flight Games,hero_pack,,secondary_catalog_identity,hold_for_product_detail_verification,unknown,unknown,,,not_verified,false,Marvel Champions core set; verify any additional scenario-specific requirements.,,,,A fixed-content hero deck and additional player cards.,format_level_only,,not_established,,,,,,,,,not_assessed,,,,,,,,,,not_recorded,,,not_verified,,,unknown,not_checked,,https://raw.githubusercontent.com/zzorba/marvelsdb-json-data/master/packs.json,community_database,structured_pack_catalog,product_name;base_game_association;product_type,secondary_catalog_details_pending,2026-09-20,web_retrieval_or_search_index; not a legal/license audit,official_product_detail;release_status;recommendation,not_established,US; regional availability not guaranteed,,,,,2026-09-20T14:35:11+00:00,fetch_failed,identity_not_established,https://raw.githubusercontent.com/zzorba/marvelsdb-json-data/master/packs.json,,src-69c326fb23ebe53e,not_established,base_game_requirement | edition_compatibility_notes,,
rec_3a71013d14e739,prd_d787f13da59aea,game_marvel-champions-the-card-game,Marvel Champions: The Card Game,marvel-champions-the-card-game,Luke Cage Hero Pack,Fantasy Flight Games,hero_pack,,secondary_catalog_identity,hold_for_product_detail_verification,unknown,unknown,,,not_verified,false,Marvel Champions core set; verify any additional scenario-specific requirements.,,,,A fixed-content hero deck and additional player cards.,format_level_only,,not_established,,,,,,,,,not_assessed,,,,,,,,,,not_recorded,,,not_verified,,,unknown,not_checked,,https://raw.githubusercontent.com/zzorba/marvelsdb-json-data/master/packs.json,community_database,structured_pack_catalog,product_name;base_game_association;product_type,secondary_catalog_details_pending,2026-09-20,web_retrieval_or_search_index; not a legal/license audit,official_product_detail;release_status;recommendation,not_established,US; regional availability not guaranteed,,,,,2026-09-20T14:35:11+00:00,fetch_failed,identity_not_established,https://raw.githubusercontent.com/zzorba/marvelsdb-json-data/master/packs.json,,src-69c326fb23ebe53e,not_established,base_game_requirement | edition_compatibility_notes,,
rec_391e1f0a1c449b,prd_85843ce533cdee,game_marvel-champions-the-card-game,Marvel Champions: The Card Game,marvel-champions-the-card-game,Magneto Hero Pack,Fantasy Flight Games,hero_pack,,secondary_catalog_identity,hold_for_product_detail_verification,unknown,unknown,,,not_verified,false,Marvel Champions core set; verify any additional scenario-specific requirements.,,,,A fixed-content hero deck and additional player cards.,format_level_only,,not_established,,,,,,,,,not_assessed,,,,,,,,,,not_recorded,,,not_verified,,,unknown,not_checked,,https://raw.githubusercontent.com/zzorba/marvelsdb-json-data/master/packs.json,community_database,structured_pack_catalog,product_name;base_game_association;product_type,secondary_catalog_details_pending,2026-09-20,web_retrieval_or_search_index; not a legal/license audit,official_product_detail;release_status;recommendation,not_established,US; regional availability not guaranteed,,,,,2026-09-20T14:35:11+00:00,fetch_failed,identity_not_established,https://raw.githubusercontent.com/zzorba/marvelsdb-json-data/master/packs.json,,src-69c326fb23ebe53e,not_established,base_game_requirement | edition_compatibility_notes,,
rec_742f4b1a907373,prd_04e9be83a0db4c,game_marvel-champions-the-card-game,Marvel Champions: The Card Game,marvel-champions-the-card-game,Mojo Mania Scenario Pack,Fantasy Flight Games,scenario_pack,,secondary_catalog_identity,hold_for_product_detail_verification,unknown,unknown,,,not_verified,false,Marvel Champions core set; verify any additional scenario-specific requirements.,,,,Additional scenario and encounter content.,format_level_only,,not_established,,,,,,,,,not_assessed,,,,,,,,,,not_recorded,,,not_verified,,,unknown,not_checked,,https://raw.githubusercontent.com/zzorba/marvelsdb-json-data/master/packs.json,community_database,structured_pack_catalog,product_name;base_game_association;product_type,secondary_catalog_details_pending,2026-09-20,web_retrieval_or_search_index; not a legal/license audit,official_product_detail;release_status;recommendation,not_established,US; regional availability not guaranteed,,,,,2026-09-20T14:35:11+00:00,fetch_failed,identity_not_established,https://raw.githubusercontent.com/zzorba/marvelsdb-json-data/master/packs.json,,src-69c326fb23ebe53e,not_established,base_game_requirement | edition_compatibility_notes,,
rec_48e247e752c10c,prd_f956afd6c17b97,game_marvel-champions-the-card-game,Marvel Champions: The Card Game,marvel-champions-the-card-game,Ms. Marvel Hero Pack,Fantasy Flight Games,hero_pack,,secondary_catalog_identity,hold_for_product_detail_verification,unknown,unknown,,,not_verified,false,Marvel Champions core set; verify any additional scenario-specific requirements.,,,,A fixed-content hero deck and additional player cards.,format_level_only,,not_established,,,,,,,,,not_assessed,,,,,,,,,,not_recorded,,,not_verified,,,unknown,not_checked,,https://raw.githubusercontent.com/zzorba/marvelsdb-json-data/master/packs.json,community_database,structured_pack_catalog,product_name;base_game_association;product_type,secondary_catalog_details_pending,2026-09-20,web_retrieval_or_search_index; not a legal/license audit,official_product_detail;release_status;recommendation,not_established,US; regional availability not guaranteed,,,,,2026-09-20T14:35:11+00:00,fetch_failed,identity_not_established,https://raw.githubusercontent.com/zzorba/marvelsdb-json-data/master/packs.json,,src-69c326fb23ebe53e,not_established,base_game_requirement | edition_compatibility_notes,,
rec_94eac2a694fa0c,prd_1cc7a3bc55c2e1,game_marvel-champions-the-card-game,Marvel Champions: The Card Game,marvel-champions-the-card-game,Mutant Genesis,Fantasy Flight Games,large_box_card_expansion,,secondary_catalog_identity,hold_for_product_detail_verification,unknown,unknown,,,not_verified,false,Marvel Champions core set; verify any additional scenario-specific requirements.,,,,A larger fixed-content expansion with new scenario and player content; inspect product rules for its campaign or competitive format.,format_level_only,,not_established,,,,,,,,,not_assessed,,,,,,,,,,not_recorded,,,not_verified,,,unknown,not_checked,,https://raw.githubusercontent.com/zzorba/marvelsdb-json-data/master/packs.json,community_database,structured_pack_catalog,product_name;base_game_association;product_type,secondary_catalog_details_pending,2026-09-20,web_retrieval_or_search_index; not a legal/license audit,official_product_detail;release_status;recommendation,not_established,US; regional availability not guaranteed,,,,,2026-09-20T14:35:11+00:00,fetch_failed,identity_not_established,https://raw.githubusercontent.com/zzorba/marvelsdb-json-data/master/packs.json,,src-69c326fb23ebe53e,not_established,base_game_requirement | edition_compatibility_notes,,
rec_899dae5b8ebbfa,prd_2495a3d572e0fe,game_marvel-champions-the-card-game,Marvel Champions: The Card Game,marvel-champions-the-card-game,Nebula Hero Pack,Fantasy Flight Games,hero_pack,,secondary_catalog_identity,hold_for_product_detail_verification,unknown,unknown,,,not_verified,false,Marvel Champions core set; verify any additional scenario-specific requirements.,,,,A fixed-content hero deck and additional player cards.,format_level_only,,not_established,,,,,,,,,not_assessed,,,,,,,,,,not_recorded,,,not_verified,,,unknown,not_checked,,https://raw.githubusercontent.com/zzorba/marvelsdb-json-data/master/packs.json,community_database,structured_pack_catalog,product_name;base_game_association;product_type,secondary_catalog_details_pending,2026-09-20,web_retrieval_or_search_index; not a legal/license audit,official_product_detail;release_status;recommendation,not_established,US; regional availability not guaranteed,,,,,2026-09-20T14:35:11+00:00,fetch_failed,identity_not_established,https://raw.githubusercontent.com/zzorba/marvelsdb-json-data/master/packs.json,,src-69c326fb23ebe53e,not_established,base_game_requirement | edition_compatibility_notes,,
rec_3af9d05a1c7d89,prd_1eeaed76f6aa4a,game_marvel-champions-the-card-game,Marvel Champions: The Card Game,marvel-champions-the-card-game,NeXt Evolution,Fantasy Flight Games,large_box_card_expansion,,secondary_catalog_identity,hold_for_product_detail_verification,unknown,unknown,,,not_verified,false,Marvel Champions core set; verify any additional scenario-specific requirements.,,,,A larger fixed-content expansion with new scenario and player content; inspect product rules for its campaign or competitive format.,format_level_only,,not_established,,,,,,,,,not_assessed,,,,,,,,,,not_recorded,,,not_verified,,,unknown,not_checked,,https://raw.githubusercontent.com/zzorba/marvelsdb-json-data/master/packs.json,community_database,structured_pack_catalog,product_name;base_game_association;product_type,secondary_catalog_details_pending,2026-09-20,web_retrieval_or_search_index; not a legal/license audit,official_product_detail;release_status;recommendation,not_established,US; regional availability not guaranteed,,,,,2026-09-20T14:35:11+00:00,fetch_failed,identity_not_established,https://raw.githubusercontent.com/zzorba/marvelsdb-json-data/master/packs.json,,src-69c326fb23ebe53e,not_established,base_game_requirement | edition_compatibility_notes,,
rec_0fc1390f4ac10a,prd_b34dbebfc4a7e9,game_marvel-champions-the-card-game,Marvel Champions: The Card Game,marvel-champions-the-card-game,Nightcrawler Hero Pack,Fantasy Flight Games,hero_pack,,secondary_catalog_identity,hold_for_product_detail_verification,unknown,unknown,,,not_verified,false,Marvel Champions core set; verify any additional scenario-specific requirements.,,,,A fixed-content hero deck and additional player cards.,format_level_only,,not_established,,,,,,,,,not_assessed,,,,,,,,,,not_recorded,,,not_verified,,,unknown,not_checked,,https://raw.githubusercontent.com/zzorba/marvelsdb-json-data/master/packs.json,community_database,structured_pack_catalog,product_name;base_game_association;product_type,secondary_catalog_details_pending,2026-09-20,web_retrieval_or_search_index; not a legal/license audit,official_product_detail;release_status;recommendation,not_established,US; regional availability not guaranteed,,,,,2026-09-20T14:35:11+00:00,fetch_failed,identity_not_established,https://raw.githubusercontent.com/zzorba/marvelsdb-json-data/master/packs.json,,src-69c326fb23ebe53e,not_established,base_game_requirement | edition_compatibility_notes,,
rec_cf56107adaa9a7,prd_00460ea75e8e91,game_marvel-champions-the-card-game,Marvel Champions: The Card Game,marvel-champions-the-card-game,Nova Hero Pack,Fantasy Flight Games,hero_pack,,secondary_catalog_identity,hold_for_product_detail_verification,unknown,unknown,,,not_verified,false,Marvel Champions core set; verify any additional scenario-specific requirements.,,,,A fixed-content hero deck and additional player cards.,format_level_only,,not_established,,,,,,,,,not_assessed,,,,,,,,,,not_recorded,,,not_verified,,,unknown,not_checked,,https://raw.githubusercontent.com/zzorba/marvelsdb-json-data/master/packs.json,community_database,structured_pack_catalog,product_name;base_game_association;product_type,secondary_catalog_details_pending,2026-09-20,web_retrieval_or_search_index; not a legal/license audit,official_product_detail;release_status;recommendation,not_established,US; regional availability not guaranteed,,,,,2026-09-20T14:35:11+00:00,fetch_failed,identity_not_established,https://raw.githubusercontent.com/zzorba/marvelsdb-json-data/master/packs.json,,src-69c326fb23ebe53e,not_established,base_game_requirement | edition_compatibility_notes,,
rec_f652d6ae1a2cc2,prd_0fd8a9829d1820,game_marvel-champions-the-card-game,Marvel Champions: The Card Game,marvel-champions-the-card-game,Phoenix Hero Pack,Fantasy Flight Games,hero_pack,,secondary_catalog_identity,hold_for_product_detail_verification,unknown,unknown,,,not_verified,false,Marvel Champions core set; verify any additional scenario-specific requirements.,,,,A fixed-content hero deck and additional player cards.,format_level_only,,not_established,,,,,,,,,not_assessed,,,,,,,,,,not_recorded,,,not_verified,,,unknown,not_checked,,https://raw.githubusercontent.com/zzorba/marvelsdb-json-data/master/packs.json,community_database,structured_pack_catalog,product_name;base_game_association;product_type,secondary_catalog_details_pending,2026-09-20,web_retrieval_or_search_index; not a legal/license audit,official_product_detail;release_status;recommendation,not_established,US; regional availability not guaranteed,,,,,2026-09-20T14:35:11+00:00,fetch_failed,identity_not_established,https://raw.githubusercontent.com/zzorba/marvelsdb-json-data/master/packs.json,,src-69c326fb23ebe53e,not_established,base_game_requirement | edition_compatibility_notes,,
rec_9f1660c3f70b56,prd_198dfd179ea4a1,game_marvel-champions-the-card-game,Marvel Champions: The Card Game,marvel-champions-the-card-game,Psylocke Hero Pack,Fantasy Flight Games,hero_pack,,secondary_catalog_identity,hold_for_product_detail_verification,unknown,unknown,,,not_verified,false,Marvel Champions core set; verify any additional scenario-specific requirements.,,,,A fixed-content hero deck and additional player cards.,format_level_only,,not_established,,,,,,,,,not_assessed,,,,,,,,,,not_recorded,,,not_verified,,,unknown,not_checked,,https://raw.githubusercontent.com/zzorba/marvelsdb-json-data/master/packs.json,community_database,structured_pack_catalog,product_name;base_game_association;product_type,secondary_catalog_details_pending,2026-09-20,web_retrieval_or_search_index; not a legal/license audit,official_product_detail;release_status;recommendation,not_established,US; regional availability not guaranteed,,,,,2026-09-20T14:35:11+00:00,fetch_failed,identity_not_established,https://raw.githubusercontent.com/zzorba/marvelsdb-json-data/master/packs.json,,src-69c326fb23ebe53e,not_established,base_game_requirement | edition_compatibility_notes,,
rec_cbdd9e69e8f8f3,prd_a5d416865b6d53,game_marvel-champions-the-card-game,Marvel Champions: The Card Game,marvel-champions-the-card-game,Quicksilver Hero Pack,Fantasy Flight Games,hero_pack,,secondary_catalog_identity,hold_for_product_detail_verification,unknown,unknown,,,not_verified,false,Marvel Champions core set; verify any additional scenario-specific requirements.,,,,A fixed-content hero deck and additional player cards.,format_level_only,,not_established,,,,,,,,,not_assessed,,,,,,,,,,not_recorded,,,not_verified,,,unknown,not_checked,,https://raw.githubusercontent.com/zzorba/marvelsdb-json-data/master/packs.json,community_database,structured_pack_catalog,product_name;base_game_association;product_type,secondary_catalog_details_pending,2026-09-20,web_retrieval_or_search_index; not a legal/license audit,official_product_detail;release_status;recommendation,not_established,US; regional availability not guaranteed,,,,,2026-09-20T14:35:11+00:00,fetch_failed,identity_not_established,https://raw.githubusercontent.com/zzorba/marvelsdb-json-data/master/packs.json,,src-69c326fb23ebe53e,not_established,base_game_requirement | edition_compatibility_notes,,
rec_8cb6b73d61b8ba,prd_a4aeaa87069884,game_marvel-champions-the-card-game,Marvel Champions: The Card Game,marvel-champions-the-card-game,Rogue Hero Pack,Fantasy Flight Games,hero_pack,,secondary_catalog_identity,hold_for_product_detail_verification,unknown,unknown,,,not_verified,false,Marvel Champions core set; verify any additional scenario-specific requirements.,,,,A fixed-content hero deck and additional player cards.,format_level_only,,not_established,,,,,,,,,not_assessed,,,,,,,,,,not_recorded,,,not_verified,,,unknown,not_checked,,https://raw.githubusercontent.com/zzorba/marvelsdb-json-data/master/packs.json,community_database,structured_pack_catalog,product_name;base_game_association;product_type,secondary_catalog_details_pending,2026-09-20,web_retrieval_or_search_index; not a legal/license audit,official_product_detail;release_status;recommendation,not_established,US; regional availability not guaranteed,,,,,2026-09-20T14:35:11+00:00,fetch_failed,identity_not_established,https://raw.githubusercontent.com/zzorba/marvelsdb-json-data/master/packs.json,,src-69c326fb23ebe53e,not_established,base_game_requirement | edition_compatibility_notes,,
rec_c94223eb2ef6a5,prd_a5bfc6e7136438,game_marvel-champions-the-card-game,Marvel Champions: The Card Game,marvel-champions-the-card-game,Ronan Modular Set,Fantasy Flight Games,official_print_and_play,,secondary_catalog_identity,hold_for_product_detail_verification,unknown,unknown,,,not_verified,false,Marvel Champions core set; verify any additional scenario-specific requirements.,,,,Ronan encounter-module cards; not a complete standalone villain scenario.,product_or_cycle_description,,not_established,,,,,,,,,not_assessed,,,,,,,,,,not_recorded,,,not_verified,,,unknown,not_checked,,https://raw.githubusercontent.com/zzorba/marvelsdb-json-data/master/packs.json,community_database,structured_pack_catalog,product_name;base_game_association;product_type,secondary_catalog_details_pending,2026-09-20,web_retrieval_or_search_index; not a legal/license audit,official_product_detail;release_status;recommendation,not_established,US; regional availability not guaranteed,,,,,2026-09-20T14:35:11+00:00,fetch_failed,identity_not_established,https://raw.githubusercontent.com/zzorba/marvelsdb-json-data/master/packs.json,,src-69c326fb23ebe53e,not_established,base_game_requirement | edition_compatibility_notes,,
rec_0e688d12d17d2c,prd_30fa51c199435d,game_marvel-champions-the-card-game,Marvel Champions: The Card Game,marvel-champions-the-card-game,Scarlet Witch Hero Pack,Fantasy Flight Games,hero_pack,,secondary_catalog_identity,hold_for_product_detail_verification,unknown,unknown,,,not_verified,false,Marvel Champions core set; verify any additional scenario-specific requirements.,,,,A fixed-content hero deck and additional player cards.,format_level_only,,not_established,,,,,,,,,not_assessed,,,,,,,,,,not_recorded,,,not_verified,,,unknown,not_checked,,https://raw.githubusercontent.com/zzorba/marvelsdb-json-data/master/packs.json,community_database,structured_pack_catalog,product_name;base_game_association;product_type,secondary_catalog_details_pending,2026-09-20,web_retrieval_or_search_index; not a legal/license audit,official_product_detail;release_status;recommendation,not_established,US; regional availability not guaranteed,,,,,2026-09-20T14:35:11+00:00,fetch_failed,identity_not_established,https://raw.githubusercontent.com/zzorba/marvelsdb-json-data/master/packs.json,,src-69c326fb23ebe53e,not_established,base_game_requirement | edition_compatibility_notes,,
rec_796ca5c46fc604,prd_bfe4c82adf9696,game_marvel-champions-the-card-game,Marvel Champions: The Card Game,marvel-champions-the-card-game,Shadowland Scenario Pack,Fantasy Flight Games,scenario_pack,,primary_catalog_identity,hold_for_product_detail_verification,unknown,unknown,,,not_verified,false,,,,,,not_recorded,,not_established,,,,,,,,,not_assessed,,,,,,,,,,not_recorded,,,not_verified,,,unknown,not_checked,https://store.asmodee.com/collections/marvel-champions-lcg,,publisher,catalog,product_name;base_game_association,catalog_verified_details_pending,2026-09-20,web_retrieval_or_search_index; not a legal/license audit,release_status;prerequisites;recommendation,not_established,US; regional availability not guaranteed,,,,,2026-09-20T14:35:11+00:00,fetch_failed,identity_not_established,https://store.asmodee.com/collections/marvel-champions-lcg,,src-22a024fc2df0b1e8,not_established,what_it_adds | base_game_requirement | edition_compatibility_notes,,
rec_e1fc850346a395,prd_68a4314d11896a,game_marvel-champions-the-card-game,Marvel Champions: The Card Game,marvel-champions-the-card-game,Silk Hero Pack,Fantasy Flight Games,hero_pack,,product_facts_checked,fact_checked_draft_needs_editorial_review,yes,no,Marvel Champions core set; verify any additional scenario-specific requirements.,"[[""Marvel Champions: The Card Game""]]",publisher_confirmed,true,,The core set is required. Regional launch dates may differ; no database date is treated as a verified US street date.,,,A fixed-content hero deck and additional player cards.,format_level_only,,not_established,,,,,,,,,not_assessed,,,,,,,,,,not_recorded,,,not_verified,,,released,not_checked,https://www.fantasyflightgames.com/en/news/2025/4/18/available-now-april-18-1/,https://raw.githubusercontent.com/zzorba/marvelsdb-json-data/master/packs.json,publisher_and_community_database,product_announcement,product_name;base_game_association;product_type;base_requirement;what_it_adds,core_facts_verified,2026-09-20,web_retrieval_or_search_index; not a legal/license audit,recommendation,not_established,US; regional availability not guaranteed,,,,,2026-09-20T14:35:11+00:00,fetch_failed,identity_not_established,https://www.fantasyflightgames.com/en/news/2025/4/18/available-now-april-18-1/,,src-c8cede03258f3cad,not_established,,,
rec_1fe01312c336d9,prd_ed0ca9c09f6a30,game_marvel-champions-the-card-game,Marvel Champions: The Card Game,marvel-champions-the-card-game,Sinister Motives,Fantasy Flight Games,large_box_card_expansion,,secondary_catalog_identity,hold_for_product_detail_verification,unknown,unknown,,,not_verified,false,Marvel Champions core set; verify any additional scenario-specific requirements.,,,,A larger fixed-content expansion with new scenario and player content; inspect product rules for its campaign or competitive format.,format_level_only,,not_established,,,,,,,,,not_assessed,,,,,,,,,,not_recorded,,,not_verified,,,unknown,not_checked,,https://raw.githubusercontent.com/zzorba/marvelsdb-json-data/master/packs.json,community_database,structured_pack_catalog,product_name;base_game_association;product_type,secondary_catalog_details_pending,2026-09-20,web_retrieval_or_search_index; not a legal/license audit,official_product_detail;release_status;recommendation,not_established,US; regional availability not guaranteed,,,,,2026-09-20T14:35:11+00:00,fetch_failed,identity_not_established,https://raw.githubusercontent.com/zzorba/marvelsdb-json-data/master/packs.json,,src-69c326fb23ebe53e,not_established,base_game_requirement | edition_compatibility_notes,,
rec_155b6093d4ea3d,prd_570c7a4d0038c2,game_marvel-champions-the-card-game,Marvel Champions: The Card Game,marvel-champions-the-card-game,SP//dr Hero Pack,Fantasy Flight Games,hero_pack,,secondary_catalog_identity,hold_for_product_detail_verification,unknown,unknown,,,not_verified,false,Marvel Champions core set; verify any additional scenario-specific requirements.,,,,A fixed-content hero deck and additional player cards.,format_level_only,,not_established,,,,,,,,,not_assessed,,,,,,,,,,not_recorded,,,not_verified,,,unknown,not_checked,,https://raw.githubusercontent.com/zzorba/marvelsdb-json-data/master/packs.json,community_database,structured_pack_catalog,product_name;base_game_association;product_type,secondary_catalog_details_pending,2026-09-20,web_retrieval_or_search_index; not a legal/license audit,official_product_detail;release_status;recommendation,not_established,US; regional availability not guaranteed,,,,,2026-09-20T14:35:11+00:00,fetch_failed,identity_not_established,https://raw.githubusercontent.com/zzorba/marvelsdb-json-data/master/packs.json,,src-69c326fb23ebe53e,not_established,base_game_requirement | edition_compatibility_notes,,
rec_fa798dffe11398,prd_9e97f9764e2d60,game_marvel-champions-the-card-game,Marvel Champions: The Card Game,marvel-champions-the-card-game,Spider-Ham Hero Pack,Fantasy Flight Games,hero_pack,,secondary_catalog_identity,hold_for_product_detail_verification,unknown,unknown,,,not_verified,false,Marvel Champions core set; verify any additional scenario-specific requirements.,,,,A fixed-content hero deck and additional player cards.,format_level_only,,not_established,,,,,,,,,not_assessed,,,,,,,,,,not_recorded,,,not_verified,,,unknown,not_checked,,https://raw.githubusercontent.com/zzorba/marvelsdb-json-data/master/packs.json,community_database,structured_pack_catalog,product_name;base_game_association;product_type,secondary_catalog_details_pending,2026-09-20,web_retrieval_or_search_index; not a legal/license audit,official_product_detail;release_status;recommendation,not_established,US; regional availability not guaranteed,,,,,2026-09-20T14:35:11+00:00,fetch_failed,identity_not_established,https://raw.githubusercontent.com/zzorba/marvelsdb-json-data/master/packs.json,,src-69c326fb23ebe53e,not_established,base_game_requirement | edition_compatibility_notes,,
rec_e7d92115e7a70e,prd_311effa720dbb6,game_marvel-champions-the-card-game,Marvel Champions: The Card Game,marvel-champions-the-card-game,Star-Lord Hero Pack,Fantasy Flight Games,hero_pack,,secondary_catalog_identity,hold_for_product_detail_verification,unknown,unknown,,,not_verified,false,Marvel Champions core set; verify any additional scenario-specific requirements.,,,,A fixed-content hero deck and additional player cards.,format_level_only,,not_established,,,,,,,,,not_assessed,,,,,,,,,,not_recorded,,,not_verified,,,unknown,not_checked,,https://raw.githubusercontent.com/zzorba/marvelsdb-json-data/master/packs.json,community_database,structured_pack_catalog,product_name;base_game_association;product_type,secondary_catalog_details_pending,2026-09-20,web_retrieval_or_search_index; not a legal/license audit,official_product_detail;release_status;recommendation,not_established,US; regional availability not guaranteed,,,,,2026-09-20T14:35:11+00:00,fetch_failed,identity_not_established,https://raw.githubusercontent.com/zzorba/marvelsdb-json-data/master/packs.json,,src-69c326fb23ebe53e,not_established,base_game_requirement | edition_compatibility_notes,,
rec_737f588fdf96ee,prd_ab8fa832aca2a1,game_marvel-champions-the-card-game,Marvel Champions: The Card Game,marvel-champions-the-card-game,Storm Hero Pack,Fantasy Flight Games,hero_pack,,secondary_catalog_identity,hold_for_product_detail_verification,unknown,unknown,,,not_verified,false,Marvel Champions core set; verify any additional scenario-specific requirements.,,,,A fixed-content hero deck and additional player cards.,format_level_only,,not_established,,,,,,,,,not_assessed,,,,,,,,,,not_recorded,,,not_verified,,,unknown,not_checked,,https://raw.githubusercontent.com/zzorba/marvelsdb-json-data/master/packs.json,community_database,structured_pack_catalog,product_name;base_game_association;product_type,secondary_catalog_details_pending,2026-09-20,web_retrieval_or_search_index; not a legal/license audit,official_product_detail;release_status;recommendation,not_established,US; regional availability not guaranteed,,,,,2026-09-20T14:35:11+00:00,fetch_failed,identity_not_established,https://raw.githubusercontent.com/zzorba/marvelsdb-json-data/master/packs.json,,src-69c326fb23ebe53e,not_established,base_game_requirement | edition_compatibility_notes,,
rec_aece097c259022,prd_e926e1a402e2ca,game_marvel-champions-the-card-game,Marvel Champions: The Card Game,marvel-champions-the-card-game,Synthezoid Smackdown Scenario Pack,Fantasy Flight Games,scenario_pack,,secondary_catalog_identity,hold_for_product_detail_verification,unknown,unknown,,,not_verified,false,Marvel Champions core set; verify any additional scenario-specific requirements.,,,,Additional scenario and encounter content.,format_level_only,,not_established,,,,,,,,,not_assessed,,,,,,,,,,not_recorded,,,not_verified,,,unknown,not_checked,,https://raw.githubusercontent.com/zzorba/marvelsdb-json-data/master/packs.json,community_database,structured_pack_catalog,product_name;base_game_association;product_type,secondary_catalog_details_pending,2026-09-20,web_retrieval_or_search_index; not a legal/license audit,official_product_detail;release_status;recommendation,not_established,US; regional availability not guaranteed,,,,,2026-09-20T14:35:11+00:00,fetch_failed,identity_not_established,https://raw.githubusercontent.com/zzorba/marvelsdb-json-data/master/packs.json,,src-69c326fb23ebe53e,not_established,base_game_requirement | edition_compatibility_notes,,
rec_2ba354a0b6a8c4,prd_a2893c75c7eb93,game_marvel-champions-the-card-game,Marvel Champions: The Card Game,marvel-champions-the-card-game,The Galaxy's Most Wanted,Fantasy Flight Games,large_box_card_expansion,,secondary_catalog_identity,hold_for_product_detail_verification,unknown,unknown,,,not_verified,false,Marvel Champions core set; verify any additional scenario-specific requirements.,,,,A larger fixed-content expansion with new scenario and player content; inspect product rules for its campaign or competitive format.,format_level_only,,not_established,,,,,,,,,not_assessed,,,,,,,,,,not_recorded,,,not_verified,,,unknown,not_checked,,https://raw.githubusercontent.com/zzorba/marvelsdb-json-data/master/packs.json,community_database,structured_pack_catalog,product_name;base_game_association;product_type,secondary_catalog_details_pending,2026-09-20,web_retrieval_or_search_index; not a legal/license audit,official_product_detail;release_status;recommendation,not_established,US; regional availability not guaranteed,,,,,2026-09-20T14:35:11+00:00,fetch_failed,identity_not_established,https://raw.githubusercontent.com/zzorba/marvelsdb-json-data/master/packs.json,,src-69c326fb23ebe53e,not_established,base_game_requirement | edition_compatibility_notes,,
rec_ed920350bdfaed,prd_9fa28b50af3bbf,game_marvel-champions-the-card-game,Marvel Champions: The Card Game,marvel-champions-the-card-game,The Green Goblin Scenario Pack,Fantasy Flight Games,scenario_pack,,secondary_catalog_identity,hold_for_product_detail_verification,unknown,unknown,,,not_verified,false,Marvel Champions core set; verify any additional scenario-specific requirements.,,,,Additional scenario and encounter content.,format_level_only,,not_established,,,,,,,,,not_assessed,,,,,,,,,,not_recorded,,,not_verified,,,unknown,not_checked,,https://raw.githubusercontent.com/zzorba/marvelsdb-json-data/master/packs.json,community_database,structured_pack_catalog,product_name;base_game_association;product_type,secondary_catalog_details_pending,2026-09-20,web_retrieval_or_search_index; not a legal/license audit,official_product_detail;release_status;recommendation,not_established,US; regional availability not guaranteed,,,,,2026-09-20T14:35:11+00:00,fetch_failed,identity_not_established,https://raw.githubusercontent.com/zzorba/marvelsdb-json-data/master/packs.json,,src-69c326fb23ebe53e,not_established,base_game_requirement | edition_compatibility_notes,,
rec_e6392ac1e05468,prd_b31bff3a662d99,game_marvel-champions-the-card-game,Marvel Champions: The Card Game,marvel-champions-the-card-game,The Hood Scenario Pack,Fantasy Flight Games,scenario_pack,,secondary_catalog_identity,hold_for_product_detail_verification,unknown,unknown,,,not_verified,false,Marvel Champions core set; verify any additional scenario-specific requirements.,,,,Additional scenario and encounter content.,format_level_only,,not_established,,,,,,,,,not_assessed,,,,,,,,,,not_recorded,,,not_verified,,,unknown,not_checked,,https://raw.githubusercontent.com/zzorba/marvelsdb-json-data/master/packs.json,community_database,structured_pack_catalog,product_name;base_game_association;product_type,secondary_catalog_details_pending,2026-09-20,web_retrieval_or_search_index; not a legal/license audit,official_product_detail;release_status;recommendation,not_established,US; regional availability not guaranteed,,,,,2026-09-20T14:35:11+00:00,fetch_failed,identity_not_established,https://raw.githubusercontent.com/zzorba/marvelsdb-json-data/master/packs.json,,src-69c326fb23ebe53e,not_established,base_game_requirement | edition_compatibility_notes,,
rec_ae21c8553ba4e5,prd_017871d47f4304,game_marvel-champions-the-card-game,Marvel Champions: The Card Game,marvel-champions-the-card-game,The Mad Titan's Shadow,Fantasy Flight Games,large_box_card_expansion,,secondary_catalog_identity,hold_for_product_detail_verification,unknown,unknown,,,not_verified,false,Marvel Champions core set; verify any additional scenario-specific requirements.,,,,A larger fixed-content expansion with new scenario and player content; inspect product rules for its campaign or competitive format.,format_level_only,,not_established,,,,,,,,,not_assessed,,,,,,,,,,not_recorded,,,not_verified,,,unknown,not_checked,,https://raw.githubusercontent.com/zzorba/marvelsdb-json-data/master/packs.json,community_database,structured_pack_catalog,product_name;base_game_association;product_type,secondary_catalog_details_pending,2026-09-20,web_retrieval_or_search_index; not a legal/license audit,official_product_detail;release_status;recommendation,not_established,US; regional availability not guaranteed,,,,,2026-09-20T14:35:11+00:00,fetch_failed,identity_not_established,https://raw.githubusercontent.com/zzorba/marvelsdb-json-data/master/packs.json,,src-69c326fb23ebe53e,not_established,base_game_requirement | edition_compatibility_notes,,
rec_513338cb4687f4,prd_248cc770fc50af,game_marvel-champions-the-card-game,Marvel Champions: The Card Game,marvel-champions-the-card-game,The Once and Future Kang Scenario Pack,Fantasy Flight Games,scenario_pack,,secondary_catalog_identity,hold_for_product_detail_verification,unknown,unknown,,,not_verified,false,Marvel Champions core set; verify any additional scenario-specific requirements.,,,,Additional scenario and encounter content.,format_level_only,,not_established,,,,,,,,,not_assessed,,,,,,,,,,not_recorded,,,not_verified,,,unknown,not_checked,,https://raw.githubusercontent.com/zzorba/marvelsdb-json-data/master/packs.json,community_database,structured_pack_catalog,product_name;base_game_association;product_type,secondary_catalog_details_pending,2026-09-20,web_retrieval_or_search_index; not a legal/license audit,official_product_detail;release_status;recommendation,not_established,US; regional availability not guaranteed,,,,,2026-09-20T14:35:11+00:00,fetch_failed,identity_not_established,https://raw.githubusercontent.com/zzorba/marvelsdb-json-data/master/packs.json,,src-69c326fb23ebe53e,not_established,base_game_requirement | edition_compatibility_notes,,
rec_28a4610b7c74b4,prd_821bda467e8994,game_marvel-champions-the-card-game,Marvel Champions: The Card Game,marvel-champions-the-card-game,The Rise of Red Skull,Fantasy Flight Games,large_box_card_expansion,,secondary_catalog_identity,hold_for_product_detail_verification,unknown,unknown,,,not_verified,false,Marvel Champions core set; verify any additional scenario-specific requirements.,,,,A larger fixed-content expansion with new scenario and player content; inspect product rules for its campaign or competitive format.,format_level_only,,not_established,,,,,,,,,not_assessed,,,,,,,,,,not_recorded,,,not_verified,,,unknown,not_checked,,https://raw.githubusercontent.com/zzorba/marvelsdb-json-data/master/packs.json,community_database,structured_pack_catalog,product_name;base_game_association;product_type,secondary_catalog_details_pending,2026-09-20,web_retrieval_or_search_index; not a legal/license audit,official_product_detail;release_status;recommendation,not_established,US; regional availability not guaranteed,,,,,2026-09-20T14:35:11+00:00,fetch_failed,identity_not_established,https://raw.githubusercontent.com/zzorba/marvelsdb-json-data/master/packs.json,,src-69c326fb23ebe53e,not_established,base_game_requirement | edition_compatibility_notes,,
rec_f840265feaec00,prd_31af6b430e98a6,game_marvel-champions-the-card-game,Marvel Champions: The Card Game,marvel-champions-the-card-game,The Wrecking Crew Scenario Pack,Fantasy Flight Games,scenario_pack,,secondary_catalog_identity,hold_for_product_detail_verification,unknown,unknown,,,not_verified,false,Marvel Champions core set; verify any additional scenario-specific requirements.,,,,Additional scenario and encounter content.,format_level_only,,not_established,,,,,,,,,not_assessed,,,,,,,,,,not_recorded,,,not_verified,,,unknown,not_checked,,https://raw.githubusercontent.com/zzorba/marvelsdb-json-data/master/packs.json,community_database,structured_pack_catalog,product_name;base_game_association;product_type,secondary_catalog_details_pending,2026-09-20,web_retrieval_or_search_index; not a legal/license audit,official_product_detail;release_status;recommendation,not_established,US; regional availability not guaranteed,,,,,2026-09-20T14:35:11+00:00,fetch_failed,identity_not_established,https://raw.githubusercontent.com/zzorba/marvelsdb-json-data/master/packs.json,,src-69c326fb23ebe53e,not_established,base_game_requirement | edition_compatibility_notes,,
rec_9bad5642c72682,prd_9ee94b4048f00d,game_marvel-champions-the-card-game,Marvel Champions: The Card Game,marvel-champions-the-card-game,Thor Hero Pack,Fantasy Flight Games,hero_pack,,secondary_catalog_identity,hold_for_product_detail_verification,unknown,unknown,,,not_verified,false,Marvel Champions core set; verify any additional scenario-specific requirements.,,,,A fixed-content hero deck and additional player cards.,format_level_only,,not_established,,,,,,,,,not_assessed,,,,,,,,,,not_recorded,,,not_verified,,,unknown,not_checked,,https://raw.githubusercontent.com/zzorba/marvelsdb-json-data/master/packs.json,community_database,structured_pack_catalog,product_name;base_game_association;product_type,secondary_catalog_details_pending,2026-09-20,web_retrieval_or_search_index; not a legal/license audit,official_product_detail;release_status;recommendation,not_established,US; regional availability not guaranteed,,,,,2026-09-20T14:35:11+00:00,fetch_failed,identity_not_established,https://raw.githubusercontent.com/zzorba/marvelsdb-json-data/master/packs.json,,src-69c326fb23ebe53e,not_established,base_game_requirement | edition_compatibility_notes,,
rec_e699d7c0495153,prd_6f2828f9dd2665,game_marvel-champions-the-card-game,Marvel Champions: The Card Game,marvel-champions-the-card-game,Trickster Takeover Scenario Pack,Fantasy Flight Games,scenario_pack,,secondary_catalog_identity,hold_for_product_detail_verification,unknown,unknown,,,not_verified,false,Marvel Champions core set; verify any additional scenario-specific requirements.,,,,Additional scenario and encounter content.,format_level_only,,not_established,,,,,,,,,not_assessed,,,,,,,,,,not_recorded,,,not_verified,,,unknown,not_checked,,https://raw.githubusercontent.com/zzorba/marvelsdb-json-data/master/packs.json,community_database,structured_pack_catalog,product_name;base_game_association;product_type,secondary_catalog_details_pending,2026-09-20,web_retrieval_or_search_index; not a legal/license audit,official_product_detail;release_status;recommendation,not_established,US; regional availability not guaranteed,,,,,2026-09-20T14:35:11+00:00,fetch_failed,identity_not_established,https://raw.githubusercontent.com/zzorba/marvelsdb-json-data/master/packs.json,,src-69c326fb23ebe53e,not_established,base_game_requirement | edition_compatibility_notes,,
rec_53920e283a501e,prd_f9784f66a71531,game_marvel-champions-the-card-game,Marvel Champions: The Card Game,marvel-champions-the-card-game,Valkyrie Hero Pack,Fantasy Flight Games,hero_pack,,secondary_catalog_identity,hold_for_product_detail_verification,unknown,unknown,,,not_verified,false,Marvel Champions core set; verify any additional scenario-specific requirements.,,,,A fixed-content hero deck and additional player cards.,format_level_only,,not_established,,,,,,,,,not_assessed,,,,,,,,,,not_recorded,,,not_verified,,,unknown,not_checked,,https://raw.githubusercontent.com/zzorba/marvelsdb-json-data/master/packs.json,community_database,structured_pack_catalog,product_name;base_game_association;product_type,secondary_catalog_details_pending,2026-09-20,web_retrieval_or_search_index; not a legal/license audit,official_product_detail;release_status;recommendation,not_established,US; regional availability not guaranteed,,,,,2026-09-20T14:35:11+00:00,fetch_failed,identity_not_established,https://raw.githubusercontent.com/zzorba/marvelsdb-json-data/master/packs.json,,src-69c326fb23ebe53e,not_established,base_game_requirement | edition_compatibility_notes,,
rec_831c55d7c54e5f,prd_438fc52ca3f150,game_marvel-champions-the-card-game,Marvel Champions: The Card Game,marvel-champions-the-card-game,Venom Hero Pack,Fantasy Flight Games,hero_pack,,secondary_catalog_identity,hold_for_product_detail_verification,unknown,unknown,,,not_verified,false,Marvel Champions core set; verify any additional scenario-specific requirements.,,,,A fixed-content hero deck and additional player cards.,format_level_only,,not_established,,,,,,,,,not_assessed,,,,,,,,,,not_recorded,,,not_verified,,,unknown,not_checked,,https://raw.githubusercontent.com/zzorba/marvelsdb-json-data/master/packs.json,community_database,structured_pack_catalog,product_name;base_game_association;product_type,secondary_catalog_details_pending,2026-09-20,web_retrieval_or_search_index; not a legal/license audit,official_product_detail;release_status;recommendation,not_established,US; regional availability not guaranteed,,,,,2026-09-20T14:35:11+00:00,fetch_failed,identity_not_established,https://raw.githubusercontent.com/zzorba/marvelsdb-json-data/master/packs.json,,src-69c326fb23ebe53e,not_established,base_game_requirement | edition_compatibility_notes,,
rec_330579b884048f,prd_1d5cc9a9ab6d69,game_marvel-champions-the-card-game,Marvel Champions: The Card Game,marvel-champions-the-card-game,Vision Hero Pack,Fantasy Flight Games,hero_pack,,secondary_catalog_identity,hold_for_product_detail_verification,unknown,unknown,,,not_verified,false,Marvel Champions core set; verify any additional scenario-specific requirements.,,,,A fixed-content hero deck and additional player cards.,format_level_only,,not_established,,,,,,,,,not_assessed,,,,,,,,,,not_recorded,,,not_verified,,,unknown,not_checked,,https://raw.githubusercontent.com/zzorba/marvelsdb-json-data/master/packs.json,community_database,structured_pack_catalog,product_name;base_game_association;product_type,secondary_catalog_details_pending,2026-09-20,web_retrieval_or_search_index; not a legal/license audit,official_product_detail;release_status;recommendation,not_established,US; regional availability not guaranteed,,,,,2026-09-20T14:35:11+00:00,fetch_failed,identity_not_established,https://raw.githubusercontent.com/zzorba/marvelsdb-json-data/master/packs.json,,src-69c326fb23ebe53e,not_established,base_game_requirement | edition_compatibility_notes,,
rec_bace9bb7e6045a,prd_c27ebc4b1d5bd9,game_marvel-champions-the-card-game,Marvel Champions: The Card Game,marvel-champions-the-card-game,War Machine Hero Pack,Fantasy Flight Games,hero_pack,,secondary_catalog_identity,hold_for_product_detail_verification,unknown,unknown,,,not_verified,false,Marvel Champions core set; verify any additional scenario-specific requirements.,,,,A fixed-content hero deck and additional player cards.,format_level_only,,not_established,,,,,,,,,not_assessed,,,,,,,,,,not_recorded,,,not_verified,,,unknown,not_checked,,https://raw.githubusercontent.com/zzorba/marvelsdb-json-data/master/packs.json,community_database,structured_pack_catalog,product_name;base_game_association;product_type,secondary_catalog_details_pending,2026-09-20,web_retrieval_or_search_index; not a legal/license audit,official_product_detail;release_status;recommendation,not_established,US; regional availability not guaranteed,,,,,2026-09-20T14:35:11+00:00,fetch_failed,identity_not_established,https://raw.githubusercontent.com/zzorba/marvelsdb-json-data/master/packs.json,,src-69c326fb23ebe53e,not_established,base_game_requirement | edition_compatibility_notes,,
rec_0bef73bca0426e,prd_bcb13845ec7e55,game_marvel-champions-the-card-game,Marvel Champions: The Card Game,marvel-champions-the-card-game,Wasp Hero Pack,Fantasy Flight Games,hero_pack,,secondary_catalog_identity,hold_for_product_detail_verification,unknown,unknown,,,not_verified,false,Marvel Champions core set; verify any additional scenario-specific requirements.,,,,A fixed-content hero deck and additional player cards.,format_level_only,,not_established,,,,,,,,,not_assessed,,,,,,,,,,not_recorded,,,not_verified,,,unknown,not_checked,,https://raw.githubusercontent.com/zzorba/marvelsdb-json-data/master/packs.json,community_database,structured_pack_catalog,product_name;base_game_association;product_type,secondary_catalog_details_pending,2026-09-20,web_retrieval_or_search_index; not a legal/license audit,official_product_detail;release_status;recommendation,not_established,US; regional availability not guaranteed,,,,,2026-09-20T14:35:11+00:00,fetch_failed,identity_not_established,https://raw.githubusercontent.com/zzorba/marvelsdb-json-data/master/packs.json,,src-69c326fb23ebe53e,not_established,base_game_requirement | edition_compatibility_notes,,
rec_b432d819906b42,prd_fd984ba99eac17,game_marvel-champions-the-card-game,Marvel Champions: The Card Game,marvel-champions-the-card-game,Winter Soldier Hero Pack,Fantasy Flight Games,hero_pack,,secondary_catalog_identity,hold_for_product_detail_verification,unknown,unknown,,,not_verified,false,Marvel Champions core set; verify any additional scenario-specific requirements.,,,,A fixed-content hero deck and additional player cards.,format_level_only,,not_established,,,,,,,,,not_assessed,,,,,,,,,,not_recorded,,,not_verified,,,unknown,not_checked,,https://raw.githubusercontent.com/zzorba/marvelsdb-json-data/master/packs.json,community_database,structured_pack_catalog,product_name;base_game_association;product_type,secondary_catalog_details_pending,2026-09-20,web_retrieval_or_search_index; not a legal/license audit,official_product_detail;release_status;recommendation,not_established,US; regional availability not guaranteed,,,,,2026-09-20T14:35:11+00:00,fetch_failed,identity_not_established,https://raw.githubusercontent.com/zzorba/marvelsdb-json-data/master/packs.json,,src-69c326fb23ebe53e,not_established,base_game_requirement | edition_compatibility_notes,,
rec_930469085a110b,prd_a7fae359171248,game_marvel-champions-the-card-game,Marvel Champions: The Card Game,marvel-champions-the-card-game,Wolverine Hero Pack,Fantasy Flight Games,hero_pack,,secondary_catalog_identity,hold_for_product_detail_verification,unknown,unknown,,,not_verified,false,Marvel Champions core set; verify any additional scenario-specific requirements.,,,,A fixed-content hero deck and additional player cards.,format_level_only,,not_established,,,,,,,,,not_assessed,,,,,,,,,,not_recorded,,,not_verified,,,unknown,not_checked,,https://raw.githubusercontent.com/zzorba/marvelsdb-json-data/master/packs.json,community_database,structured_pack_catalog,product_name;base_game_association;product_type,secondary_catalog_details_pending,2026-09-20,web_retrieval_or_search_index; not a legal/license audit,official_product_detail;release_status;recommendation,not_established,US; regional availability not guaranteed,,,,,2026-09-20T14:35:11+00:00,fetch_failed,identity_not_established,https://raw.githubusercontent.com/zzorba/marvelsdb-json-data/master/packs.json,,src-69c326fb23ebe53e,not_established,base_game_requirement | edition_compatibility_notes,,
rec_08ab8402b46741,prd_857b563286f825,game_marvel-champions-the-card-game,Marvel Champions: The Card Game,marvel-champions-the-card-game,Wonder Man Hero Pack,Fantasy Flight Games,hero_pack,,product_facts_checked,fact_checked_draft_needs_editorial_review,yes,no,Marvel Champions core set; verify any additional scenario-specific requirements.,"[[""Marvel Champions: The Card Game""]]",publisher_confirmed,true,,The core set is required. Regional launch dates may differ; no database date is treated as a verified US street date.,,,A fixed-content hero deck and additional player cards.,format_level_only,,not_established,,,,,,,,,not_assessed,,,,,,,,,,not_recorded,,,not_verified,,,released,not_checked,https://www.fantasyflightgames.com/en/news/2026/2/20/available-now-february-20-1/,https://raw.githubusercontent.com/zzorba/marvelsdb-json-data/master/packs.json,publisher_and_community_database,product_announcement,product_name;base_game_association;product_type;base_requirement;what_it_adds,core_facts_verified,2026-09-20,web_retrieval_or_search_index; not a legal/license audit,recommendation,not_established,US; regional availability not guaranteed,,,,,2026-09-20T14:35:11+00:00,fetch_failed,identity_not_established,https://www.fantasyflightgames.com/en/news/2026/2/20/available-now-february-20-1/,,src-3ce27d5afb90038b,not_established,,,
rec_23f13f5cadc8b9,prd_7a8c59fddd4741,game_marvel-champions-the-card-game,Marvel Champions: The Card Game,marvel-champions-the-card-game,X-23 Hero Pack,Fantasy Flight Games,hero_pack,,secondary_catalog_identity,hold_for_product_detail_verification,unknown,unknown,,,not_verified,false,Marvel Champions core set; verify any additional scenario-specific requirements.,,,,A fixed-content hero deck and additional player cards.,format_level_only,,not_established,,,,,,,,,not_assessed,,,,,,,,,,not_recorded,,,not_verified,,,unknown,not_checked,,https://raw.githubusercontent.com/zzorba/marvelsdb-json-data/master/packs.json,community_database,structured_pack_catalog,product_name;base_game_association;product_type,secondary_catalog_details_pending,2026-09-20,web_retrieval_or_search_index; not a legal/license audit,official_product_detail;release_status;recommendation,not_established,US; regional availability not guaranteed,,,,,2026-09-20T14:35:11+00:00,fetch_failed,identity_not_established,https://raw.githubusercontent.com/zzorba/marvelsdb-json-data/master/packs.json,,src-69c326fb23ebe53e,not_established,base_game_requirement | edition_compatibility_notes,,
rec_ce8bfd2c4efeb2,prd_5f4cc31c05c453,game_marvel-villainous,Marvel Villainous,marvel-villainous,Mischief & Malice,Ravensburger,compatible_character_set,,primary_catalog_identity,hold_for_product_detail_verification,unknown,unknown,,,not_verified,false,,"Only combine products within the same Disney, Marvel or Star Wars Villainous universe.",,,,not_recorded,,not_established,,,,,,,,,not_assessed,,,,,,,,,,not_recorded,,,not_verified,,,unknown,not_checked,https://www.ravensburger.us/en-US/products/games/villainous-games,,publisher,catalog,product_name;base_game_association,catalog_verified_details_pending,2026-09-20,web_retrieval_or_search_index; not a legal/license audit,prerequisites;edition;recommendation,not_established,US; regional availability not guaranteed,,,,,2026-09-20T14:35:11+00:00,fetch_failed,identity_not_established,https://www.ravensburger.us/en-US/products/games/villainous-games,,src-627751c03d890d75,not_established,what_it_adds | base_game_requirement,,
rec_b020dbf5005452,prd_b2ee33e933fde6,game_marvel-villainous,Marvel Villainous,marvel-villainous,Twisted Ambitions,Ravensburger,standalone_compatible,,product_facts_checked,fact_checked_draft_needs_editorial_review,no,yes,Playable by itself; may combine with a set in the same Villainous universe.,,publisher_confirmed,false,,"Disney, Marvel and Star Wars universes are not cross-compatible. Standalone does not mean solitaire.",,,,not_recorded,,not_established,,,,,,,,,not_assessed,,,,34.99,displayed_catalog_price_not_live_quote,20_to_39_99,https://www.ravensburger.us/en-US/products/games/villainous-board-game-expansion-packs,2026-09-20,,not_recorded,,,not_verified,,,unknown,not_checked,https://www.ravensburger.us/en-US/products/games/villainous-board-game-expansion-packs,,publisher,family_product_details,product_name;base_game_association;standalone_status;family_compatibility;price,core_facts_verified,2026-09-20,web_retrieval_or_search_index; not a legal/license audit,prerequisites;edition;recommendation,not_established,US; regional availability not guaranteed,,,,,2026-09-20T14:35:11+00:00,fetch_failed,identity_not_established,https://www.ravensburger.us/en-US/products/games/villainous-board-game-expansion-packs,,src-4579d0beeb4bc9f5,not_established,what_it_adds,,
rec_ea72b808407b45,prd_3b15fff1f394dc,game_marvel-villainous,Marvel Villainous,marvel-villainous,We Are Venom,Ravensburger,single_character_expansion,,product_facts_checked,fact_checked_draft_needs_editorial_review,yes,no,Another playable set from the same Villainous universe.,,publisher_confirmed_conditional,false,,Not cross-compatible with other Villainous universes.,,,,not_recorded,,not_established,,,,,,,,,not_assessed,,,,17.99,displayed_catalog_price_not_live_quote,under_20,https://www.ravensburger.us/en-US/products/games/villainous-board-game-expansion-packs,2026-09-20,,not_recorded,,,not_verified,,,unknown,not_checked,https://www.ravensburger.us/en-US/products/games/villainous-board-game-expansion-packs,,publisher,family_product_details,product_name;base_game_association;standalone_status;family_compatibility;price,core_facts_verified,2026-09-20,web_retrieval_or_search_index; not a legal/license audit,prerequisites;edition;recommendation,not_established,US; regional availability not guaranteed,,,,,2026-09-20T14:35:11+00:00,fetch_failed,identity_not_established,https://www.ravensburger.us/en-US/products/games/villainous-board-game-expansion-packs,,src-4579d0beeb4bc9f5,not_established,what_it_adds,,
rec_fb5fb803b46409,prd_55264f48deaa79,game_meadow,Meadow,meadow,Envelope P Promo,,official_promo,,secondary_catalog_identity,hold_for_product_detail_verification,unknown,unknown,,,not_verified,false,,,,,Promotional gameplay content; exact effects and required editions not independently checked.,format_level_only,,not_established,,,,,,,,,not_assessed,,,,,,,,,,not_recorded,,,not_verified,,,unknown,not_checked,,https://boardgamegeekstore.com/collections/bgg-store-promos?page=4,specialist_retailer,retailer_catalog,product_name;base_game_association,secondary_catalog_details_pending,2026-09-20,web_retrieval_or_search_index; not a legal/license audit,product_rulebook;prerequisites;edition;recommendation;retailer_identity_only,not_established,US; regional availability not guaranteed,,,,,2026-09-20T14:35:11+00:00,fetch_failed,identity_not_established,https://boardgamegeekstore.com/collections/bgg-store-promos?page=4,,src-35a9b637149f4324,not_established,base_game_requirement | edition_compatibility_notes,,
rec_30a3cf6ec48ac4,prd_f66599057b1bcf,game_memoir-44,Memoir '44,memoir-44,Breakthrough Kit,Days of Wonder,expansion,,primary_catalog_identity,hold_for_product_detail_verification,unknown,unknown,,,not_verified,false,,,,,,not_recorded,,not_established,,,,,,,,,not_assessed,,,,,,,,,,not_recorded,,,not_verified,,,unknown,not_checked,https://www.daysofwonder.com/universe/heat/,,publisher,publisher_navigation,product_name;base_game_association,catalog_verified_details_pending,2026-09-20,web_retrieval_or_search_index; not a legal/license audit,scenario_specific_dependencies;edition;recommendation,not_established,US; regional availability not guaranteed,,,,,2026-09-20T14:35:11+00:00,no_usable_source_url,not_established,,,,not_established,what_it_adds | base_game_requirement | edition_compatibility_notes,"Existing source in official_source_url points to Heat, not Memoir 44",
rec_a4e5344edc1f05,prd_8eb2fce9074eaa,game_memoir-44,Memoir '44,memoir-44,D-Day Landings,Days of Wonder,expansion,,primary_catalog_identity,hold_for_product_detail_verification,unknown,unknown,,,not_verified,false,,,,,,not_recorded,,not_established,,,,,,,,,not_assessed,,,,,,,,,,not_recorded,,,not_verified,,,unknown,not_checked,https://www.daysofwonder.com/universe/heat/,,publisher,publisher_navigation,product_name;base_game_association,catalog_verified_details_pending,2026-09-20,web_retrieval_or_search_index; not a legal/license audit,scenario_specific_dependencies;edition;recommendation,not_established,US; regional availability not guaranteed,,,,,2026-09-20T14:35:11+00:00,no_usable_source_url,not_established,,,,not_established,what_it_adds | base_game_requirement | edition_compatibility_notes,"Existing source in official_source_url points to Heat, not Memoir 44",
rec_fe30a6c6d5737d,prd_dcefc7331a21c7,game_memoir-44,Memoir '44,memoir-44,Eastern Front,Days of Wonder,expansion,,primary_catalog_identity,hold_for_product_detail_verification,unknown,unknown,,,not_verified,false,,,,,,not_recorded,,not_established,,,,,,,,,not_assessed,,,,,,,,,,not_recorded,,,not_verified,,,unknown,not_checked,https://www.daysofwonder.com/universe/heat/,,publisher,publisher_navigation,product_name;base_game_association,catalog_verified_details_pending,2026-09-20,web_retrieval_or_search_index; not a legal/license audit,scenario_specific_dependencies;edition;recommendation,not_established,US; regional availability not guaranteed,,,,,2026-09-20T14:35:11+00:00,no_usable_source_url,not_established,,,,not_established,what_it_adds | base_game_requirement | edition_compatibility_notes,"Existing source in official_source_url points to Heat, not Memoir 44",
rec_74b79e11cd5932,prd_70d72074ce628b,game_memoir-44,Memoir '44,memoir-44,Equipment Pack,Days of Wonder,expansion,,primary_catalog_identity,hold_for_product_detail_verification,unknown,unknown,,,not_verified,false,,,,,,not_recorded,,not_established,,,,,,,,,not_assessed,,,,,,,,,,not_recorded,,,not_verified,,,unknown,not_checked,https://www.daysofwonder.com/universe/heat/,,publisher,publisher_navigation,product_name;base_game_association,catalog_verified_details_pending,2026-09-20,web_retrieval_or_search_index; not a legal/license audit,scenario_specific_dependencies;edition;recommendation,not_established,US; regional availability not guaranteed,,,,,2026-09-20T14:35:11+00:00,no_usable_source_url,not_established,,,,not_established,what_it_adds | base_game_requirement | edition_compatibility_notes,"Existing source in official_source_url points to Heat, not Memoir 44",
rec_0cadc6ed4da36a,prd_c312cf8aad2c2e,game_memoir-44,Memoir '44,memoir-44,Mediterranean Theater,Days of Wonder,expansion,,primary_catalog_identity,hold_for_product_detail_verification,unknown,unknown,,,not_verified,false,,,,,,not_recorded,,not_established,,,,,,,,,not_assessed,,,,,,,,,,not_recorded,,,not_verified,,,unknown,not_checked,https://www.daysofwonder.com/universe/heat/,,publisher,publisher_navigation,product_name;base_game_association,catalog_verified_details_pending,2026-09-20,web_retrieval_or_search_index; not a legal/license audit,scenario_specific_dependencies;edition;recommendation,not_established,US; regional availability not guaranteed,,,,,2026-09-20T14:35:11+00:00,no_usable_source_url,not_established,,,,not_established,what_it_adds | base_game_requirement | edition_compatibility_notes,"Existing source in official_source_url points to Heat, not Memoir 44",
rec_29ccf7db1827ac,prd_9b3b78b6bd8db2,game_memoir-44,Memoir '44,memoir-44,New Flight Plan,Days of Wonder,expansion,,primary_catalog_identity,hold_for_product_detail_verification,unknown,unknown,,,not_verified,false,,,,,,not_recorded,,not_established,,,,,,,,,not_assessed,,,,,,,,,,not_recorded,,,not_verified,,,unknown,not_checked,https://www.daysofwonder.com/universe/heat/,,publisher,publisher_navigation,product_name;base_game_association,catalog_verified_details_pending,2026-09-20,web_retrieval_or_search_index; not a legal/license audit,scenario_specific_dependencies;edition;recommendation,not_established,US; regional availability not guaranteed,,,,,2026-09-20T14:35:11+00:00,no_usable_source_url,not_established,,,,not_established,what_it_adds | base_game_requirement | edition_compatibility_notes,"Existing source in official_source_url points to Heat, not Memoir 44",
rec_91ae0e262823c1,prd_8f9fc29cc1d654,game_memoir-44,Memoir '44,memoir-44,Operation Overlord,Days of Wonder,expansion,,primary_catalog_identity,hold_for_product_detail_verification,unknown,unknown,,,not_verified,false,,,,,,not_recorded,,not_established,,,,,,,,,not_assessed,,,,,,,,,,not_recorded,,,not_verified,,,unknown,not_checked,https://www.daysofwonder.com/universe/heat/,,publisher,publisher_navigation,product_name;base_game_association,catalog_verified_details_pending,2026-09-20,web_retrieval_or_search_index; not a legal/license audit,scenario_specific_dependencies;edition;recommendation,not_established,US; regional availability not guaranteed,,,,,2026-09-20T14:35:11+00:00,no_usable_source_url,not_established,,,,not_established,what_it_adds | base_game_requirement | edition_compatibility_notes,"Existing source in official_source_url points to Heat, not Memoir 44",
rec_1da86b2c086613,prd_7280aa017bd2b0,game_memoir-44,Memoir '44,memoir-44,Pacific Theater,Days of Wonder,expansion,,primary_catalog_identity,hold_for_product_detail_verification,unknown,unknown,,,not_verified,false,,,,,,not_recorded,,not_established,,,,,,,,,not_assessed,,,,,,,,,,not_recorded,,,not_verified,,,unknown,not_checked,https://www.daysofwonder.com/universe/heat/,,publisher,publisher_navigation,product_name;base_game_association,catalog_verified_details_pending,2026-09-20,web_retrieval_or_search_index; not a legal/license audit,scenario_specific_dependencies;edition;recommendation,not_established,US; regional availability not guaranteed,,,,,2026-09-20T14:35:11+00:00,no_usable_source_url,not_established,,,,not_established,what_it_adds | base_game_requirement | edition_compatibility_notes,"Existing source in official_source_url points to Heat, not Memoir 44",
rec_cf8e1ef9b492e3,prd_a93617ada72006,game_memoir-44,Memoir '44,memoir-44,Terrain Pack,Days of Wonder,expansion,,primary_catalog_identity,hold_for_product_detail_verification,unknown,unknown,,,not_verified,false,,,,,,not_recorded,,not_established,,,,,,,,,not_assessed,,,,,,,,,,not_recorded,,,not_verified,,,unknown,not_checked,https://www.daysofwonder.com/universe/heat/,,publisher,publisher_navigation,product_name;base_game_association,catalog_verified_details_pending,2026-09-20,web_retrieval_or_search_index; not a legal/license audit,scenario_specific_dependencies;edition;recommendation,not_established,US; regional availability not guaranteed,,,,,2026-09-20T14:35:11+00:00,no_usable_source_url,not_established,,,,not_established,what_it_adds | base_game_requirement | edition_compatibility_notes,"Existing source in official_source_url points to Heat, not Memoir 44",
rec_02f030a5212c15,prd_bcc2da5ea5244c,game_memoir-44,Memoir '44,memoir-44,Winter / Desert Board Map,Days of Wonder,expansion,,primary_catalog_identity,hold_for_product_detail_verification,unknown,unknown,,,not_verified,false,,,,,,not_recorded,,not_established,,,,,,,,,not_assessed,,,,,,,,,,not_recorded,,,not_verified,,,unknown,not_checked,https://www.daysofwonder.com/universe/heat/,,publisher,publisher_navigation,product_name;base_game_association,catalog_verified_details_pending,2026-09-20,web_retrieval_or_search_index; not a legal/license audit,scenario_specific_dependencies;edition;recommendation,not_established,US; regional availability not guaranteed,,,,,2026-09-20T14:35:11+00:00,no_usable_source_url,not_established,,,,not_established,what_it_adds | base_game_requirement | edition_compatibility_notes,"Existing source in official_source_url points to Heat, not Memoir 44",
rec_ec605632f92469,prd_403c27c8d22f23,game_memoir-44,Memoir '44,memoir-44,Winter Wars,Days of Wonder,expansion,,primary_catalog_identity,hold_for_product_detail_verification,unknown,unknown,,,not_verified,false,,,,,,not_recorded,,not_established,,,,,,,,,not_assessed,,,,,,,,,,not_recorded,,,not_verified,,,unknown,not_checked,https://www.daysofwonder.com/universe/heat/,,publisher,publisher_navigation,product_name;base_game_association,catalog_verified_details_pending,2026-09-20,web_retrieval_or_search_index; not a legal/license audit,scenario_specific_dependencies;edition;recommendation,not_established,US; regional availability not guaranteed,,,,,2026-09-20T14:35:11+00:00,no_usable_source_url,not_established,,,,not_established,what_it_adds | base_game_requirement | edition_compatibility_notes,"Existing source in official_source_url points to Heat, not Memoir 44",
rec_c1e051380eaddd,prd_9a8e8434c9160e,game_metrorunner,Metrorunner,metrorunner,Dropsite Promo,,official_promo,,secondary_catalog_identity,hold_for_product_detail_verification,unknown,unknown,,,not_verified,false,,,,,Promotional gameplay content; exact effects and required editions not independently checked.,format_level_only,,not_established,,,,,,,,,not_assessed,,,,,,,,,,not_recorded,,,not_verified,,,unknown,not_checked,,https://boardgamegeekstore.com/collections/bgg-store-promos,specialist_retailer,retailer_catalog,product_name;base_game_association,secondary_catalog_details_pending,2026-09-20,web_retrieval_or_search_index; not a legal/license audit,product_rulebook;prerequisites;edition;recommendation;retailer_identity_only,not_established,US; regional availability not guaranteed,,,,,2026-09-20T14:35:11+00:00,fetch_failed,identity_not_established,https://boardgamegeekstore.com/collections/bgg-store-promos,,src-01c27471df6176f4,not_established,base_game_requirement | edition_compatibility_notes,,
rec_34f540c8c27edf,prd_bef93449cdaf17,game_my-little-scythe,My Little Scythe,my-little-scythe,Pie in the Sky,Stonemaier Games,expansion,,primary_catalog_identity,hold_for_product_detail_verification,unknown,unknown,,,not_verified,false,,,,,,not_recorded,,not_established,,,,,,,,,not_assessed,,,,,,,,,,not_recorded,,,not_verified,,,unknown,not_checked,https://store.stonemaiergames.com/collections/wingspan,,publisher,publisher_navigation,product_name;base_game_association,catalog_verified_details_pending,2026-09-20,web_retrieval_or_search_index; not a legal/license audit,product_detail;prerequisites;edition;release_status;recommendation,not_established,US; regional availability not guaranteed,,,,,2026-09-20T14:35:11+00:00,fetch_failed,identity_not_established,https://store.stonemaiergames.com/collections/wingspan,,src-aad88cb2772fb023,not_established,what_it_adds | base_game_requirement | edition_compatibility_notes,,
rec_c9b007d2a31312,prd_c693fc79fcc8d0,game_nemesis,Nemesis,nemesis,Feat Cards,Awaken Realms,gameplay_addition_format_pending,,secondary_catalog_identity,hold_for_product_detail_verification,unknown,unknown,,,not_verified,false,,,,,Promotional gameplay content; exact effects and required editions not independently checked.,format_level_only,,not_established,,,,,,,,,not_assessed,,,,,,,,,,not_recorded,,,not_verified,,,unknown,not_checked,,https://boardgamegeekstore.com/collections/bgg-store-promos?page=5,specialist_retailer,retailer_catalog,product_name;base_game_association,secondary_catalog_details_pending,2026-09-20,web_retrieval_or_search_index; not a legal/license audit,product_rulebook;prerequisites;edition;recommendation;retailer_identity_only,not_established,US; regional availability not guaranteed,,,,,2026-09-20T14:35:11+00:00,fetch_failed,identity_not_established,https://boardgamegeekstore.com/collections/bgg-store-promos?page=5,,src-8c6068e038559de0,not_established,base_game_requirement | edition_compatibility_notes,,
rec_adb034d64958e0,prd_9e4cbf90c1a38f,game_nidavellir,Nidavellir,nidavellir,2-Card Promo,,official_promo,,secondary_catalog_identity,hold_for_product_detail_verification,unknown,unknown,,,not_verified,false,,,,,Promotional gameplay content; exact effects and required editions not independently checked.,format_level_only,,not_established,,,,,,,,,not_assessed,,,,,,,,,,not_recorded,,,not_verified,,,unknown,not_checked,,https://boardgamegeekstore.com/collections/bgg-store-promos?page=4,specialist_retailer,retailer_catalog,product_name;base_game_association,secondary_catalog_details_pending,2026-09-20,web_retrieval_or_search_index; not a legal/license audit,product_rulebook;prerequisites;edition;recommendation;retailer_identity_only,not_established,US; regional availability not guaranteed,,,,,2026-09-20T14:35:11+00:00,fetch_failed,identity_not_established,https://boardgamegeekstore.com/collections/bgg-store-promos?page=4,,src-35a9b637149f4324,not_established,base_game_requirement | edition_compatibility_notes,,
rec_d6c022bfb7eed5,prd_50b25e5abcce10,game_obsession,Obsession,obsession,Characters,Kayenta Games,expansion,,primary_catalog_identity,hold_for_product_detail_verification,unknown,unknown,,,not_verified,false,,Publisher says retail packages contain Kickstarter stretch goals/deluxe components; do not automatically buy duplicate crowdfunding content.,,,,not_recorded,,not_established,,,,,,,,,not_assessed,,,,,,,,,,not_recorded,,,not_verified,,,unknown,not_checked,https://www.kayentapublishing.com/,,publisher,catalog,product_name;base_game_association,catalog_verified_details_pending,2026-09-20,web_retrieval_or_search_index; not a legal/license audit,first_vs_second_edition;prerequisites;recommendation,not_established,US; regional availability not guaranteed,,,,,2026-09-20T14:35:11+00:00,fetch_failed,identity_not_established,https://www.kayentapublishing.com/,,src-b6603daaa37b1678,not_established,what_it_adds | base_game_requirement,,
rec_2be51413308bdc,prd_a08ee91a12f68b,game_obsession,Obsession,obsession,Promotional Tiles,Kayenta Games,expansion,,primary_catalog_identity,hold_for_product_detail_verification,unknown,unknown,,,not_verified,false,,Publisher says retail packages contain Kickstarter stretch goals/deluxe components; do not automatically buy duplicate crowdfunding content.,,,,not_recorded,,not_established,,,,,,,,,not_assessed,,,,,,,,,,not_recorded,,,not_verified,,,unknown,not_checked,https://www.kayentapublishing.com/,,publisher,catalog,product_name;base_game_association,catalog_verified_details_pending,2026-09-20,web_retrieval_or_search_index; not a legal/license audit,first_vs_second_edition;prerequisites;recommendation,not_established,US; regional availability not guaranteed,,,,,2026-09-20T14:35:11+00:00,fetch_failed,identity_not_established,https://www.kayentapublishing.com/,,src-b6603daaa37b1678,not_established,what_it_adds | base_game_requirement,,
rec_e5a1612b064da8,prd_45358452e07bbf,game_obsession,Obsession,obsession,"Upstairs, Downstairs",Kayenta Games,expansion,,primary_catalog_identity,hold_for_product_detail_verification,unknown,unknown,,,not_verified,false,,Publisher says retail packages contain Kickstarter stretch goals/deluxe components; do not automatically buy duplicate crowdfunding content.,,,,not_recorded,,not_established,,,,,,,,,not_assessed,,,,,,,,,,not_recorded,,,not_verified,,,unknown,not_checked,https://www.kayentapublishing.com/,,publisher,catalog,product_name;base_game_association,catalog_verified_details_pending,2026-09-20,web_retrieval_or_search_index; not a legal/license audit,first_vs_second_edition;prerequisites;recommendation,not_established,US; regional availability not guaranteed,,,,,2026-09-20T14:35:11+00:00,fetch_failed,identity_not_established,https://www.kayentapublishing.com/,,src-b6603daaa37b1678,not_established,what_it_adds | base_game_requirement,,
rec_782b5e9adafd4a,prd_b1fc51b1e6a893,game_obsession,Obsession,obsession,Wessex,Kayenta Games,expansion,,primary_catalog_identity,hold_for_product_detail_verification,unknown,unknown,,,not_verified,false,,Publisher says retail packages contain Kickstarter stretch goals/deluxe components; do not automatically buy duplicate crowdfunding content.,,,,not_recorded,,not_established,,,,,,,,,not_assessed,,,,,,,,,,not_recorded,,,not_verified,,,unknown,not_checked,https://www.kayentapublishing.com/,,publisher,catalog,product_name;base_game_association,catalog_verified_details_pending,2026-09-20,web_retrieval_or_search_index; not a legal/license audit,first_vs_second_edition;prerequisites;recommendation,not_established,US; regional availability not guaranteed,,,,,2026-09-20T14:35:11+00:00,fetch_failed,identity_not_established,https://www.kayentapublishing.com/,,src-b6603daaa37b1678,not_established,what_it_adds | base_game_requirement,,
rec_724c1bc94b9eaa,prd_706f95564fe475,game_origin-story,Origin Story,origin-story,Heroes & Villains,Stonemaier Games,expansion,,primary_catalog_identity,hold_for_product_detail_verification,unknown,unknown,,,not_verified,false,,,,,,not_recorded,,not_established,,,,,,,,,not_assessed,,,,,,,,,,not_recorded,,,not_verified,,,unknown,not_checked,https://store.stonemaiergames.com/collections/wingspan,,publisher,publisher_navigation,product_name;base_game_association,catalog_verified_details_pending,2026-09-20,web_retrieval_or_search_index; not a legal/license audit,product_detail;prerequisites;edition;release_status;recommendation,not_established,US; regional availability not guaranteed,,,,,2026-09-20T14:35:11+00:00,fetch_failed,identity_not_established,https://store.stonemaiergames.com/collections/wingspan,,src-aad88cb2772fb023,not_established,what_it_adds | base_game_requirement | edition_compatibility_notes,,
rec_03b2900bb6c805,prd_ce4ed02881de0e,game_orleans,Orleans,orleans,Ortskarten No. 3,,gameplay_addition_format_pending,,secondary_catalog_identity,hold_for_product_detail_verification,unknown,unknown,,,not_verified,false,,,,,Promotional gameplay content; exact effects and required editions not independently checked.,format_level_only,,not_established,,,,,,,,,not_assessed,,,,,,,,,,not_recorded,,,not_verified,,,unknown,not_checked,,https://boardgamegeekstore.com/collections/bgg-store-promos?page=4,specialist_retailer,retailer_catalog,product_name;base_game_association,secondary_catalog_details_pending,2026-09-20,web_retrieval_or_search_index; not a legal/license audit,product_rulebook;prerequisites;edition;recommendation;retailer_identity_only,not_established,US; regional availability not guaranteed,,,,,2026-09-20T14:35:11+00:00,fetch_failed,identity_not_established,https://boardgamegeekstore.com/collections/bgg-store-promos?page=4,,src-35a9b637149f4324,not_established,base_game_requirement | edition_compatibility_notes,,
rec_47afb37417b031,prd_6085ad67c5e25c,game_paladins-of-the-west-kingdom,Paladins of the West Kingdom,paladins-of-the-west-kingdom,2019 Kickstarter Promos,Garphill Games,official_promo,,primary_catalog_identity,hold_for_product_detail_verification,unknown,unknown,,,not_verified,false,,,,,,not_recorded,,not_established,,,,,,,,,not_assessed,,,,,,,,,,not_recorded,,,not_verified,,,unknown,not_checked,https://www.garphill.com/collections/west-kingdom,,publisher,catalog,product_name;base_game_association,catalog_verified_details_pending,2026-09-20,web_retrieval_or_search_index; not a legal/license audit,promo_overlap;prerequisites;recommendation,not_established,US; regional availability not guaranteed,,,,,2026-09-20T14:35:11+00:00,fetch_failed,identity_not_established,https://www.garphill.com/collections/west-kingdom,,src-7f6cf10813685995,not_established,what_it_adds | base_game_requirement | edition_compatibility_notes,,
rec_ecedb8c7b9ad28,prd_4398fb2c7c2363,game_paladins-of-the-west-kingdom,Paladins of the West Kingdom,paladins-of-the-west-kingdom,City of Crowns,Garphill Games,expansion,,primary_catalog_identity,hold_for_product_detail_verification,unknown,unknown,,,not_verified,false,,,,,,not_recorded,,not_established,,,,,,,,,not_assessed,,,,,,,,,,not_recorded,,,not_verified,,,unknown,not_checked,https://www.garphill.com/collections/west-kingdom,,publisher,catalog,product_name;base_game_association,catalog_verified_details_pending,2026-09-20,web_retrieval_or_search_index; not a legal/license audit,prerequisites;edition;recommendation,not_established,US; regional availability not guaranteed,,,,,2026-09-20T14:35:11+00:00,fetch_failed,identity_not_established,https://www.garphill.com/collections/west-kingdom,,src-7f6cf10813685995,not_established,what_it_adds | base_game_requirement | edition_compatibility_notes,,
rec_84c5e150a235d1,prd_e8c1a353f9317f,game_paladins-of-the-west-kingdom,Paladins of the West Kingdom,paladins-of-the-west-kingdom,Player Suspicion Decks,Garphill Games,official_promo,,primary_catalog_identity,hold_for_product_detail_verification,unknown,unknown,,,not_verified,false,,,,,,not_recorded,,not_established,,,,,,,,,not_assessed,,,,,,,,,,not_recorded,,,not_verified,,,unknown,not_checked,https://www.garphill.com/collections/west-kingdom,,publisher,catalog,product_name;base_game_association,catalog_verified_details_pending,2026-09-20,web_retrieval_or_search_index; not a legal/license audit,promo_overlap;prerequisites;recommendation,not_established,US; regional availability not guaranteed,,,,,2026-09-20T14:35:11+00:00,fetch_failed,identity_not_established,https://www.garphill.com/collections/west-kingdom,,src-7f6cf10813685995,not_established,what_it_adds | base_game_requirement | edition_compatibility_notes,,
rec_92ded440f8e7f9,prd_3f246307545529,game_paladins-of-the-west-kingdom,Paladins of the West Kingdom,paladins-of-the-west-kingdom,Suzerain Promos,Garphill Games,official_promo,,secondary_catalog_identity,hold_for_product_detail_verification,unknown,unknown,,,not_verified,false,,,,,Promotional gameplay content; exact effects and required editions not independently checked.,format_level_only,,not_established,,,,,,,,,not_assessed,,,,,,,,,,not_recorded,,,not_verified,,,unknown,not_checked,,https://boardgamegeekstore.com/collections/bgg-store-promos?page=5,specialist_retailer,retailer_catalog,product_name;base_game_association,secondary_catalog_details_pending,2026-09-20,web_retrieval_or_search_index; not a legal/license audit,product_rulebook;prerequisites;edition;recommendation;retailer_identity_only,not_established,US; regional availability not guaranteed,,,,,2026-09-20T14:35:11+00:00,fetch_failed,identity_not_established,https://boardgamegeekstore.com/collections/bgg-store-promos?page=5,,src-8c6068e038559de0,not_established,base_game_requirement | edition_compatibility_notes,,
rec_3b3980198b4fc1,prd_f4a47e324d2e09,game_paleo,Paleo,paleo,A Flash of Wit,Hans im Gluck,gameplay_addition_format_pending,,secondary_catalog_identity,hold_for_product_detail_verification,unknown,unknown,,,not_verified,false,,,,,Promotional gameplay content; exact effects and required editions not independently checked.,format_level_only,,not_established,,,,,,,,,not_assessed,,,,,,,,,,not_recorded,,,not_verified,,,unknown,not_checked,,https://boardgamegeekstore.com/collections/bgg-store-promos,specialist_retailer,retailer_catalog,product_name;base_game_association,secondary_catalog_details_pending,2026-09-20,web_retrieval_or_search_index; not a legal/license audit,product_rulebook;prerequisites;edition;recommendation;retailer_identity_only,not_established,US; regional availability not guaranteed,,,,,2026-09-20T14:35:11+00:00,fetch_failed,identity_not_established,https://boardgamegeekstore.com/collections/bgg-store-promos,,src-01c27471df6176f4,not_established,base_game_requirement | edition_compatibility_notes,,
rec_acdab40957304a,prd_e0eece62eeeafe,game_paleo,Paleo,paleo,Hornets,Hans im Gluck,gameplay_addition_format_pending,,secondary_catalog_identity,hold_for_product_detail_verification,unknown,unknown,,,not_verified,false,,,,,Promotional gameplay content; exact effects and required editions not independently checked.,format_level_only,,not_established,,,,,,,,,not_assessed,,,,,,,,,,not_recorded,,,not_verified,,,unknown,not_checked,,https://boardgamegeekstore.com/collections/bgg-store-promos?page=3,specialist_retailer,retailer_catalog,product_name;base_game_association,secondary_catalog_details_pending,2026-09-20,web_retrieval_or_search_index; not a legal/license audit,product_rulebook;prerequisites;edition;recommendation;retailer_identity_only,not_established,US; regional availability not guaranteed,,,,,2026-09-20T14:35:11+00:00,fetch_failed,identity_not_established,https://boardgamegeekstore.com/collections/bgg-store-promos?page=3,,src-1d4913c5e78cfab9,not_established,base_game_requirement | edition_compatibility_notes,,
rec_3e720756dde81a,prd_b8a53a18e4e4bc,game_paleo,Paleo,paleo,New Secrets,Hans im Gluck,gameplay_addition_format_pending,,secondary_catalog_identity,hold_for_product_detail_verification,unknown,unknown,,,not_verified,false,,,,,Promotional gameplay content; exact effects and required editions not independently checked.,format_level_only,,not_established,,,,,,,,,not_assessed,,,,,,,,,,not_recorded,,,not_verified,,,unknown,not_checked,,https://boardgamegeekstore.com/collections/bgg-store-promos,specialist_retailer,retailer_catalog,product_name;base_game_association,secondary_catalog_details_pending,2026-09-20,web_retrieval_or_search_index; not a legal/license audit,product_rulebook;prerequisites;edition;recommendation;retailer_identity_only,not_established,US; regional availability not guaranteed,,,,,2026-09-20T14:35:11+00:00,fetch_failed,identity_not_established,https://boardgamegeekstore.com/collections/bgg-store-promos,,src-01c27471df6176f4,not_established,base_game_requirement | edition_compatibility_notes,,
rec_f549b2c24ea224,prd_56ad051de59e23,game_paleo,Paleo,paleo,Terror Birds,Hans im Gluck,gameplay_addition_format_pending,,secondary_catalog_identity,hold_for_product_detail_verification,unknown,unknown,,,not_verified,false,,,,,Promotional gameplay content; exact effects and required editions not independently checked.,format_level_only,,not_established,,,,,,,,,not_assessed,,,,,,,,,,not_recorded,,,not_verified,,,unknown,not_checked,,https://boardgamegeekstore.com/collections/bgg-store-promos?page=3,specialist_retailer,retailer_catalog,product_name;base_game_association,secondary_catalog_details_pending,2026-09-20,web_retrieval_or_search_index; not a legal/license audit,product_rulebook;prerequisites;edition;recommendation;retailer_identity_only,not_established,US; regional availability not guaranteed,,,,,2026-09-20T14:35:11+00:00,fetch_failed,identity_not_established,https://boardgamegeekstore.com/collections/bgg-store-promos?page=3,,src-1d4913c5e78cfab9,not_established,base_game_requirement | edition_compatibility_notes,,
rec_9f549adb528928,prd_120acd3dcc46b5,game_paleo,Paleo,paleo,The Initiation Rite,Hans im Gluck,gameplay_addition_format_pending,,secondary_catalog_identity,hold_for_product_detail_verification,unknown,unknown,,,not_verified,false,,,,,Promotional gameplay content; exact effects and required editions not independently checked.,format_level_only,,not_established,,,,,,,,,not_assessed,,,,,,,,,,not_recorded,,,not_verified,,,unknown,not_checked,,https://boardgamegeekstore.com/collections/bgg-store-promos?page=3,specialist_retailer,retailer_catalog,product_name;base_game_association,secondary_catalog_details_pending,2026-09-20,web_retrieval_or_search_index; not a legal/license audit,product_rulebook;prerequisites;edition;recommendation;retailer_identity_only,not_established,US; regional availability not guaranteed,,,,,2026-09-20T14:35:11+00:00,fetch_failed,identity_not_established,https://boardgamegeekstore.com/collections/bgg-store-promos?page=3,,src-1d4913c5e78cfab9,not_established,base_game_requirement | edition_compatibility_notes,,
rec_f2f79c06d2c33c,prd_397b854f7b290f,game_paleo,Paleo,paleo,The White Whale,Hans im Gluck,gameplay_addition_format_pending,,secondary_catalog_identity,hold_for_product_detail_verification,unknown,unknown,,,not_verified,false,,,,,Promotional gameplay content; exact effects and required editions not independently checked.,format_level_only,,not_established,,,,,,,,,not_assessed,,,,,,,,,,not_recorded,,,not_verified,,,unknown,not_checked,,https://boardgamegeekstore.com/collections/bgg-store-promos?page=3,specialist_retailer,retailer_catalog,product_name;base_game_association,secondary_catalog_details_pending,2026-09-20,web_retrieval_or_search_index; not a legal/license audit,product_rulebook;prerequisites;edition;recommendation;retailer_identity_only,not_established,US; regional availability not guaranteed,,,,,2026-09-20T14:35:11+00:00,fetch_failed,identity_not_established,https://boardgamegeekstore.com/collections/bgg-store-promos?page=3,,src-1d4913c5e78cfab9,not_established,base_game_requirement | edition_compatibility_notes,,
rec_e25c2e13d84864,prd_5c12480a61e02d,game_pandemic,Pandemic,pandemic,On the Brink,Z-Man Games,expansion,,product_facts_checked,fact_checked_draft_needs_editorial_review,yes,no,Pandemic,"[[""Pandemic""]]",publisher_confirmed,true,,Match the printing to the owned Pandemic edition; not an expansion for Pandemic Legacy or unrelated Pandemic-system games.,,,"Seven roles, eight events, fifth-player components and Virulent Strain, Mutation and Bio-Terrorist challenges.",product_or_cycle_description,,not_established,,,,,,,,,not_assessed,,,,49.99,displayed_catalog_price_not_live_quote,40_to_59_99,https://store.asmodee.com/products/pandemic-on-the-brink,2026-09-20,https://store.asmodee.com/products/pandemic-on-the-brink,source_product_page_may_link_to_store,,,not_verified,,,unknown,not_checked,https://store.asmodee.com/products/pandemic-on-the-brink,,publisher,product_detail,product_name;base_game_association;what_it_adds;base_requirement,core_facts_verified,2026-09-20,web_retrieval_or_search_index; not a legal/license audit,edition;recommendation,not_established,US; regional availability not guaranteed,,,,,2026-09-20T14:35:11+00:00,fetch_failed,identity_not_established,https://store.asmodee.com/products/pandemic-on-the-brink,,src-b1b2151a4f192777,not_established,,,
rec_341ff0b73dad45,prd_9e450ec1e01b64,game_periodic-a-game-of-the-elements,Periodic: A Game of the Elements,periodic-a-game-of-the-elements,Low Energy Efficiency Promo,,official_promo,,secondary_catalog_identity,hold_for_product_detail_verification,unknown,unknown,,,not_verified,false,,,,,Promotional gameplay content; exact effects and required editions not independently checked.,format_level_only,,not_established,,,,,,,,,not_assessed,,,,,,,,,,not_recorded,,,not_verified,,,unknown,not_checked,,https://boardgamegeekstore.com/collections/bgg-store-promos?page=5,specialist_retailer,retailer_catalog,product_name;base_game_association,secondary_catalog_details_pending,2026-09-20,web_retrieval_or_search_index; not a legal/license audit,product_rulebook;prerequisites;edition;recommendation;retailer_identity_only,not_established,US; regional availability not guaranteed,,,,,2026-09-20T14:35:11+00:00,fetch_failed,identity_not_established,https://boardgamegeekstore.com/collections/bgg-store-promos?page=5,,src-8c6068e038559de0,not_established,base_game_requirement | edition_compatibility_notes,,
rec_bf622c59e7b29b,prd_d0a1be4264ba38,game_periodic-a-game-of-the-elements,Periodic: A Game of the Elements,periodic-a-game-of-the-elements,Periodic Trendsetter Promo,,official_promo,,secondary_catalog_identity,hold_for_product_detail_verification,unknown,unknown,,,not_verified,false,,,,,Promotional gameplay content; exact effects and required editions not independently checked.,format_level_only,,not_established,,,,,,,,,not_assessed,,,,,,,,,,not_recorded,,,not_verified,,,unknown,not_checked,,https://boardgamegeekstore.com/collections/bgg-store-promos?page=5,specialist_retailer,retailer_catalog,product_name;base_game_association,secondary_catalog_details_pending,2026-09-20,web_retrieval_or_search_index; not a legal/license audit,product_rulebook;prerequisites;edition;recommendation;retailer_identity_only,not_established,US; regional availability not guaranteed,,,,,2026-09-20T14:35:11+00:00,fetch_failed,identity_not_established,https://boardgamegeekstore.com/collections/bgg-store-promos?page=5,,src-8c6068e038559de0,not_established,base_game_requirement | edition_compatibility_notes,,
rec_8547358852e322,prd_32aa6b84200a5a,game_pictures,Pictures,pictures,Spielbox 2020 Promo,,official_promo,,secondary_catalog_identity,hold_for_product_detail_verification,unknown,unknown,,,not_verified,false,,,,,Promotional gameplay content; exact effects and required editions not independently checked.,format_level_only,,not_established,,,,,,,,,not_assessed,,,,,,,,,,not_recorded,,,not_verified,,,unknown,not_checked,,https://boardgamegeekstore.com/collections/bgg-store-promos?page=2,specialist_retailer,retailer_catalog,product_name;base_game_association,secondary_catalog_details_pending,2026-09-20,web_retrieval_or_search_index; not a legal/license audit,product_rulebook;prerequisites;edition;recommendation;retailer_identity_only,not_established,US; regional availability not guaranteed,,,,,2026-09-20T14:35:11+00:00,fetch_failed,identity_not_established,https://boardgamegeekstore.com/collections/bgg-store-promos?page=2,,src-42cc4ca501b42b1f,not_established,base_game_requirement | edition_compatibility_notes,,
rec_ddefeb934a3791,prd_506b7f0a07fd90,game_port-royal,Port Royal,port-royal,Instructor Promo,,official_promo,,secondary_catalog_identity,hold_for_product_detail_verification,unknown,unknown,,,not_verified,false,,,,,Promotional gameplay content; exact effects and required editions not independently checked.,format_level_only,,not_established,,,,,,,,,not_assessed,,,,,,,,,,not_recorded,,,not_verified,,,unknown,not_checked,,https://boardgamegeekstore.com/collections/bgg-store-promos?page=4,specialist_retailer,retailer_catalog,product_name;base_game_association,secondary_catalog_details_pending,2026-09-20,web_retrieval_or_search_index; not a legal/license audit,product_rulebook;prerequisites;edition;recommendation;retailer_identity_only,not_established,US; regional availability not guaranteed,,,,,2026-09-20T14:35:11+00:00,fetch_failed,identity_not_established,https://boardgamegeekstore.com/collections/bgg-store-promos?page=4,,src-35a9b637149f4324,not_established,base_game_requirement | edition_compatibility_notes,,
rec_d881fce2d6cc87,prd_8c27987b8efbd9,game_power-grid,Power Grid,power-grid,Australia / India Recharged,Rio Grande Games,map_expansion,,primary_catalog_identity,hold_for_product_detail_verification,unknown,unknown,,,not_verified,false,,Publisher lists these for Power Grid: Recharged; check rules when using an older base edition.,,,Alternative Power Grid maps with region-specific rules.,product_or_cycle_description,,not_established,,,,,,,,,not_assessed,,,,,,,,,,not_recorded,,,not_verified,,,unknown,not_checked,https://www.riograndegames.com/games/power-grid-recharged/,,publisher,catalog,product_name;base_game_association,catalog_verified_details_pending,2026-09-20,web_retrieval_or_search_index; not a legal/license audit,prerequisites;edition;recommendation,not_established,US; regional availability not guaranteed,,,,,2026-09-20T14:35:11+00:00,fetch_failed,identity_not_established,https://www.riograndegames.com/games/power-grid-recharged/,,src-ba720c803791a003,not_established,base_game_requirement,,
rec_cc02d6ac6f5802,prd_1a0061bbba8b79,game_power-grid,Power Grid,power-grid,Benelux / Central Europe Recharged,Rio Grande Games,map_expansion,,primary_catalog_identity,hold_for_product_detail_verification,unknown,unknown,,,not_verified,false,,Publisher lists these for Power Grid: Recharged; check rules when using an older base edition.,,,Alternative Power Grid maps with region-specific rules.,product_or_cycle_description,,not_established,,,,,,,,,not_assessed,,,,,,,,,,not_recorded,,,not_verified,,,unknown,not_checked,https://www.riograndegames.com/games/power-grid-recharged/,,publisher,catalog,product_name;base_game_association,catalog_verified_details_pending,2026-09-20,web_retrieval_or_search_index; not a legal/license audit,prerequisites;edition;recommendation,not_established,US; regional availability not guaranteed,,,,,2026-09-20T14:35:11+00:00,fetch_failed,identity_not_established,https://www.riograndegames.com/games/power-grid-recharged/,,src-ba720c803791a003,not_established,base_game_requirement,,
rec_a4bf3d75f34860,prd_335f683bd80112,game_power-grid,Power Grid,power-grid,Brazil / Spain & Portugal Recharged,Rio Grande Games,map_expansion,,primary_catalog_identity,hold_for_product_detail_verification,unknown,unknown,,,not_verified,false,,Publisher lists these for Power Grid: Recharged; check rules when using an older base edition.,,,Alternative Power Grid maps with region-specific rules.,product_or_cycle_description,,not_established,,,,,,,,,not_assessed,,,,,,,,,,not_recorded,,,not_verified,,,unknown,not_checked,https://www.riograndegames.com/games/power-grid-recharged/,,publisher,catalog,product_name;base_game_association,catalog_verified_details_pending,2026-09-20,web_retrieval_or_search_index; not a legal/license audit,prerequisites;edition;recommendation,not_established,US; regional availability not guaranteed,,,,,2026-09-20T14:35:11+00:00,fetch_failed,identity_not_established,https://www.riograndegames.com/games/power-grid-recharged/,,src-ba720c803791a003,not_established,base_game_requirement,,
rec_3b1c92f6d7a64b,prd_05c24ddc9b9b81,game_power-grid,Power Grid,power-grid,Bremen / Manhattan,Rio Grande Games,map_expansion,,primary_catalog_identity,hold_for_product_detail_verification,unknown,unknown,,,not_verified,false,,Publisher lists these for Power Grid: Recharged; check rules when using an older base edition.,,,Alternative Power Grid maps with region-specific rules.,product_or_cycle_description,,not_established,,,,,,,,,not_assessed,,,,,,,,,,not_recorded,,,not_verified,,,unknown,not_checked,https://www.riograndegames.com/games/power-grid-recharged/,,publisher,catalog,product_name;base_game_association,catalog_verified_details_pending,2026-09-20,web_retrieval_or_search_index; not a legal/license audit,prerequisites;edition;recommendation,not_established,US; regional availability not guaranteed,,,,,2026-09-20T14:35:11+00:00,fetch_failed,identity_not_established,https://www.riograndegames.com/games/power-grid-recharged/,,src-ba720c803791a003,not_established,base_game_requirement,,
rec_67ebfc600339df,prd_1e14d82f855cec,game_power-grid,Power Grid,power-grid,Europe / North America Recharged,Rio Grande Games,map_expansion,,primary_catalog_identity,hold_for_product_detail_verification,unknown,unknown,,,not_verified,false,,Publisher lists these for Power Grid: Recharged; check rules when using an older base edition.,,,Alternative Power Grid maps with region-specific rules.,product_or_cycle_description,,not_established,,,,,,,,,not_assessed,,,,,,,,,,not_recorded,,,not_verified,,,unknown,not_checked,https://www.riograndegames.com/games/power-grid-recharged/,,publisher,catalog,product_name;base_game_association,catalog_verified_details_pending,2026-09-20,web_retrieval_or_search_index; not a legal/license audit,prerequisites;edition;recommendation,not_established,US; regional availability not guaranteed,,,,,2026-09-20T14:35:11+00:00,fetch_failed,identity_not_established,https://www.riograndegames.com/games/power-grid-recharged/,,src-ba720c803791a003,not_established,base_game_requirement,,
rec_d7d4ccd8697dd6,prd_be806d99988e37,game_power-grid,Power Grid,power-grid,France / Italy Recharged,Rio Grande Games,map_expansion,,primary_catalog_identity,hold_for_product_detail_verification,unknown,unknown,,,not_verified,false,,Publisher lists these for Power Grid: Recharged; check rules when using an older base edition.,,,Alternative Power Grid maps with region-specific rules.,product_or_cycle_description,,not_established,,,,,,,,,not_assessed,,,,,,,,,,not_recorded,,,not_verified,,,unknown,not_checked,https://www.riograndegames.com/games/power-grid-recharged/,,publisher,catalog,product_name;base_game_association,catalog_verified_details_pending,2026-09-20,web_retrieval_or_search_index; not a legal/license audit,prerequisites;edition;recommendation,not_established,US; regional availability not guaranteed,,,,,2026-09-20T14:35:11+00:00,fetch_failed,identity_not_established,https://www.riograndegames.com/games/power-grid-recharged/,,src-ba720c803791a003,not_established,base_game_requirement,,
rec_c14a0056f39ed0,prd_083dda834eb65d,game_power-grid,Power Grid,power-grid,Korea / China Recharged,Rio Grande Games,map_expansion,,primary_catalog_identity,hold_for_product_detail_verification,unknown,unknown,,,not_verified,false,,Publisher lists these for Power Grid: Recharged; check rules when using an older base edition.,,,Alternative Power Grid maps with region-specific rules.,product_or_cycle_description,,not_established,,,,,,,,,not_assessed,,,,,,,,,,not_recorded,,,not_verified,,,unknown,not_checked,https://www.riograndegames.com/games/power-grid-recharged/,,publisher,catalog,product_name;base_game_association,catalog_verified_details_pending,2026-09-20,web_retrieval_or_search_index; not a legal/license audit,prerequisites;edition;recommendation,not_established,US; regional availability not guaranteed,,,,,2026-09-20T14:35:11+00:00,fetch_failed,identity_not_established,https://www.riograndegames.com/games/power-grid-recharged/,,src-ba720c803791a003,not_established,base_game_requirement,,
rec_7fdefd61a10a6b,prd_cd976746160689,game_power-grid,Power Grid,power-grid,Middle East / South Africa Recharged,Rio Grande Games,map_expansion,,primary_catalog_identity,hold_for_product_detail_verification,unknown,unknown,,,not_verified,false,,Publisher lists these for Power Grid: Recharged; check rules when using an older base edition.,,,Alternative Power Grid maps with region-specific rules.,product_or_cycle_description,,not_established,,,,,,,,,not_assessed,,,,,,,,,,not_recorded,,,not_verified,,,unknown,not_checked,https://www.riograndegames.com/games/power-grid-recharged/,,publisher,catalog,product_name;base_game_association,catalog_verified_details_pending,2026-09-20,web_retrieval_or_search_index; not a legal/license audit,prerequisites;edition;recommendation,not_established,US; regional availability not guaranteed,,,,,2026-09-20T14:35:11+00:00,fetch_failed,identity_not_established,https://www.riograndegames.com/games/power-grid-recharged/,,src-ba720c803791a003,not_established,base_game_requirement,,
rec_1967a5db5f99eb,prd_e0c36bf2652de8,game_power-grid,Power Grid,power-grid,Northern Europe / United Kingdom & Ireland Recharged,Rio Grande Games,map_expansion,,primary_catalog_identity,hold_for_product_detail_verification,unknown,unknown,,,not_verified,false,,Publisher lists these for Power Grid: Recharged; check rules when using an older base edition.,,,Alternative Power Grid maps with region-specific rules.,product_or_cycle_description,,not_established,,,,,,,,,not_assessed,,,,,,,,,,not_recorded,,,not_verified,,,unknown,not_checked,https://www.riograndegames.com/games/power-grid-recharged/,,publisher,catalog,product_name;base_game_association,catalog_verified_details_pending,2026-09-20,web_retrieval_or_search_index; not a legal/license audit,prerequisites;edition;recommendation,not_established,US; regional availability not guaranteed,,,,,2026-09-20T14:35:11+00:00,fetch_failed,identity_not_established,https://www.riograndegames.com/games/power-grid-recharged/,,src-ba720c803791a003,not_established,base_game_requirement,,
rec_5f59d7d46515f7,prd_51202de05f0214,game_power-grid,Power Grid,power-grid,Quebec / Baden-Wurttemberg,Rio Grande Games,map_expansion,,primary_catalog_identity,hold_for_product_detail_verification,unknown,unknown,,,not_verified,false,,Publisher lists these for Power Grid: Recharged; check rules when using an older base edition.,,,Alternative Power Grid maps with region-specific rules.,product_or_cycle_description,,not_established,,,,,,,,,not_assessed,,,,,,,,,,not_recorded,,,not_verified,,,unknown,not_checked,https://www.riograndegames.com/games/power-grid-recharged/,,publisher,catalog,product_name;base_game_association,catalog_verified_details_pending,2026-09-20,web_retrieval_or_search_index; not a legal/license audit,prerequisites;edition;recommendation,not_established,US; regional availability not guaranteed,,,,,2026-09-20T14:35:11+00:00,fetch_failed,identity_not_established,https://www.riograndegames.com/games/power-grid-recharged/,,src-ba720c803791a003,not_established,base_game_requirement,,
rec_c6ff069c6bbe72,prd_07b85b0fb7aeeb,game_power-grid,Power Grid,power-grid,Russia / Japan Recharged,Rio Grande Games,map_expansion,,primary_catalog_identity,hold_for_product_detail_verification,unknown,unknown,,,not_verified,false,,Publisher lists these for Power Grid: Recharged; check rules when using an older base edition.,,,Alternative Power Grid maps with region-specific rules.,product_or_cycle_description,,not_established,,,,,,,,,not_assessed,,,,,,,,,,not_recorded,,,not_verified,,,unknown,not_checked,https://www.riograndegames.com/games/power-grid-recharged/,,publisher,catalog,product_name;base_game_association,catalog_verified_details_pending,2026-09-20,web_retrieval_or_search_index; not a legal/license audit,prerequisites;edition;recommendation,not_established,US; regional availability not guaranteed,,,,,2026-09-20T14:35:11+00:00,fetch_failed,identity_not_established,https://www.riograndegames.com/games/power-grid-recharged/,,src-ba720c803791a003,not_established,base_game_requirement,,
rec_1a074105ab9cd5,prd_ce3fd7ec603517,game_power-grid,Power Grid,power-grid,The New Power Plant Cards Set 1,Rio Grande Games,card_expansion,Recharged,primary_catalog_identity,hold_for_product_detail_verification,unknown,unknown,,,not_verified,false,,,,,,not_recorded,,not_established,,,,,,,,,not_assessed,,,,,,,,,,not_recorded,,,not_verified,,,out_of_print,not_checked,https://www.riograndegames.com/games/power-grid-recharged/,,publisher,catalog,product_name;base_game_association,catalog_verified_details_pending,2026-09-20,web_retrieval_or_search_index; not a legal/license audit,prerequisites;edition;recommendation,not_established,US; regional availability not guaranteed,,,,,2026-09-20T14:35:11+00:00,fetch_failed,identity_not_established,https://www.riograndegames.com/games/power-grid-recharged/,,src-ba720c803791a003,not_established,what_it_adds | base_game_requirement | edition_compatibility_notes,,
rec_d3eb9a199bd322,prd_f549472707943d,game_power-grid,Power Grid,power-grid,The New Power Plant Cards Set 2,Rio Grande Games,card_expansion,Recharged,primary_catalog_identity,hold_for_product_detail_verification,unknown,unknown,,,not_verified,false,,,,,,not_recorded,,not_established,,,,,,,,,not_assessed,,,,,,,,,,not_recorded,,,not_verified,,,out_of_print,not_checked,https://www.riograndegames.com/games/power-grid-recharged/,,publisher,catalog,product_name;base_game_association,catalog_verified_details_pending,2026-09-20,web_retrieval_or_search_index; not a legal/license audit,prerequisites;edition;recommendation,not_established,US; regional availability not guaranteed,,,,,2026-09-20T14:35:11+00:00,fetch_failed,identity_not_established,https://www.riograndegames.com/games/power-grid-recharged/,,src-ba720c803791a003,not_established,what_it_adds | base_game_requirement | edition_compatibility_notes,,
rec_ce8ca0dad577fe,prd_7c41f1fd8b553c,game_power-grid,Power Grid,power-grid,The Robots,Rio Grande Games,automated_opponent_expansion,,primary_catalog_identity,hold_for_product_detail_verification,unknown,unknown,,,not_verified,false,,,,,,not_recorded,,not_established,,,,,,,,,not_assessed,,,,,,,,,,not_recorded,,,not_verified,,,unknown,not_checked,https://www.riograndegames.com/games/power-grid-recharged/,,publisher,catalog,product_name;base_game_association,catalog_verified_details_pending,2026-09-20,web_retrieval_or_search_index; not a legal/license audit,prerequisites;edition;recommendation,not_established,US; regional availability not guaranteed,,,,,2026-09-20T14:35:11+00:00,fetch_failed,identity_not_established,https://www.riograndegames.com/games/power-grid-recharged/,,src-ba720c803791a003,not_established,what_it_adds | base_game_requirement | edition_compatibility_notes,,
rec_72eae102997027,prd_629997744fe09e,game_praga-caput-regni,Praga Caput Regni,praga-caput-regni,Peter Parler Solo Promo,,official_promo,,secondary_catalog_identity,hold_for_product_detail_verification,unknown,unknown,,,not_verified,false,,,,,Promotional gameplay content; exact effects and required editions not independently checked.,format_level_only,,not_established,,,,,,,,,not_assessed,,,,,,,,,,not_recorded,,,not_verified,,,unknown,not_checked,,https://boardgamegeekstore.com/collections/bgg-store-promos?page=4,specialist_retailer,retailer_catalog,product_name;base_game_association,secondary_catalog_details_pending,2026-09-20,web_retrieval_or_search_index; not a legal/license audit,product_rulebook;prerequisites;edition;recommendation;retailer_identity_only,not_established,US; regional availability not guaranteed,,,,,2026-09-20T14:35:11+00:00,fetch_failed,identity_not_established,https://boardgamegeekstore.com/collections/bgg-store-promos?page=4,,src-35a9b637149f4324,not_established,base_game_requirement | edition_compatibility_notes,,
rec_370f99b7753743,prd_28082863f8f122,game_race-for-the-galaxy,Race for the Galaxy,race-for-the-galaxy,Alien Artifacts,Rio Grande Games,expansion,,product_facts_checked,fact_checked_draft_needs_editorial_review,yes,no,Race for the Galaxy,"[[""Race for the Galaxy""]]",publisher_confirmed,true,,Separate expansion arc; do not mix with the first-arc expansions or Xeno Invasion.,,,"46 game cards, fifth-player cards and an optional 49-card Orb exploration module.",product_or_cycle_description,,not_established,2,5,publisher_product_listing,Owner specifically wants the optional Orb-exploration branch.,choose_one_expansion_arc,1,Owner specifically wants the optional Orb-exploration branch.,"This is an alternative arc, not a step in a stack containing the other arcs.",editorial_draft_mechanics_based,editorial_inference_from_publisher_mechanics_not_playtesting,stated_use_case_only_not_universal_rank,https://www.riograndegames.com/games/rftg-alien-artifacts/,24.95,publisher_listed_msrp,20_to_39_99,https://www.riograndegames.com/games/rftg-alien-artifacts/,2026-09-20,,not_recorded,,,not_verified,,,unknown,not_checked,https://www.riograndegames.com/games/rftg-alien-artifacts/,,publisher,product_detail,product_name;base_game_association;what_it_adds;base_requirement,core_facts_verified,2026-09-20,web_retrieval_or_search_index; not a legal/license audit,edition;recommendation;editorial_human_review,not_established,US; regional availability not guaranteed,,,,,2026-09-20T14:35:11+00:00,fetch_failed,identity_not_established,https://www.riograndegames.com/games/rftg-alien-artifacts/,,src-4e6b809d2c8d600d,not_established,,,
rec_5e458e610ea420,prd_36d4873eac0439,game_race-for-the-galaxy,Race for the Galaxy,race-for-the-galaxy,Expansion and Brinkmanship: The Combined 1st Arc Expansion,Rio Grande Games,expansion_bundle,,product_facts_checked,fact_checked_draft_needs_editorial_review,yes,no,Race for the Galaxy (2nd Edition),"[[""Race for the Galaxy (2nd Edition)""]]",publisher_confirmed,true,,Publisher specifies the second-edition base game. Do not mix with the other expansion arcs.,Repackages the original three first-arc expansions; check ownership before rebuying.,,"Combined first-arc expansions: The Gathering Storm, Rebel vs Imperium and The Brink of War.",product_or_cycle_description,,not_established,1,6,publisher_product_listing,Second-edition base owner wants the first-arc systems and owns none of the original three.,check_overlap_before_buying,1,Second-edition base owner wants the first-arc systems and owns none of the original three.,Consolidates three old expansions; avoid it as a new-content purchase if those originals are already owned.,editorial_draft_mechanics_based,editorial_inference_from_publisher_mechanics_not_playtesting,stated_use_case_only_not_universal_rank,https://www.riograndegames.com/games/race-for-the-galaxy-expansion-and-brinkmanship-the-combined-1st-arc-expansion/,39.95,publisher_listed_msrp,20_to_39_99,https://www.riograndegames.com/games/race-for-the-galaxy-expansion-and-brinkmanship-the-combined-1st-arc-expansion/,2026-09-20,,not_recorded,,,not_verified,,,unknown,not_checked,https://www.riograndegames.com/games/race-for-the-galaxy-expansion-and-brinkmanship-the-combined-1st-arc-expansion/,,publisher,product_detail,product_name;base_game_association;what_it_adds;base_requirement,core_facts_verified,2026-09-20,web_retrieval_or_search_index; not a legal/license audit,edition;recommendation;editorial_human_review,not_established,US; regional availability not guaranteed,,,,,2026-09-20T14:35:11+00:00,fetch_failed,identity_not_established,https://www.riograndegames.com/games/race-for-the-galaxy-expansion-and-brinkmanship-the-combined-1st-arc-expansion/,,src-4769719f47c70d98,not_established,,,
rec_29ee869ae97646,prd_3656f4efdec342,game_race-for-the-galaxy,Race for the Galaxy,race-for-the-galaxy,Rebel vs Imperium,Rio Grande Games,expansion,,product_facts_checked,fact_checked_draft_needs_editorial_review,unknown,unknown,,,not_verified,false,,Part of the cumulative first arc. Exact module requirements need a rulebook check; do not auto-recommend from base alone.,Included in the Combined 1st Arc Expansion.,,New cards and sixth-player support when combined with The Gathering Storm.,product_or_cycle_description,,not_established,1,6,publisher_product_listing,,,,,,not_assessed,,,,24.95,historical_publisher_msrp,20_to_39_99,https://www.riograndegames.com/games/rftg-rebel-vs-imperium/,2026-09-20,,not_recorded,,,not_verified,,,out_of_print,not_checked,https://www.riograndegames.com/games/rftg-rebel-vs-imperium/,,publisher,product_detail,product_name;base_game_association;what_it_adds,core_facts_verified,2026-09-20,web_retrieval_or_search_index; not a legal/license audit,full_prerequisite_chain;edition;recommendation,not_established,US; regional availability not guaranteed,,,,,2026-09-20T14:35:11+00:00,fetch_failed,identity_not_established,https://www.riograndegames.com/games/rftg-rebel-vs-imperium/,,src-0fdce22ed3b25ec1,not_established,base_game_requirement,,
rec_e189d6dd7f7755,prd_273345b7100eaa,game_race-for-the-galaxy,Race for the Galaxy,race-for-the-galaxy,The Brink of War,Rio Grande Games,expansion,,product_facts_checked,fact_checked_draft_needs_editorial_review,unknown,unknown,,,not_verified,false,,Part of the cumulative first arc. Exact module requirements need a rulebook check; do not auto-recommend from base alone.,Included in the Combined 1st Arc Expansion.,,"Galactic prestige, new goals/worlds, solo counters and six-player drafting rules.",product_or_cycle_description,,not_established,1,6,publisher_product_listing,,,,,,not_assessed,,,,24.95,historical_publisher_msrp,20_to_39_99,https://www.riograndegames.com/games/rftg-the-brink-of-war/,2026-09-20,,not_recorded,,,not_verified,,,out_of_print,not_checked,https://www.riograndegames.com/games/rftg-the-brink-of-war/,,publisher,product_detail,product_name;base_game_association;what_it_adds,core_facts_verified,2026-09-20,web_retrieval_or_search_index; not a legal/license audit,full_prerequisite_chain;edition;recommendation,not_established,US; regional availability not guaranteed,,,,,2026-09-20T14:35:11+00:00,fetch_failed,identity_not_established,https://www.riograndegames.com/games/rftg-the-brink-of-war/,,src-1ce25cecb63939f4,not_established,base_game_requirement,,
rec_eaca78a21f7445,prd_02dae55c6be9ff,game_race-for-the-galaxy,Race for the Galaxy,race-for-the-galaxy,The Gathering Storm,Rio Grande Games,expansion,,product_facts_checked,fact_checked_draft_needs_editorial_review,yes,no,Race for the Galaxy,"[[""Race for the Galaxy""]]",publisher_confirmed,true,,First expansion arc; some later entries need earlier arc expansions. Repackaged in Expansion and Brinkmanship.,Included in the Combined 1st Arc Expansion.,,"New cards, fifth-player support, shared goals, solo and drafting rules.",product_or_cycle_description,,not_established,1,5,publisher_product_listing,,,,,,not_assessed,,,,24.95,publisher_listed_msrp,20_to_39_99,https://www.riograndegames.com/games/rftg-the-gathering-storm/,2026-09-20,,not_recorded,,,not_verified,,,out_of_print,not_checked,https://www.riograndegames.com/games/rftg-the-gathering-storm/,,publisher,product_detail,product_name;base_game_association;what_it_adds;base_requirement,core_facts_verified,2026-09-20,web_retrieval_or_search_index; not a legal/license audit,edition;recommendation,not_established,US; regional availability not guaranteed,,,,,2026-09-20T14:35:11+00:00,fetch_failed,identity_not_established,https://www.riograndegames.com/games/rftg-the-gathering-storm/,,src-19de32f19c9d8158,not_established,,,
rec_fa4c091d6a4c85,prd_12bf047d18d842,game_race-for-the-galaxy,Race for the Galaxy,race-for-the-galaxy,Xeno Counterstrike,Rio Grande Games,expansion,,product_facts_checked,fact_checked_draft_needs_editorial_review,yes,no,Race for the Galaxy + Xeno Invasion,"[[""Race for the Galaxy"", ""Xeno Invasion""]]",publisher_confirmed,true,,"Part of the Xeno arc, not an add-on to the first-arc or Alien Artifacts stacks.",,,Additional game cards and a counterattack continuation of the Invasion mode.,product_or_cycle_description,,not_established,2,4,publisher_product_listing,Owner already has Xeno Invasion and wants to extend that branch.,buy_only_when_requirements_met,2,Owner already has Xeno Invasion and wants to extend that branch.,Xeno Invasion is explicitly required; it is not a base-only first expansion.,editorial_draft_mechanics_based,editorial_inference_from_publisher_mechanics_not_playtesting,stated_use_case_only_not_universal_rank,https://www.riograndegames.com/games/race-for-the-galaxy-xeno-counterstrike/,39.95,publisher_listed_msrp,20_to_39_99,https://www.riograndegames.com/games/race-for-the-galaxy-xeno-counterstrike/,2026-09-20,,not_recorded,,,not_verified,,,unknown,not_checked,https://www.riograndegames.com/games/race-for-the-galaxy-xeno-counterstrike/,,publisher,product_detail,product_name;base_game_association;what_it_adds;base_requirement,core_facts_verified,2026-09-20,web_retrieval_or_search_index; not a legal/license audit,edition;recommendation;editorial_human_review,not_established,US; regional availability not guaranteed,,,,,2026-09-20T14:35:11+00:00,fetch_failed,identity_not_established,https://www.riograndegames.com/games/race-for-the-galaxy-xeno-counterstrike/,,src-de7948ea9b8090ee,not_established,,,
rec_bd9fdeb7e33696,prd_9f5c4b51437938,game_race-for-the-galaxy,Race for the Galaxy,race-for-the-galaxy,Xeno Invasion,Rio Grande Games,expansion,,product_facts_checked,fact_checked_draft_needs_editorial_review,yes,no,Race for the Galaxy,"[[""Race for the Galaxy""]]",publisher_confirmed,true,,Separate expansion arc; not compatible with the first-arc expansions or Alien Artifacts.,,,51 cards and optional alien-invasion gameplay.,product_or_cycle_description,,not_established,2,5,publisher_product_listing,Owner wants the alien-invasion branch.,choose_one_expansion_arc,1,Owner wants the alien-invasion branch.,Start the Xeno branch here; incompatible-arc warnings must remain visible.,editorial_draft_mechanics_based,editorial_inference_from_publisher_mechanics_not_playtesting,stated_use_case_only_not_universal_rank,https://www.riograndegames.com/games/rftg-xeno-invasion/,24.95,publisher_listed_msrp,20_to_39_99,https://www.riograndegames.com/games/rftg-xeno-invasion/,2026-09-20,,not_recorded,,,not_verified,,,unknown,not_checked,https://www.riograndegames.com/games/rftg-xeno-invasion/,,publisher,product_detail,product_name;base_game_association;what_it_adds;base_requirement,core_facts_verified,2026-09-20,web_retrieval_or_search_index; not a legal/license audit,edition;recommendation;editorial_human_review,not_established,US; regional availability not guaranteed,,,,,2026-09-20T14:35:11+00:00,fetch_failed,identity_not_established,https://www.riograndegames.com/games/rftg-xeno-invasion/,,src-1a1577d3fe1ab594,not_established,,,
rec_ffd9dcd0a8557c,prd_1de15523b20832,game_raiders-of-the-north-sea,Raiders of the North Sea,raiders-of-the-north-sea,Fields of Fame,Garphill Games,expansion,,primary_catalog_identity,hold_for_product_detail_verification,unknown,unknown,,,not_verified,false,,,,,,not_recorded,,not_established,,,,,,,,,not_assessed,,,,35.0,displayed_catalog_price_not_live_quote,20_to_39_99,https://www.garphill.com/collections/north-sea,2026-09-20,,not_recorded,,,not_verified,,,unknown,not_checked,https://www.garphill.com/collections/north-sea,,publisher,catalog,product_name;base_game_association,catalog_verified_details_pending,2026-09-20,web_retrieval_or_search_index; not a legal/license audit,prerequisites;edition;recommendation,not_established,US; regional availability not guaranteed,,,,,2026-09-20T14:35:11+00:00,fetch_failed,identity_not_established,https://www.garphill.com/collections/north-sea,,src-130caea7f9b038a9,not_established,what_it_adds | base_game_requirement | edition_compatibility_notes,,
rec_c90e6efe395382,prd_d8ee8f623bf87e,game_raiders-of-the-north-sea,Raiders of the North Sea,raiders-of-the-north-sea,Hall of Heroes,Garphill Games,expansion,,primary_catalog_identity,hold_for_product_detail_verification,unknown,unknown,,,not_verified,false,,,,,,not_recorded,,not_established,,,,,,,,,not_assessed,,,,35.0,displayed_catalog_price_not_live_quote,20_to_39_99,https://www.garphill.com/collections/north-sea,2026-09-20,,not_recorded,,,not_verified,,,unknown,not_checked,https://www.garphill.com/collections/north-sea,,publisher,catalog,product_name;base_game_association,catalog_verified_details_pending,2026-09-20,web_retrieval_or_search_index; not a legal/license audit,prerequisites;edition;recommendation,not_established,US; regional availability not guaranteed,,,,,2026-09-20T14:35:11+00:00,fetch_failed,identity_not_established,https://www.garphill.com/collections/north-sea,,src-130caea7f9b038a9,not_established,what_it_adds | base_game_requirement | edition_compatibility_notes,,
rec_016ce15f07af30,prd_4948eea08cab0b,game_raiders-of-the-north-sea,Raiders of the North Sea,raiders-of-the-north-sea,Solo Variant,Garphill Games,solo_expansion,,primary_catalog_identity,hold_for_product_detail_verification,unknown,unknown,,,not_verified,false,,,,,,not_recorded,,not_established,,,,,,,,,not_assessed,,,,15.0,displayed_catalog_price_not_live_quote,under_20,https://www.garphill.com/collections/north-sea,2026-09-20,,not_recorded,,,not_verified,,,unknown,not_checked,https://www.garphill.com/collections/north-sea,,publisher,catalog,product_name;base_game_association,catalog_verified_details_pending,2026-09-20,web_retrieval_or_search_index; not a legal/license audit,prerequisites;edition;recommendation,not_established,US; regional availability not guaranteed,,,,,2026-09-20T14:35:11+00:00,fetch_failed,identity_not_established,https://www.garphill.com/collections/north-sea,,src-130caea7f9b038a9,not_established,what_it_adds | base_game_requirement | edition_compatibility_notes,,
rec_5de0f6cbb7457f,prd_c0fb10608f93ca,game_resafa,Resafa,resafa,Spiel 2024 Promo,,official_promo,,secondary_catalog_identity,hold_for_product_detail_verification,unknown,unknown,,,not_verified,false,,,,,Promotional gameplay content; exact effects and required editions not independently checked.,format_level_only,,not_established,,,,,,,,,not_assessed,,,,,,,,,,not_recorded,,,not_verified,,,unknown,not_checked,,https://boardgamegeekstore.com/collections/bgg-store-promos?page=2,specialist_retailer,retailer_catalog,product_name;base_game_association,secondary_catalog_details_pending,2026-09-20,web_retrieval_or_search_index; not a legal/license audit,product_rulebook;prerequisites;edition;recommendation;retailer_identity_only,not_established,US; regional availability not guaranteed,,,,,2026-09-20T14:35:11+00:00,fetch_failed,identity_not_established,https://boardgamegeekstore.com/collections/bgg-store-promos?page=2,,src-42cc4ca501b42b1f,not_established,base_game_requirement | edition_compatibility_notes,,
rec_8e2775850b9bea,prd_80cf2d7ea5e097,game_roll-player,Roll Player,roll-player,Ring of Charity Promo,Thunderworks Games,official_promo,,secondary_catalog_identity,hold_for_product_detail_verification,unknown,unknown,,,not_verified,false,,,,,Promotional gameplay content; exact effects and required editions not independently checked.,format_level_only,,not_established,,,,,,,,,not_assessed,,,,,,,,,,not_recorded,,,not_verified,,,unknown,not_checked,,https://boardgamegeekstore.com/collections/bgg-store-promos?page=5,specialist_retailer,retailer_catalog,product_name;base_game_association,secondary_catalog_details_pending,2026-09-20,web_retrieval_or_search_index; not a legal/license audit,product_rulebook;prerequisites;edition;recommendation;retailer_identity_only,not_established,US; regional availability not guaranteed,,,,,2026-09-20T14:35:11+00:00,fetch_failed,identity_not_established,https://boardgamegeekstore.com/collections/bgg-store-promos?page=5,,src-8c6068e038559de0,not_established,base_game_requirement | edition_compatibility_notes,,
rec_90d9bea218aeba,prd_0fc3a507743049,game_roll-player-adventures,Roll Player Adventures,roll-player-adventures,Lost Characters,Thunderworks Games,gameplay_addition_format_pending,,secondary_catalog_identity,hold_for_product_detail_verification,unknown,unknown,,,not_verified,false,,,,,Promotional gameplay content; exact effects and required editions not independently checked.,format_level_only,,not_established,,,,,,,,,not_assessed,,,,,,,,,,not_recorded,,,not_verified,,,unknown,not_checked,,https://boardgamegeekstore.com/collections/bgg-store-promos,specialist_retailer,retailer_catalog,product_name;base_game_association,secondary_catalog_details_pending,2026-09-20,web_retrieval_or_search_index; not a legal/license audit,product_rulebook;prerequisites;edition;recommendation;retailer_identity_only,not_established,US; regional availability not guaranteed,,,,,2026-09-20T14:35:11+00:00,fetch_failed,identity_not_established,https://boardgamegeekstore.com/collections/bgg-store-promos,,src-01c27471df6176f4,not_established,base_game_requirement | edition_compatibility_notes,,
rec_08b9a5e455c041,prd_e6d6385ea20809,game_roll-player-adventures,Roll Player Adventures,roll-player-adventures,Silver Threads of Fate,Thunderworks Games,gameplay_addition_format_pending,,secondary_catalog_identity,hold_for_product_detail_verification,unknown,unknown,,,not_verified,false,,,,,Promotional gameplay content; exact effects and required editions not independently checked.,format_level_only,,not_established,,,,,,,,,not_assessed,,,,,,,,,,not_recorded,,,not_verified,,,unknown,not_checked,,https://boardgamegeekstore.com/collections/bgg-store-promos,specialist_retailer,retailer_catalog,product_name;base_game_association,secondary_catalog_details_pending,2026-09-20,web_retrieval_or_search_index; not a legal/license audit,product_rulebook;prerequisites;edition;recommendation;retailer_identity_only,not_established,US; regional availability not guaranteed,,,,,2026-09-20T14:35:11+00:00,fetch_failed,identity_not_established,https://boardgamegeekstore.com/collections/bgg-store-promos,,src-01c27471df6176f4,not_established,base_game_requirement | edition_compatibility_notes,,
rec_2c4fb5fd613c75,prd_0eb1a3cb3032b6,game_rome-roll,Rome & Roll,rome-roll,Pantheon Promo,,official_promo,,secondary_catalog_identity,hold_for_product_detail_verification,unknown,unknown,,,not_verified,false,,,,,Promotional gameplay content; exact effects and required editions not independently checked.,format_level_only,,not_established,,,,,,,,,not_assessed,,,,,,,,,,not_recorded,,,not_verified,,,unknown,not_checked,,https://boardgamegeekstore.com/collections/bgg-store-promos?page=5,specialist_retailer,retailer_catalog,product_name;base_game_association,secondary_catalog_details_pending,2026-09-20,web_retrieval_or_search_index; not a legal/license audit,product_rulebook;prerequisites;edition;recommendation;retailer_identity_only,not_established,US; regional availability not guaranteed,,,,,2026-09-20T14:35:11+00:00,fetch_failed,identity_not_established,https://boardgamegeekstore.com/collections/bgg-store-promos?page=5,,src-8c6068e038559de0,not_established,base_game_requirement | edition_compatibility_notes,,
rec_6e5ba0ac896706,prd_13e2e831a9d3da,game_root,Root,root,Homeland Hirelings Pack,Leder Games,mini_expansion,,product_facts_checked,fact_checked_draft_needs_editorial_review,yes,no,Root,"[[""Root""]]",publisher_confirmed,true,,"Requires Root, not the similarly named faction expansion. Publisher emphasizes improving low-player-count variety.",,,"River Roamers, Sunny Advocates and Prosperous Farmers hirelings.",product_or_cycle_description,,not_established,,,,Especially relevant to groups seeking more interaction at lower player counts.,,,,,not_assessed,,,,20.0,displayed_catalog_price_not_live_quote,20_to_39_99,https://ledergames.com/collections/root/products/root-homeland-hirelings-pack,2026-09-20,https://ledergames.com/collections/root/products/root-homeland-hirelings-pack,source_product_page_may_link_to_store,,,not_verified,,,unknown,not_checked,https://ledergames.com/collections/root/products/root-homeland-hirelings-pack,,publisher,product_detail,product_name;base_game_association;what_it_adds;base_requirement,core_facts_verified,2026-09-20,web_retrieval_or_search_index; not a legal/license audit,edition;recommendation,not_established,US; regional availability not guaranteed,,,,,2026-09-20T14:35:11+00:00,fetch_failed,identity_not_established,https://ledergames.com/collections/root/products/root-homeland-hirelings-pack,,src-48ffeaf48e355dbc,not_established,,,
rec_52189231755278,prd_9c483214c4ebec,game_root,Root,root,Landmarks Pack,Leder Games,mini_expansion,,product_facts_checked,fact_checked_draft_needs_editorial_review,yes,no,Root,"[[""Root""]]",publisher_confirmed,true,,,,,"Four optional landmarks and rules: Black Market, Lost City, Legendary Forge and Elder Treetop.",product_or_cycle_description,,not_established,,,,,,,,,not_assessed,,,,10.0,displayed_catalog_price_not_live_quote,under_20,https://ledergames.com/collections/root/products/root-landmark-pack,2026-09-20,https://ledergames.com/collections/root/products/root-landmark-pack,source_product_page_may_link_to_store,,,not_verified,,,unknown,not_checked,https://ledergames.com/collections/root/products/root-landmark-pack,,publisher,product_detail,product_name;base_game_association;what_it_adds;base_requirement,core_facts_verified,2026-09-20,web_retrieval_or_search_index; not a legal/license audit,edition;recommendation,not_established,US; regional availability not guaranteed,,,,,2026-09-20T14:35:11+00:00,fetch_failed,identity_not_established,https://ledergames.com/collections/root/products/root-landmark-pack,,src-54a7c03eade4f05d,not_established,edition_compatibility_notes,,
rec_a010350cefdeb4,prd_13c18964019c9e,game_root,Root,root,Marauder Hirelings Pack & Hireling Box,Leder Games,storage_plus_gameplay_bundle,,product_facts_checked,fact_checked_draft_needs_editorial_review,yes,no,Root,"[[""Root""]]",publisher_confirmed,true,,"Requires Root, not the similarly named faction expansion. Publisher emphasizes improving low-player-count variety.",,,"Three hireling pairs (Flame Bearers, Street Band and Vault Keepers with reverse-side variants), plus hireling storage.",product_or_cycle_description,,not_established,,,,Especially relevant to groups seeking more interaction at lower player counts.,,,,,not_assessed,,,,30.0,displayed_catalog_price_not_live_quote,20_to_39_99,https://ledergames.com/collections/root/products/root-marauder-hirelings-pack-hireling-box,2026-09-20,https://ledergames.com/collections/root/products/root-marauder-hirelings-pack-hireling-box,source_product_page_may_link_to_store,,,not_verified,,,unknown,not_checked,https://ledergames.com/collections/root/products/root-marauder-hirelings-pack-hireling-box,,publisher,product_detail,product_name;base_game_association;what_it_adds;base_requirement,core_facts_verified,2026-09-20,web_retrieval_or_search_index; not a legal/license audit,edition;recommendation,not_established,US; regional availability not guaranteed,,,,,2026-09-20T14:35:11+00:00,fetch_failed,identity_not_established,https://ledergames.com/collections/root/products/root-marauder-hirelings-pack-hireling-box,,src-2f05a333e9d41af3,not_established,,,
rec_63d9898d9beb10,prd_1872be4b955666,game_root,Root,root,Riverfolk Hirelings Pack,Leder Games,mini_expansion,,product_facts_checked,fact_checked_draft_needs_editorial_review,yes,no,Root,"[[""Root""]]",publisher_confirmed,true,,"Requires Root, not the similarly named faction expansion. Publisher emphasizes improving low-player-count variety.",,,"The Flotilla, Highway Bandits and Warm Sun Prophets hirelings, each with a reverse-side variant.",product_or_cycle_description,,not_established,,,,Especially relevant to groups seeking more interaction at lower player counts.,,,,,not_assessed,,,,20.0,displayed_catalog_price_not_live_quote,20_to_39_99,https://ledergames.com/collections/root/products/root-riverfolk-hirelings-pack,2026-09-20,https://ledergames.com/collections/root/products/root-riverfolk-hirelings-pack,source_product_page_may_link_to_store,,,not_verified,,,unknown,not_checked,https://ledergames.com/collections/root/products/root-riverfolk-hirelings-pack,,publisher,product_detail,product_name;base_game_association;what_it_adds;base_requirement,core_facts_verified,2026-09-20,web_retrieval_or_search_index; not a legal/license audit,edition;recommendation,not_established,US; regional availability not guaranteed,,,,,2026-09-20T14:35:11+00:00,fetch_failed,identity_not_established,https://ledergames.com/collections/root/products/root-riverfolk-hirelings-pack,,src-3ba22cb158efc17f,not_established,,,
rec_f22502e333ae9b,prd_57393db9ecd93f,game_root,Root,root,The Clockwork Expansion,Leder Games,expansion,,product_facts_checked,fact_checked_draft_needs_editorial_review,yes,no,Root base game.,"[[""Root""]]",publisher_confirmed,true,,,,,"Automated versions of the four base factions for solo, cooperative or competitive games.",product_or_cycle_description,,not_established,1,4,publisher_product_listing;configuration_rules_apply,Owner wants automated opponents or cooperative play.,strong_fit_for_stated_use,1,Owner wants automated opponents or cooperative play.,Automates the base factions without requiring separate faction expansions.,editorial_draft_mechanics_based,editorial_inference_from_publisher_mechanics_not_playtesting,stated_use_case_only_not_universal_rank,https://ledergames.com/collections/root/products/root-the-clockwork-expansion,40.0,displayed_catalog_price_not_live_quote,40_to_59_99,https://ledergames.com/collections/root/products/root-the-clockwork-expansion,2026-09-20,https://ledergames.com/collections/root/products/root-the-clockwork-expansion,source_product_page_not_checkout_tested,,,not_verified,,,unknown,not_checked,https://ledergames.com/collections/root/products/root-the-clockwork-expansion,,publisher,product_detail,product_name;base_game_association;base_requirement;what_it_adds;player_range;price,core_facts_verified,2026-09-20,web_retrieval_or_search_index; not a legal/license audit,faction_mix;recommendation;editorial_human_review,not_established,US; regional availability not guaranteed,,,,,2026-09-20T14:35:11+00:00,fetch_failed,identity_not_established,https://ledergames.com/collections/root/products/root-the-clockwork-expansion,,src-b14aa72138096570,not_established,edition_compatibility_notes,,
rec_c827d811df16d7,prd_fde0525bf2a5cd,game_root,Root,root,The Clockwork Expansion 2,Leder Games,expansion,,product_facts_checked,fact_checked_draft_needs_editorial_review,yes,no,Root + The Riverfolk Expansion and/or The Underworld Expansion; chosen bot needs its matching faction components.,"[[""Root"", ""The Riverfolk Expansion""], [""Root"", ""The Underworld Expansion""]]",publisher_confirmed_conditional,false,,The Clockwork Expansion 1 is not required. An expansion for one faction pair does not supply the other pair of bots.,,,"Automated lizard, otter, corvid and mole opponents; difficulty/trait options and Better Bot traits.",product_or_cycle_description,,not_established,1,4,publisher_product_listing,Owner already has Riverfolk/Underworld and wants those bots.,buy_only_when_requirements_met,2,Owner already has Riverfolk/Underworld and wants those bots.,Bot components depend on the corresponding faction expansions; not a substitute for buying those boxes.,editorial_draft_mechanics_based,editorial_inference_from_publisher_mechanics_not_playtesting,stated_use_case_only_not_universal_rank,https://ledergames.com/collections/root/products/root-the-clockwork-expansion-2,40.0,displayed_catalog_price_not_live_quote,40_to_59_99,https://ledergames.com/collections/root/products/root-the-clockwork-expansion-2,2026-09-20,https://ledergames.com/collections/root/products/root-the-clockwork-expansion-2,source_product_page_may_link_to_store,,,not_verified,,,unknown,not_checked,https://ledergames.com/collections/root/products/root-the-clockwork-expansion-2,,publisher,product_detail,product_name;base_game_association;what_it_adds,core_facts_verified,2026-09-20,web_retrieval_or_search_index; not a legal/license audit,selected_bot_component_check;edition;recommendation;editorial_human_review,not_established,US; regional availability not guaranteed,,,,,2026-09-20T14:35:11+00:00,fetch_failed,identity_not_established,https://ledergames.com/collections/root/products/root-the-clockwork-expansion-2,,src-bfe58b5a381f484e,not_established,,,
rec_2018f105557d15,prd_340d693bea4526,game_root,Root,root,The Exiles and Partisans Deck,Leder Games,mini_expansion,,product_facts_checked,fact_checked_draft_needs_editorial_review,yes,no,Root,"[[""Root""]]",publisher_confirmed,true,,,,,Alternative 54-card deck with 20 new powers; replaces the original common deck.,product_or_cycle_description,,not_established,,,,Owner wants a lower-cost change without a new faction.,consider_for_stated_use,1,Owner wants a lower-cost change without a new faction.,A replacement deck changes common powers at a smaller listed price than a faction box.,editorial_draft_mechanics_based,editorial_inference_from_publisher_mechanics_not_playtesting,stated_use_case_only_not_universal_rank,https://ledergames.com/collections/root/products/root-the-exiles-and-partisans-deck,10.0,displayed_catalog_price_not_live_quote,under_20,https://ledergames.com/collections/root/products/root-the-exiles-and-partisans-deck,2026-09-20,https://ledergames.com/collections/root/products/root-the-exiles-and-partisans-deck,source_product_page_may_link_to_store,,,not_verified,,,unknown,not_checked,https://ledergames.com/collections/root/products/root-the-exiles-and-partisans-deck,,publisher,product_detail,product_name;base_game_association;what_it_adds;base_requirement,core_facts_verified,2026-09-20,web_retrieval_or_search_index; not a legal/license audit,edition;recommendation;editorial_human_review,not_established,US; regional availability not guaranteed,,,,,2026-09-20T14:35:11+00:00,fetch_failed,identity_not_established,https://ledergames.com/collections/root/products/root-the-exiles-and-partisans-deck,,src-32bf6b06de25e623,not_established,edition_compatibility_notes,,
rec_be9654071c329d,prd_6cd235dd3a5c87,game_root,Root,root,The Homeland Expansion,Leder Games,expansion,,product_facts_checked,fact_checked_draft_needs_editorial_review,yes,no,Root,"[[""Root""]]",publisher_confirmed,true,,,,,"Three factions (Lilypad Diaspora, Twilight Council and Knaves of the Deepwood) and two maps.",product_or_cycle_description,,not_established,2,6,publisher_product_listing,Experienced group wants three new factions and two maps.,consider_for_stated_use,2,Experienced group wants three new factions and two maps.,Broad content increase; learn existing factions first rather than buying for completeness alone.,editorial_draft_mechanics_based,editorial_inference_from_publisher_mechanics_not_playtesting,stated_use_case_only_not_universal_rank,https://ledergames.com/collections/root/products/root-the-homeland-expansion,60.0,displayed_catalog_price_not_live_quote,60_to_99_99,https://ledergames.com/collections/root/products/root-the-homeland-expansion,2026-09-20,https://ledergames.com/collections/root/products/root-the-homeland-expansion,source_product_page_may_link_to_store,,,not_verified,,,unknown,not_checked,https://ledergames.com/collections/root/products/root-the-homeland-expansion,,publisher,product_detail,product_name;base_game_association;what_it_adds;base_requirement,core_facts_verified,2026-09-20,web_retrieval_or_search_index; not a legal/license audit,edition;recommendation;editorial_human_review,not_established,US; regional availability not guaranteed,,,,,2026-09-20T14:35:11+00:00,fetch_failed,identity_not_established,https://ledergames.com/collections/root/products/root-the-homeland-expansion,,src-6b69aa870413db74,not_established,edition_compatibility_notes,,
rec_6e86e2e26a95d7,prd_edb4b2dab37911,game_root,Root,root,The Marauder Expansion,Leder Games,expansion,,product_facts_checked,fact_checked_draft_needs_editorial_review,yes,no,Root base game.,"[[""Root""]]",publisher_confirmed,true,,,,,"Lord of the Hundreds and Keepers in Iron factions, four hirelings and advanced setup.",product_or_cycle_description,,not_established,2,6,publisher_product_listing;configuration_rules_apply,Low-player-count competitive group wants additional militant factions and hirelings.,strong_fit_for_stated_use,1,Low-player-count competitive group wants additional militant factions and hirelings.,Its militant factions and hirelings directly match that configuration; verify the chosen faction mix.,editorial_draft_mechanics_based,editorial_inference_from_publisher_mechanics_not_playtesting,stated_use_case_only_not_universal_rank,https://ledergames.com/collections/root/products/root-the-marauder-expansion,50.0,displayed_catalog_price_not_live_quote,40_to_59_99,https://ledergames.com/collections/root/products/root-the-marauder-expansion,2026-09-20,https://ledergames.com/collections/root/products/root-the-marauder-expansion,source_product_page_not_checkout_tested,,,not_verified,,,unknown,not_checked,https://ledergames.com/collections/root/products/root-the-marauder-expansion,,publisher,product_detail,product_name;base_game_association;base_requirement;what_it_adds;player_range;price,core_facts_verified,2026-09-20,web_retrieval_or_search_index; not a legal/license audit,faction_mix;recommendation;editorial_human_review,not_established,US; regional availability not guaranteed,,,,,2026-09-20T14:35:11+00:00,fetch_failed,identity_not_established,https://ledergames.com/collections/root/products/root-the-marauder-expansion,,src-3d18f060b6d53fbd,not_established,edition_compatibility_notes,,
rec_c131d02e3ead19,prd_e7f0698724abe4,game_root,Root,root,The Riverfolk Expansion,Leder Games,expansion,,product_facts_checked,fact_checked_draft_needs_editorial_review,yes,no,Root base game.,"[[""Root""]]",publisher_confirmed,true,,,,,"Riverfolk Company and Lizard Cult factions, three Vagabonds and an automated opponent.",product_or_cycle_description,,not_established,1,6,publisher_product_listing;configuration_rules_apply,"Group wants trading, negotiation and an unusual faction style.",consider_for_stated_use,2,"Group wants trading, negotiation and an unusual faction style.",The otters and lizards offer a different interaction profile rather than new maps.,editorial_draft_mechanics_based,editorial_inference_from_publisher_mechanics_not_playtesting,stated_use_case_only_not_universal_rank,https://ledergames.com/collections/root/products/root-the-riverfolk-expansion,40.0,displayed_catalog_price_not_live_quote,40_to_59_99,https://ledergames.com/collections/root/products/root-the-riverfolk-expansion,2026-09-20,https://ledergames.com/collections/root/products/root-the-riverfolk-expansion,source_product_page_not_checkout_tested,,,not_verified,,,unknown,not_checked,https://ledergames.com/collections/root/products/root-the-riverfolk-expansion,,publisher,product_detail,product_name;base_game_association;base_requirement;what_it_adds;player_range;price,core_facts_verified,2026-09-20,web_retrieval_or_search_index; not a legal/license audit,faction_mix;recommendation;editorial_human_review,not_established,US; regional availability not guaranteed,,,,,2026-09-20T14:35:11+00:00,fetch_failed,identity_not_established,https://ledergames.com/collections/root/products/root-the-riverfolk-expansion,,src-b3f24d24f95d3853,not_established,edition_compatibility_notes,,
rec_66c2b87d3dd505,prd_d539522b1f21ed,game_root,Root,root,The Squires and Disciples Deck,Leder Games,mini_expansion,,product_facts_checked,fact_checked_draft_needs_editorial_review,yes,no,Root,"[[""Root""]]",publisher_confirmed,true,,,,,"Alternative shared deck emphasizing hand composition, dominance and battle-related powers.",product_or_cycle_description,,not_established,,,,,,,,,not_assessed,,,,10.0,displayed_catalog_price_not_live_quote,under_20,https://ledergames.com/collections/root/products/root-the-squires-and-disciples-deck,2026-09-20,https://ledergames.com/collections/root/products/root-the-squires-and-disciples-deck,source_product_page_may_link_to_store,,,not_verified,,,unknown,not_checked,https://ledergames.com/collections/root/products/root-the-squires-and-disciples-deck,,publisher,product_detail,product_name;base_game_association;what_it_adds;base_requirement,core_facts_verified,2026-09-20,web_retrieval_or_search_index; not a legal/license audit,edition;recommendation,not_established,US; regional availability not guaranteed,,,,,2026-09-20T14:35:11+00:00,fetch_failed,identity_not_established,https://ledergames.com/collections/root/products/root-the-squires-and-disciples-deck,,src-93f1f2f9c192cd12,not_established,edition_compatibility_notes,,
rec_5f93056d270f08,prd_8494515da6cd6e,game_root,Root,root,The Underworld Expansion,Leder Games,expansion,,product_facts_checked,fact_checked_draft_needs_editorial_review,yes,no,Root base game.,"[[""Root""]]",publisher_confirmed,true,,,,,"Underground Duchy and Corvid Conspiracy factions, plus lake and mountain maps.",product_or_cycle_description,,not_established,2,6,publisher_product_listing;configuration_rules_apply,Existing competitive group wants faction AND map variety.,strong_fit_for_stated_use,1,Existing competitive group wants faction AND map variety.,Two factions plus two maps diversify both armies and geography; a broader-content option than a deck-only pack.,editorial_draft_mechanics_based,editorial_inference_from_publisher_mechanics_not_playtesting,stated_use_case_only_not_universal_rank,https://ledergames.com/collections/root/products/root-underworld-expansion,50.0,displayed_catalog_price_not_live_quote,40_to_59_99,https://ledergames.com/collections/root/products/root-underworld-expansion,2026-09-20,https://ledergames.com/collections/root/products/root-underworld-expansion,source_product_page_not_checkout_tested,,,not_verified,,,unknown,not_checked,https://ledergames.com/collections/root/products/root-underworld-expansion,,publisher,product_detail,product_name;base_game_association;base_requirement;what_it_adds;player_range;price,core_facts_verified,2026-09-20,web_retrieval_or_search_index; not a legal/license audit,faction_mix;recommendation;editorial_human_review,not_established,US; regional availability not guaranteed,,,,,2026-09-20T14:35:11+00:00,fetch_failed,identity_not_established,https://ledergames.com/collections/root/products/root-underworld-expansion,,src-d387a75ac4b0f46a,not_established,edition_compatibility_notes,,
rec_61c3cee87a1748,prd_70156572300407,game_root,Root,root,The Vagabond Pack,Leder Games,mini_expansion,,product_facts_checked,fact_checked_draft_needs_editorial_review,yes,no,Root,"[[""Root""]]",publisher_confirmed,true,,,,,"Seven Vagabond meeples and three new characters: Ronin, Adventurer and Harrier.",product_or_cycle_description,,not_established,,,,Group actively plays Vagabond and wants more character choices.,specialist_purchase,3,Group actively plays Vagabond and wants more character choices.,New Vagabonds matter only when this role is used; skip as a default first purchase for other groups.,editorial_draft_mechanics_based,editorial_inference_from_publisher_mechanics_not_playtesting,stated_use_case_only_not_universal_rank,https://ledergames.com/collections/root/products/root-the-vagabond-pack,10.0,displayed_catalog_price_not_live_quote,under_20,https://ledergames.com/collections/root/products/root-the-vagabond-pack,2026-09-20,https://ledergames.com/collections/root/products/root-the-vagabond-pack,source_product_page_may_link_to_store,,,not_verified,,,unknown,not_checked,https://ledergames.com/collections/root/products/root-the-vagabond-pack,,publisher,product_detail,product_name;base_game_association;what_it_adds;base_requirement,core_facts_verified,2026-09-20,web_retrieval_or_search_index; not a legal/license audit,edition;recommendation;editorial_human_review,not_established,US; regional availability not guaranteed,,,,,2026-09-20T14:35:11+00:00,fetch_failed,identity_not_established,https://ledergames.com/collections/root/products/root-the-vagabond-pack,,src-a972d2fde241776b,not_established,edition_compatibility_notes,,
rec_88f9c0932e0c5a,prd_8534811b78e1f6,game_root,Root,root,Underworld Hirelings Pack,Leder Games,mini_expansion,,product_facts_checked,fact_checked_draft_needs_editorial_review,yes,no,Root,"[[""Root""]]",publisher_confirmed,true,,"Requires Root, not the similarly named faction expansion. Publisher emphasizes improving low-player-count variety.",,,"Sunward Expedition, Furious Protector and Corvid Spies hirelings, each with a reverse-side variant.",product_or_cycle_description,,not_established,,,,Especially relevant to groups seeking more interaction at lower player counts.,,,,,not_assessed,,,,20.0,displayed_catalog_price_not_live_quote,20_to_39_99,https://ledergames.com/collections/root/products/root-underworld-hirelings-pack,2026-09-20,https://ledergames.com/collections/root/products/root-underworld-hirelings-pack,source_product_page_may_link_to_store,,,not_verified,,,unknown,not_checked,https://ledergames.com/collections/root/products/root-underworld-hirelings-pack,,publisher,product_detail,product_name;base_game_association;what_it_adds;base_requirement,core_facts_verified,2026-09-20,web_retrieval_or_search_index; not a legal/license audit,edition;recommendation,not_established,US; regional availability not guaranteed,,,,,2026-09-20T14:35:11+00:00,fetch_failed,identity_not_established,https://ledergames.com/collections/root/products/root-underworld-hirelings-pack,,src-e03cff88f0734f5d,not_established,,,
rec_067426b8fe5e3a,prd_590e25b796ebed,game_sagrada,Sagrada,sagrada,2020 Promo Pack,Floodgate Games,official_promo,,primary_catalog_identity,hold_for_product_detail_verification,unknown,unknown,,,not_verified,false,,,,,,not_recorded,,not_established,,,,,,,,,not_assessed,,,,15.0,displayed_catalog_price_not_live_quote,under_20,https://floodgate.games/products/sagrada-life,2026-09-20,,not_recorded,,,not_verified,,,unknown,not_checked,https://floodgate.games/products/sagrada-life,,publisher,related_products,product_name;base_game_association,catalog_verified_details_pending,2026-09-20,web_retrieval_or_search_index; not a legal/license audit,prerequisites;edition;recommendation,not_established,US; regional availability not guaranteed,,,,,2026-09-20T14:35:11+00:00,fetch_failed,identity_not_established,https://floodgate.games/products/sagrada-life,,src-4b4185a07897c89f,not_established,what_it_adds | base_game_requirement | edition_compatibility_notes,,
rec_8a8f0f6ec069a1,prd_33617bccb769fa,game_sagrada,Sagrada,sagrada,Glory,Floodgate Games,expansion,,product_facts_checked,fact_checked_draft_needs_editorial_review,unknown,unknown,,,not_verified,false,,Great Facades expansion for original Sagrada. Compatibility with Sagrada Remastered has not been verified.,,,"Strife dice, Flourish cards and competition-focused objectives.",product_or_cycle_description,,not_established,,,,,,,,,not_assessed,,,,19.95,displayed_catalog_price_not_live_quote,under_20,https://floodgate.games/products/sagrada-glory,2026-09-20,https://floodgate.games/products/sagrada-glory,source_product_page_may_link_to_store,,,not_verified,,,unknown,not_checked,https://floodgate.games/products/sagrada-glory,,publisher,product_detail,product_name;base_game_association;what_it_adds,core_facts_verified,2026-09-20,web_retrieval_or_search_index; not a legal/license audit,remastered_compatibility;prerequisites;recommendation,not_established,US; regional availability not guaranteed,,,,,2026-09-20T14:35:11+00:00,fetch_failed,identity_not_established,https://floodgate.games/products/sagrada-glory,,src-f9eaf0eefbf3d2cf,not_established,base_game_requirement,,
rec_0a9d84fd717bb9,prd_ff790049652236,game_sagrada,Sagrada,sagrada,Life,Floodgate Games,expansion,,product_facts_checked,fact_checked_draft_needs_editorial_review,unknown,unknown,,,not_verified,false,,Great Facades expansion for original Sagrada. Compatibility with Sagrada Remastered has not been verified.,,,"Masterwork dice, Apprentice cards and additional objectives.",product_or_cycle_description,,not_established,,,,,,,,,not_assessed,,,,19.95,displayed_catalog_price_not_live_quote,under_20,https://floodgate.games/products/sagrada-life,2026-09-20,https://floodgate.games/products/sagrada-life,source_product_page_may_link_to_store,,,not_verified,,,unknown,not_checked,https://floodgate.games/products/sagrada-life,,publisher,product_detail,product_name;base_game_association;what_it_adds,core_facts_verified,2026-09-20,web_retrieval_or_search_index; not a legal/license audit,remastered_compatibility;prerequisites;recommendation,not_established,US; regional availability not guaranteed,,,,,2026-09-20T14:35:11+00:00,fetch_failed,identity_not_established,https://floodgate.games/products/sagrada-life,,src-4b4185a07897c89f,not_established,base_game_requirement,,
rec_c2d2ea04260f09,prd_537622b51a6271,game_sagrada,Sagrada,sagrada,Passion,Floodgate Games,expansion,,product_facts_checked,fact_checked_draft_needs_editorial_review,unknown,unknown,,,not_verified,false,,Great Facades expansion for original Sagrada. Compatibility with Sagrada Remastered has not been verified.,,,"Rare Glass dice, inspiration powers and symmetry/balance objectives.",product_or_cycle_description,,not_established,,,,,,,,,not_assessed,,,,19.95,displayed_catalog_price_not_live_quote,under_20,https://floodgate.games/products/sagrada-passion,2026-09-20,https://floodgate.games/products/sagrada-passion,source_product_page_may_link_to_store,,,not_verified,,,unknown,not_checked,https://floodgate.games/products/sagrada-passion,,publisher,product_detail,product_name;base_game_association;what_it_adds,core_facts_verified,2026-09-20,web_retrieval_or_search_index; not a legal/license audit,remastered_compatibility;prerequisites;recommendation,not_established,US; regional availability not guaranteed,,,,,2026-09-20T14:35:11+00:00,fetch_failed,identity_not_established,https://floodgate.games/products/sagrada-passion,,src-6b7a3832cb479e75,not_established,base_game_requirement,,
rec_b41b1653343387,prd_9c0f4e8b9d4567,game_scholars-of-the-south-tigris,Scholars of the South Tigris,scholars-of-the-south-tigris,Dismiss Promo Cards,Garphill Games,official_promo,,primary_catalog_identity,hold_for_product_detail_verification,unknown,unknown,,,not_verified,false,,,,,,not_recorded,,not_established,,,,,,,,,not_assessed,,,,,,,,,,not_recorded,,,not_verified,,,unknown,not_checked,https://www.garphill.com/collections/medieval-trilogies,,publisher,catalog,product_name;base_game_association,catalog_verified_details_pending,2026-09-20,web_retrieval_or_search_index; not a legal/license audit,prerequisites;edition;recommendation,not_established,US; regional availability not guaranteed,,,,,2026-09-20T14:35:11+00:00,fetch_failed,identity_not_established,https://www.garphill.com/collections/medieval-trilogies,,src-139d4459dee16d02,not_established,what_it_adds | base_game_requirement | edition_compatibility_notes,,
rec_f45c607ff0d68b,prd_b5d2f7995197a3,game_scholars-of-the-south-tigris,Scholars of the South Tigris,scholars-of-the-south-tigris,Kickstarter Translator Promo Cards,Garphill Games,official_promo,,primary_catalog_identity,hold_for_product_detail_verification,unknown,unknown,,,not_verified,false,,,,,,not_recorded,,not_established,,,,,,,,,not_assessed,,,,,,,,,,not_recorded,,,not_verified,,,unknown,not_checked,https://www.garphill.com/collections/medieval-trilogies,,publisher,catalog,product_name;base_game_association,catalog_verified_details_pending,2026-09-20,web_retrieval_or_search_index; not a legal/license audit,prerequisites;edition;recommendation,not_established,US; regional availability not guaranteed,,,,,2026-09-20T14:35:11+00:00,fetch_failed,identity_not_established,https://www.garphill.com/collections/medieval-trilogies,,src-139d4459dee16d02,not_established,what_it_adds | base_game_requirement | edition_compatibility_notes,,
rec_539cf4a50c757e,prd_d7f58e3c001fb8,game_scholars-of-the-south-tigris,Scholars of the South Tigris,scholars-of-the-south-tigris,Starting Translators,Garphill Games,official_promo,,primary_catalog_identity,hold_for_product_detail_verification,unknown,unknown,,,not_verified,false,,,,,,not_recorded,,not_established,,,,,,,,,not_assessed,,,,,,,,,,not_recorded,,,not_verified,,,unknown,not_checked,https://www.garphill.com/collections/medieval-trilogies,,publisher,catalog,product_name;base_game_association,catalog_verified_details_pending,2026-09-20,web_retrieval_or_search_index; not a legal/license audit,prerequisites;edition;recommendation,not_established,US; regional availability not guaranteed,,,,,2026-09-20T14:35:11+00:00,fetch_failed,identity_not_established,https://www.garphill.com/collections/medieval-trilogies,,src-139d4459dee16d02,not_established,what_it_adds | base_game_requirement | edition_compatibility_notes,,
rec_ded09568bba2cd,prd_535fe27496808d,game_scythe,Scythe,scythe,Invaders from Afar,Stonemaier Games,expansion,,product_facts_checked,fact_checked_draft_needs_editorial_review,yes,no,Scythe,"[[""Scythe""]]",publisher_confirmed,true,,,,,Albion and Togawa factions plus components to support six or seven players.,product_or_cycle_description,,not_established,1,7,publisher_product_listing,Group needs to support six or seven players.,buy_for_player_count_need,1,Group needs to support six or seven players.,Adds the faction/player components required for the higher player count; not just a content preference.,editorial_draft_mechanics_based,editorial_inference_from_publisher_mechanics_not_playtesting,stated_use_case_only_not_universal_rank,https://store.stonemaiergames.com/products/scythe-invaders-from-afar,35.0,displayed_catalog_price_not_live_quote,20_to_39_99,https://store.stonemaiergames.com/products/scythe-invaders-from-afar,2026-09-20,https://store.stonemaiergames.com/products/scythe-invaders-from-afar,source_product_page_may_link_to_store,,,not_verified,,,unknown,not_checked,https://store.stonemaiergames.com/products/scythe-invaders-from-afar,,publisher,product_detail,product_name;base_game_association;what_it_adds;base_requirement,core_facts_verified,2026-09-20,web_retrieval_or_search_index; not a legal/license audit,edition;recommendation;editorial_human_review,not_established,US; regional availability not guaranteed,,,,,2026-09-20T14:35:11+00:00,fetch_failed,identity_not_established,https://store.stonemaiergames.com/products/scythe-invaders-from-afar,,src-6c8961371fd27248,not_established,edition_compatibility_notes,,
rec_afeb2ddeb8c21b,prd_cf9c2b88d23987,game_scythe,Scythe,scythe,The Rise of Fenris,Stonemaier Games,expansion,,product_facts_checked,fact_checked_draft_needs_editorial_review,yes,no,Scythe,"[[""Scythe""]]",publisher_confirmed_conditional,false,,Supports 1-5 with Scythe alone; 6-7 additionally needs Invaders from Afar. Campaign is resettable; modules work with the other Scythe expansions.,,,"Replayable eight-game campaign and eleven mixable modules, including a cooperative option.",product_or_cycle_description,,not_established,1,5,publisher_product_listing,Established group wants a replayable campaign and modular variants.,strong_fit_for_stated_use,1,Established group wants a replayable campaign and modular variants.,Its campaign and modules match a repeated-group use case; not needed to learn the base game.,editorial_draft_mechanics_based,editorial_inference_from_publisher_mechanics_not_playtesting,stated_use_case_only_not_universal_rank,https://store.stonemaiergames.com/products/scythe-the-rise-of-fenris,49.0,displayed_catalog_price_not_live_quote,40_to_59_99,https://store.stonemaiergames.com/products/scythe-the-rise-of-fenris,2026-09-20,https://store.stonemaiergames.com/products/scythe-the-rise-of-fenris,source_product_page_may_link_to_store,,,not_verified,,,unknown,not_checked,https://store.stonemaiergames.com/products/scythe-the-rise-of-fenris,,publisher,product_detail,product_name;base_game_association;what_it_adds;base_requirement,core_facts_verified,2026-09-20,web_retrieval_or_search_index; not a legal/license audit,edition;recommendation;editorial_human_review,not_established,US; regional availability not guaranteed,,,,,2026-09-20T14:35:11+00:00,fetch_failed,identity_not_established,https://store.stonemaiergames.com/products/scythe-the-rise-of-fenris,,src-a288cb51ce5d686d,not_established,,,
rec_2263e42904ac74,prd_47039ac6f1e1c5,game_scythe,Scythe,scythe,The Wind Gambit,Stonemaier Games,expansion,,product_facts_checked,fact_checked_draft_needs_editorial_review,yes,no,Scythe,"[[""Scythe""]]",publisher_confirmed,true,,,,,Airship and end-game-resolution modules plus Automa support.,product_or_cycle_description,,not_established,1,5,publisher_product_listing,Owner specifically wants airships and alternative end-game conditions.,specialist_purchase,2,Owner specifically wants airships and alternative end-game conditions.,"Buy for these two modules, not as a generic requirement for the other Scythe expansions.",editorial_draft_mechanics_based,editorial_inference_from_publisher_mechanics_not_playtesting,stated_use_case_only_not_universal_rank,https://store.stonemaiergames.com/products/scythe-the-wind-gambit,30.0,displayed_catalog_price_not_live_quote,20_to_39_99,https://store.stonemaiergames.com/products/scythe-the-wind-gambit,2026-09-20,https://store.stonemaiergames.com/products/scythe-the-wind-gambit,source_product_page_may_link_to_store,,,not_verified,,,unknown,not_checked,https://store.stonemaiergames.com/products/scythe-the-wind-gambit,,publisher,product_detail,product_name;base_game_association;what_it_adds;base_requirement,core_facts_verified,2026-09-20,web_retrieval_or_search_index; not a legal/license audit,edition;recommendation;editorial_human_review,not_established,US; regional availability not guaranteed,,,,,2026-09-20T14:35:11+00:00,fetch_failed,identity_not_established,https://store.stonemaiergames.com/products/scythe-the-wind-gambit,,src-2ff846f415c43b0f,not_established,edition_compatibility_notes,,
rec_7d25aece475ad9,prd_a2bf51dcc4c18a,game_septima,Septima,septima,Promo Pack,Mindclash Games,official_promo,,primary_catalog_identity,hold_for_product_detail_verification,unknown,unknown,,,not_verified,false,,,,,,not_recorded,,not_established,,,,,,,,,not_assessed,,,,,,,,,,not_recorded,,,not_verified,,,unknown,not_checked,https://uk.shop.mindclashgames.com/product-category/expansions/,,publisher,catalog,product_name;base_game_association,catalog_verified_details_pending,2026-09-20,web_retrieval_or_search_index; not a legal/license audit,US_edition_availability;prerequisites;component_overlap;recommendation,not_established,US; regional availability not guaranteed,,,,,2026-09-20T14:35:11+00:00,fetch_failed,identity_not_established,https://uk.shop.mindclashgames.com/product-category/expansions/,,src-c2a0ba114a2a6d9e,not_established,what_it_adds | base_game_requirement | edition_compatibility_notes,,
rec_5564e907a28472,prd_1aae01d936533d,game_septima,Septima,septima,Shapeshifting and Omens,Mindclash Games,expansion,,primary_catalog_identity,hold_for_product_detail_verification,unknown,unknown,,,not_verified,false,,,,,,not_recorded,,not_established,,,,,,,,,not_assessed,,,,,,,,,,not_recorded,,,not_verified,,,unknown,not_checked,https://uk.shop.mindclashgames.com/product-category/expansions/,,publisher,catalog,product_name;base_game_association,catalog_verified_details_pending,2026-09-20,web_retrieval_or_search_index; not a legal/license audit,US_edition_availability;prerequisites;component_overlap;recommendation,not_established,US; regional availability not guaranteed,,,,,2026-09-20T14:35:11+00:00,fetch_failed,identity_not_established,https://uk.shop.mindclashgames.com/product-category/expansions/,,src-c2a0ba114a2a6d9e,not_established,what_it_adds | base_game_requirement | edition_compatibility_notes,,
rec_0376a6b23eb2a8,prd_90b8989d79b1c1,game_seti-search-for-extraterrestrial-intelligence,SETI: Search for Extraterrestrial Intelligence,seti-search-for-extraterrestrial-intelligence,DLR Promo,Czech Games Edition,official_promo,,secondary_catalog_identity,hold_for_product_detail_verification,unknown,unknown,,,not_verified,false,,,,,Promotional gameplay content; exact effects and required editions not independently checked.,format_level_only,,not_established,,,,,,,,,not_assessed,,,,,,,,,,not_recorded,,,not_verified,,,unknown,not_checked,,https://boardgamegeekstore.com/collections/bgg-store-promos,specialist_retailer,retailer_catalog,product_name;base_game_association,secondary_catalog_details_pending,2026-09-20,web_retrieval_or_search_index; not a legal/license audit,product_rulebook;prerequisites;edition;recommendation;retailer_identity_only,not_established,US; regional availability not guaranteed,,,,,2026-09-20T14:35:11+00:00,fetch_failed,identity_not_established,https://boardgamegeekstore.com/collections/bgg-store-promos,,src-01c27471df6176f4,not_established,base_game_requirement | edition_compatibility_notes,,
rec_03c14ab86559a3,prd_860f7c1369e001,game_seti-search-for-extraterrestrial-intelligence,SETI: Search for Extraterrestrial Intelligence,seti-search-for-extraterrestrial-intelligence,Gateway to Mars Promo,Czech Games Edition,official_promo,,secondary_catalog_identity,hold_for_product_detail_verification,unknown,unknown,,,not_verified,false,,,,,Promotional gameplay content; exact effects and required editions not independently checked.,format_level_only,,not_established,,,,,,,,,not_assessed,,,,,,,,,,not_recorded,,,not_verified,,,unknown,not_checked,,https://boardgamegeekstore.com/collections/bgg-store-promos,specialist_retailer,retailer_catalog,product_name;base_game_association,secondary_catalog_details_pending,2026-09-20,web_retrieval_or_search_index; not a legal/license audit,product_rulebook;prerequisites;edition;recommendation;retailer_identity_only,not_established,US; regional availability not guaranteed,,,,,2026-09-20T14:35:11+00:00,fetch_failed,identity_not_established,https://boardgamegeekstore.com/collections/bgg-store-promos,,src-01c27471df6176f4,not_established,base_game_requirement | edition_compatibility_notes,,
rec_2ce4d689c73cfe,prd_3bd5e0330b1d84,game_seti-search-for-extraterrestrial-intelligence,SETI: Search for Extraterrestrial Intelligence,seti-search-for-extraterrestrial-intelligence,Pluto Promo,Czech Games Edition,official_promo,,secondary_catalog_identity,hold_for_product_detail_verification,unknown,unknown,,,not_verified,false,,,,,Promotional gameplay content; exact effects and required editions not independently checked.,format_level_only,,not_established,,,,,,,,,not_assessed,,,,,,,,,,not_recorded,,,not_verified,,,unknown,not_checked,,https://boardgamegeekstore.com/collections/bgg-store-promos,specialist_retailer,retailer_catalog,product_name;base_game_association,secondary_catalog_details_pending,2026-09-20,web_retrieval_or_search_index; not a legal/license audit,product_rulebook;prerequisites;edition;recommendation;retailer_identity_only,not_established,US; regional availability not guaranteed,,,,,2026-09-20T14:35:11+00:00,fetch_failed,identity_not_established,https://boardgamegeekstore.com/collections/bgg-store-promos,,src-01c27471df6176f4,not_established,base_game_requirement | edition_compatibility_notes,,
rec_2d94ad5e0ac90b,prd_50c645c41e90db,game_seti-search-for-extraterrestrial-intelligence,SETI: Search for Extraterrestrial Intelligence,seti-search-for-extraterrestrial-intelligence,Space Agencies Promo,Czech Games Edition,official_promo,,secondary_catalog_identity,hold_for_product_detail_verification,unknown,unknown,,,not_verified,false,,,,,Promotional gameplay content; exact effects and required editions not independently checked.,format_level_only,,not_established,,,,,,,,,not_assessed,,,,,,,,,,not_recorded,,,not_verified,,,unknown,not_checked,,https://boardgamegeekstore.com/collections/bgg-store-promos,specialist_retailer,retailer_catalog,product_name;base_game_association,secondary_catalog_details_pending,2026-09-20,web_retrieval_or_search_index; not a legal/license audit,product_rulebook;prerequisites;edition;recommendation;retailer_identity_only,not_established,US; regional availability not guaranteed,,,,,2026-09-20T14:35:11+00:00,fetch_failed,identity_not_established,https://boardgamegeekstore.com/collections/bgg-store-promos,,src-01c27471df6176f4,not_established,base_game_requirement | edition_compatibility_notes,,
rec_56fb7eef84e068,prd_3ce1d3dfd98758,game_shipwrights-of-the-north-sea,Shipwrights of the North Sea,shipwrights-of-the-north-sea,Legends,Garphill Games,mini_expansion,,primary_catalog_identity,hold_for_product_detail_verification,unknown,unknown,,,not_verified,false,,,,,,not_recorded,,not_established,,,,,,,,,not_assessed,,,,5.0,displayed_catalog_price_not_live_quote,under_20,https://www.garphill.com/collections/north-sea,2026-09-20,,not_recorded,,,not_verified,,,unknown,not_checked,https://www.garphill.com/collections/north-sea,,publisher,catalog,product_name;base_game_association,catalog_verified_details_pending,2026-09-20,web_retrieval_or_search_index; not a legal/license audit,original_vs_redux;prerequisites;recommendation,not_established,US; regional availability not guaranteed,,,,,2026-09-20T14:35:11+00:00,fetch_failed,identity_not_established,https://www.garphill.com/collections/north-sea,,src-130caea7f9b038a9,not_established,what_it_adds | base_game_requirement | edition_compatibility_notes,,
rec_986b44bbe50435,prd_719e93904ec7d5,game_skate-summer,Skate Summer,skate-summer,Special Trick Promo,,official_promo,,secondary_catalog_identity,hold_for_product_detail_verification,unknown,unknown,,,not_verified,false,,,,,Promotional gameplay content; exact effects and required editions not independently checked.,format_level_only,,not_established,,,,,,,,,not_assessed,,,,,,,,,,not_recorded,,,not_verified,,,unknown,not_checked,,https://boardgamegeekstore.com/collections/bgg-store-promos?page=3,specialist_retailer,retailer_catalog,product_name;base_game_association,secondary_catalog_details_pending,2026-09-20,web_retrieval_or_search_index; not a legal/license audit,product_rulebook;prerequisites;edition;recommendation;retailer_identity_only,not_established,US; regional availability not guaranteed,,,,,2026-09-20T14:35:11+00:00,fetch_failed,identity_not_established,https://boardgamegeekstore.com/collections/bgg-store-promos?page=3,,src-1d4913c5e78cfab9,not_established,base_game_requirement | edition_compatibility_notes,,
rec_5726c2c9f79faa,prd_968f7f4127579f,game_small-world,Small World,small-world,6-Player Board,Days of Wonder,expansion,,primary_catalog_identity,hold_for_product_detail_verification,unknown,unknown,,,not_verified,false,,,,,Team-play board for six players.,product_or_cycle_description,,not_established,,,,,,,,,not_assessed,,,,,,,,,,not_recorded,,,not_verified,,,unknown,not_checked,https://www.daysofwonder.com/universe/small-world-expansions/,,publisher,catalog,product_name;base_game_association,catalog_verified_details_pending,2026-09-20,web_retrieval_or_search_index; not a legal/license audit,underground_compatibility;content_overlap;prerequisites;recommendation,not_established,US; regional availability not guaranteed,,,,,2026-09-20T14:35:11+00:00,fetch_failed,identity_not_established,https://www.daysofwonder.com/universe/small-world-expansions/,,src-2eff5273f1255254,not_established,base_game_requirement | edition_compatibility_notes,,
rec_274bcff7f0d524,prd_9c18107241c591,game_small-world,Small World,small-world,Power Pack #1,Days of Wonder,expansion,,primary_catalog_identity,hold_for_product_detail_verification,unknown,unknown,,,not_verified,false,,,,,A compilation of additional races and powers.,product_or_cycle_description,,not_established,,,,,,,,,not_assessed,,,,,,,,,,not_recorded,,,not_verified,,,unknown,not_checked,https://www.daysofwonder.com/universe/small-world-expansions/,,publisher,catalog,product_name;base_game_association,catalog_verified_details_pending,2026-09-20,web_retrieval_or_search_index; not a legal/license audit,underground_compatibility;content_overlap;prerequisites;recommendation,not_established,US; regional availability not guaranteed,,,,,2026-09-20T14:35:11+00:00,fetch_failed,identity_not_established,https://www.daysofwonder.com/universe/small-world-expansions/,,src-2eff5273f1255254,not_established,base_game_requirement | edition_compatibility_notes,,
rec_921e24a4478a6c,prd_22414f4f3b9d8e,game_small-world,Small World,small-world,Power Pack #2,Days of Wonder,expansion,,primary_catalog_identity,hold_for_product_detail_verification,unknown,unknown,,,not_verified,false,,,,,A compilation of additional races and powers.,product_or_cycle_description,,not_established,,,,,,,,,not_assessed,,,,,,,,,,not_recorded,,,not_verified,,,unknown,not_checked,https://www.daysofwonder.com/universe/small-world-expansions/,,publisher,catalog,product_name;base_game_association,catalog_verified_details_pending,2026-09-20,web_retrieval_or_search_index; not a legal/license audit,underground_compatibility;content_overlap;prerequisites;recommendation,not_established,US; regional availability not guaranteed,,,,,2026-09-20T14:35:11+00:00,fetch_failed,identity_not_established,https://www.daysofwonder.com/universe/small-world-expansions/,,src-2eff5273f1255254,not_established,base_game_requirement | edition_compatibility_notes,,
rec_970f05c1bd3ec9,prd_664cc6d03797c3,game_small-world,Small World,small-world,Realms,Days of Wonder,expansion,,primary_catalog_identity,hold_for_product_detail_verification,unknown,unknown,,,not_verified,false,,,,,Modular map-building material.,product_or_cycle_description,,not_established,,,,,,,,,not_assessed,,,,,,,,,,not_recorded,,,not_verified,,,unknown,not_checked,https://www.daysofwonder.com/universe/small-world-expansions/,,publisher,catalog,product_name;base_game_association,catalog_verified_details_pending,2026-09-20,web_retrieval_or_search_index; not a legal/license audit,underground_compatibility;content_overlap;prerequisites;recommendation,not_established,US; regional availability not guaranteed,,,,,2026-09-20T14:35:11+00:00,fetch_failed,identity_not_established,https://www.daysofwonder.com/universe/small-world-expansions/,,src-2eff5273f1255254,not_established,base_game_requirement | edition_compatibility_notes,,
rec_b64a68c8fdbdfd,prd_a44e208c91e080,game_small-world,Small World,small-world,River World,Days of Wonder,expansion,,primary_catalog_identity,hold_for_product_detail_verification,unknown,unknown,,,not_verified,false,,,,,"River maps, harbors and new hazards.",product_or_cycle_description,,not_established,,,,,,,,,not_assessed,,,,,,,,,,not_recorded,,,not_verified,,,unknown,not_checked,https://www.daysofwonder.com/universe/small-world-expansions/,,publisher,catalog,product_name;base_game_association,catalog_verified_details_pending,2026-09-20,web_retrieval_or_search_index; not a legal/license audit,underground_compatibility;content_overlap;prerequisites;recommendation,not_established,US; regional availability not guaranteed,,,,,2026-09-20T14:35:11+00:00,fetch_failed,identity_not_established,https://www.daysofwonder.com/universe/small-world-expansions/,,src-2eff5273f1255254,not_established,base_game_requirement | edition_compatibility_notes,,
rec_e7a71e620d01f9,prd_5e1dcec7363173,game_small-world,Small World,small-world,Sky Islands,Days of Wonder,expansion,,primary_catalog_identity,hold_for_product_detail_verification,unknown,unknown,,,not_verified,false,,,,,Floating islands and additional play space.,product_or_cycle_description,,not_established,,,,,,,,,not_assessed,,,,,,,,,,not_recorded,,,not_verified,,,unknown,not_checked,https://www.daysofwonder.com/universe/small-world-expansions/,,publisher,catalog,product_name;base_game_association,catalog_verified_details_pending,2026-09-20,web_retrieval_or_search_index; not a legal/license audit,underground_compatibility;content_overlap;prerequisites;recommendation,not_established,US; regional availability not guaranteed,,,,,2026-09-20T14:35:11+00:00,fetch_failed,identity_not_established,https://www.daysofwonder.com/universe/small-world-expansions/,,src-2eff5273f1255254,not_established,base_game_requirement | edition_compatibility_notes,,
rec_2ba1b7075a7cdc,prd_4aaa8ae966c19a,game_small-world,Small World,small-world,Tales and Legends,Days of Wonder,expansion,,primary_catalog_identity,hold_for_product_detail_verification,unknown,unknown,,,not_verified,false,,,,,Event-driven variations.,product_or_cycle_description,,not_established,,,,,,,,,not_assessed,,,,,,,,,,not_recorded,,,not_verified,,,unknown,not_checked,https://www.daysofwonder.com/universe/small-world-expansions/,,publisher,catalog,product_name;base_game_association,catalog_verified_details_pending,2026-09-20,web_retrieval_or_search_index; not a legal/license audit,underground_compatibility;content_overlap;prerequisites;recommendation,not_established,US; regional availability not guaranteed,,,,,2026-09-20T14:35:11+00:00,fetch_failed,identity_not_established,https://www.daysofwonder.com/universe/small-world-expansions/,,src-2eff5273f1255254,not_established,base_game_requirement | edition_compatibility_notes,,
rec_dc7d6ace1e1cc6,prd_13ef1029b71b92,game_small-world,Small World,small-world,The Lost Tribes' Crusade,Days of Wonder,expansion,,primary_catalog_identity,hold_for_product_detail_verification,unknown,unknown,,,not_verified,false,,,,,,not_recorded,,not_established,,,,,,,,,not_assessed,,,,,,,,,,not_recorded,,,not_verified,,,unknown,not_checked,https://www.daysofwonder.com/universe/small-world-expansions/,,publisher,catalog,product_name;base_game_association,catalog_verified_details_pending,2026-09-20,web_retrieval_or_search_index; not a legal/license audit,underground_compatibility;content_overlap;prerequisites;recommendation,not_established,US; regional availability not guaranteed,,,,,2026-09-20T14:35:11+00:00,fetch_failed,identity_not_established,https://www.daysofwonder.com/universe/small-world-expansions/,,src-2eff5273f1255254,not_established,what_it_adds | base_game_requirement | edition_compatibility_notes,,
rec_f8796f32c1d5f7,prd_e7f613a38cfb85,game_smash-up,Smash Up,smash-up,10th Anniversary,Alderac Entertainment Group,faction_set,,primary_catalog_identity,hold_for_product_detail_verification,unknown,unknown,,,not_verified,false,,Faction sets are mixable within Smash Up. Standalone capability depends on faction count and exact package; not inferred from the expansion label.,,,"Skeletons, Mermaids, World Champs and additional Titans.",product_or_cycle_description,,not_established,,,,,,,,,not_assessed,,,,,,,,,,not_recorded,,,not_verified,,,unknown,not_checked,https://www.alderac.com/smash-up/,,publisher,catalog,product_name;base_game_association;what_it_adds,catalog_verified_details_pending,2026-09-20,web_retrieval_or_search_index; not a legal/license audit,prerequisites;edition;recommendation,not_established,US; regional availability not guaranteed,,,,,2026-09-20T14:35:11+00:00,fetch_failed,identity_not_established,https://www.alderac.com/smash-up/,,src-240c0aaca6d007fb,not_established,base_game_requirement,,
rec_10896e4064ae20,prd_a1237c29801e7a,game_smash-up,Smash Up,smash-up,Awesome Level 9000,Alderac Entertainment Group,faction_set,,primary_catalog_identity,hold_for_product_detail_verification,unknown,unknown,,,not_verified,false,,Faction sets are mixable within Smash Up. Standalone capability depends on faction count and exact package; not inferred from the expansion label.,,,"Factions: Bear Cavalry, Ghosts, Killer Plants and Steampunks.",product_or_cycle_description,,not_established,,,,,,,,,not_assessed,,,,,,,,,,not_recorded,,,not_verified,,,unknown,not_checked,https://www.alderac.com/smash-up/,,publisher,catalog,product_name;base_game_association;what_it_adds,catalog_verified_details_pending,2026-09-20,web_retrieval_or_search_index; not a legal/license audit,prerequisites;edition;recommendation,not_established,US; regional availability not guaranteed,,,,,2026-09-20T14:35:11+00:00,fetch_failed,identity_not_established,https://www.alderac.com/smash-up/,,src-240c0aaca6d007fb,not_established,base_game_requirement,,
rec_61ec317a85a844,prd_4d305005b36fbb,game_smash-up,Smash Up,smash-up,Big in Japan,Alderac Entertainment Group,faction_set,,primary_catalog_identity,hold_for_product_detail_verification,unknown,unknown,,,not_verified,false,,Faction sets are mixable within Smash Up. Standalone capability depends on faction count and exact package; not inferred from the expansion label.,,,"Factions: Kaiju, Magical Girls, Mega Troopers and Itty Critters.",product_or_cycle_description,,not_established,,,,,,,,,not_assessed,,,,,,,,,,not_recorded,,,not_verified,,,unknown,not_checked,https://www.alderac.com/smash-up/,,publisher,catalog,product_name;base_game_association;what_it_adds,catalog_verified_details_pending,2026-09-20,web_retrieval_or_search_index; not a legal/license audit,prerequisites;edition;recommendation,not_established,US; regional availability not guaranteed,,,,,2026-09-20T14:35:11+00:00,fetch_failed,identity_not_established,https://www.alderac.com/smash-up/,,src-240c0aaca6d007fb,not_established,base_game_requirement,,
rec_8532608f3a77af,prd_0dfd9e1148e771,game_smash-up,Smash Up,smash-up,Bigger Geekier Box,Alderac Entertainment Group,storage_plus_gameplay_bundle,,primary_catalog_identity,hold_for_product_detail_verification,unknown,unknown,,,not_verified,false,,,Check ownership of separately acquired Geeks and All-Stars before purchasing.,,Storage product that also includes Geeks and All-Stars factions.,product_or_cycle_description,,not_established,,,,,,,,,not_assessed,,,,,,,,,,not_recorded,,,not_verified,,,unknown,not_checked,https://www.alderac.com/smash-up/,,publisher,catalog,product_name;base_game_association;what_it_adds,catalog_verified_details_pending,2026-09-20,web_retrieval_or_search_index; not a legal/license audit,prerequisites;edition;recommendation,not_established,US; regional availability not guaranteed,,,,,2026-09-20T14:35:11+00:00,fetch_failed,identity_not_established,https://www.alderac.com/smash-up/,,src-240c0aaca6d007fb,not_established,base_game_requirement | edition_compatibility_notes,,
rec_850784511775d3,prd_584a0bef952a23,game_smash-up,Smash Up,smash-up,Cease & Desist,Alderac Entertainment Group,faction_set,,primary_catalog_identity,hold_for_product_detail_verification,unknown,unknown,,,not_verified,false,,Faction sets are mixable within Smash Up. Standalone capability depends on faction count and exact package; not inferred from the expansion label.,,,"Factions: Star Roamers, Astro Knights, Changerbots and Ignobles.",product_or_cycle_description,,not_established,,,,,,,,,not_assessed,,,,,,,,,,not_recorded,,,not_verified,,,unknown,not_checked,https://www.alderac.com/smash-up/,,publisher,catalog,product_name;base_game_association;what_it_adds,catalog_verified_details_pending,2026-09-20,web_retrieval_or_search_index; not a legal/license audit,prerequisites;edition;recommendation,not_established,US; regional availability not guaranteed,,,,,2026-09-20T14:35:11+00:00,fetch_failed,identity_not_established,https://www.alderac.com/smash-up/,,src-240c0aaca6d007fb,not_established,base_game_requirement,,
rec_905e61baebbc88,prd_b1646c59fe539d,game_smash-up,Smash Up,smash-up,Clowns,Alderac Entertainment Group,faction_set,,primary_catalog_identity,hold_for_product_detail_verification,unknown,unknown,,,not_verified,false,,,,,Clowns faction.,product_or_cycle_description,,not_established,,,,,,,,,not_assessed,,,,,,,,,,not_recorded,,,not_verified,,,publisher_catalog_says_available_soon,not_checked,https://www.alderac.com/smash-up/,,publisher,catalog,product_name;base_game_association;what_it_adds;catalog_status,catalog_verified_details_pending,2026-09-20,web_retrieval_or_search_index; not a legal/license audit,prerequisites;edition;recommendation,not_established,US; regional availability not guaranteed,,,,,2026-09-20T14:35:11+00:00,fetch_failed,identity_not_established,https://www.alderac.com/smash-up/,,src-240c0aaca6d007fb,not_established,base_game_requirement | edition_compatibility_notes,,
rec_2669277a168d84,prd_1f9fd2cf1dd5f9,game_smash-up,Smash Up,smash-up,Disney,The Op / Alderac Entertainment Group,partner_faction_set,,primary_catalog_identity,hold_for_product_detail_verification,unknown,unknown,,,not_verified,false,,,,,Eight Disney-themed factions.,product_or_cycle_description,,not_established,,,,,,,,,not_assessed,,,,,,,,,,not_recorded,,,not_verified,,,unknown,not_checked,https://www.alderac.com/smash-up/,,publisher,catalog,product_name;base_game_association;what_it_adds,catalog_verified_details_pending,2026-09-20,web_retrieval_or_search_index; not a legal/license audit,standalone_and_cross_set_compatibility;recommendation,not_established,US; regional availability not guaranteed,,,,,2026-09-20T14:35:11+00:00,fetch_failed,identity_not_established,https://www.alderac.com/smash-up/,,src-240c0aaca6d007fb,not_established,base_game_requirement | edition_compatibility_notes,,
rec_7c6a13146516f1,prd_1144aafb624845,game_smash-up,Smash Up,smash-up,Excellent Movies Dudes!,Alderac Entertainment Group,faction_set,,primary_catalog_identity,hold_for_product_detail_verification,unknown,unknown,,,not_verified,false,,Faction sets are mixable within Smash Up. Standalone capability depends on faction count and exact package; not inferred from the expansion label.,,,"Factions: Action Heroes, Backtimers, Extramorphs and Wraithrustlers.",product_or_cycle_description,,not_established,,,,,,,,,not_assessed,,,,,,,,,,not_recorded,,,not_verified,,,unknown,not_checked,https://www.alderac.com/smash-up/,,publisher,catalog,product_name;base_game_association;what_it_adds,catalog_verified_details_pending,2026-09-20,web_retrieval_or_search_index; not a legal/license audit,prerequisites;edition;recommendation,not_established,US; regional availability not guaranteed,,,,,2026-09-20T14:35:11+00:00,fetch_failed,identity_not_established,https://www.alderac.com/smash-up/,,src-240c0aaca6d007fb,not_established,base_game_requirement,,
rec_efcf8cb475e898,prd_3f22f3eaab9185,game_smash-up,Smash Up,smash-up,Goblins,Alderac Entertainment Group,mini_expansion,,primary_catalog_identity,hold_for_product_detail_verification,unknown,unknown,,,not_verified,false,,,,,Goblins faction.,product_or_cycle_description,,not_established,,,,,,,,,not_assessed,,,,,,,,,,not_recorded,,,not_verified,,,unknown,not_checked,https://www.alderac.com/smash-up/,,publisher,catalog,product_name;base_game_association;what_it_adds,catalog_verified_details_pending,2026-09-20,web_retrieval_or_search_index; not a legal/license audit,prerequisites;edition;recommendation,not_established,US; regional availability not guaranteed,,,,,2026-09-20T14:35:11+00:00,fetch_failed,identity_not_established,https://www.alderac.com/smash-up/,,src-240c0aaca6d007fb,not_established,base_game_requirement | edition_compatibility_notes,,
rec_d7d56a6bf3834e,prd_ec3c437c9d3180,game_smash-up,Smash Up,smash-up,Half the Battle,Alderac Entertainment Group,faction_set,,primary_catalog_identity,hold_for_product_detail_verification,unknown,unknown,,,not_verified,false,,,,,"Factions: Adolescent Epic Geckos, G.I. Gerald, Pearl and the Images, Rulers of the Cosmos.",product_or_cycle_description,,not_established,,,,,,,,,not_assessed,,,,,,,,,,not_recorded,,,not_verified,,,publisher_catalog_says_available_soon,not_checked,https://www.alderac.com/smash-up/,,publisher,catalog,product_name;base_game_association;what_it_adds;catalog_status,catalog_verified_details_pending,2026-09-20,web_retrieval_or_search_index; not a legal/license audit,prerequisites;edition;recommendation,not_established,US; regional availability not guaranteed,,,,,2026-09-20T14:35:11+00:00,fetch_failed,identity_not_established,https://www.alderac.com/smash-up/,,src-240c0aaca6d007fb,not_established,base_game_requirement | edition_compatibility_notes,,
rec_0d8d4ffec1c3fd,prd_0fb07a17674022,game_smash-up,Smash Up,smash-up,It's Your Fault,Alderac Entertainment Group,faction_set,,primary_catalog_identity,hold_for_product_detail_verification,unknown,unknown,,,not_verified,false,,Faction sets are mixable within Smash Up. Standalone capability depends on faction count and exact package; not inferred from the expansion label.,,,"Factions: Dragons, Mythic Greeks, Sharks, Tornadoes and Superheroes.",product_or_cycle_description,,not_established,,,,,,,,,not_assessed,,,,,,,,,,not_recorded,,,not_verified,,,unknown,not_checked,https://www.alderac.com/smash-up/,,publisher,catalog,product_name;base_game_association;what_it_adds,catalog_verified_details_pending,2026-09-20,web_retrieval_or_search_index; not a legal/license audit,prerequisites;edition;recommendation,not_established,US; regional availability not guaranteed,,,,,2026-09-20T14:35:11+00:00,fetch_failed,identity_not_established,https://www.alderac.com/smash-up/,,src-240c0aaca6d007fb,not_established,base_game_requirement,,
rec_09d24bd58bc9b3,prd_66cec3689e3acf,game_smash-up,Smash Up,smash-up,Knights of the Round Table,Alderac Entertainment Group,mini_expansion,,primary_catalog_identity,hold_for_product_detail_verification,unknown,unknown,,,not_verified,false,,,,,Knights of the Round Table faction.,product_or_cycle_description,,not_established,,,,,,,,,not_assessed,,,,,,,,,,not_recorded,,,not_verified,,,unknown,not_checked,https://www.alderac.com/smash-up/,,publisher,catalog,product_name;base_game_association;what_it_adds,catalog_verified_details_pending,2026-09-20,web_retrieval_or_search_index; not a legal/license audit,prerequisites;edition;recommendation,not_established,US; regional availability not guaranteed,,,,,2026-09-20T14:35:11+00:00,fetch_failed,identity_not_established,https://www.alderac.com/smash-up/,,src-240c0aaca6d007fb,not_established,base_game_requirement | edition_compatibility_notes,,
rec_b2a6c5eb10bffc,prd_37fd2d510ee211,game_smash-up,Smash Up,smash-up,Marvel,The Op / Alderac Entertainment Group,partner_faction_set,,primary_catalog_identity,hold_for_product_detail_verification,unknown,unknown,,,not_verified,false,,,,,Eight Marvel-themed factions.,product_or_cycle_description,,not_established,,,,,,,,,not_assessed,,,,,,,,,,not_recorded,,,not_verified,,,unknown,not_checked,https://www.alderac.com/smash-up/,,publisher,catalog,product_name;base_game_association;what_it_adds,catalog_verified_details_pending,2026-09-20,web_retrieval_or_search_index; not a legal/license audit,standalone_and_cross_set_compatibility;recommendation,not_established,US; regional availability not guaranteed,,,,,2026-09-20T14:35:11+00:00,fetch_failed,identity_not_established,https://www.alderac.com/smash-up/,,src-240c0aaca6d007fb,not_established,base_game_requirement | edition_compatibility_notes,,
rec_f26c4c87420088,prd_15e6c5f7ec5b3b,game_smash-up,Smash Up,smash-up,Monster Smash,Alderac Entertainment Group,faction_set,,primary_catalog_identity,hold_for_product_detail_verification,unknown,unknown,,,not_verified,false,,Faction sets are mixable within Smash Up. Standalone capability depends on faction count and exact package; not inferred from the expansion label.,,,"Factions: Giant Ants, Mad Scientists, Vampires and Werewolves.",product_or_cycle_description,,not_established,,,,,,,,,not_assessed,,,,,,,,,,not_recorded,,,not_verified,,,unknown,not_checked,https://www.alderac.com/smash-up/,,publisher,catalog,product_name;base_game_association;what_it_adds,catalog_verified_details_pending,2026-09-20,web_retrieval_or_search_index; not a legal/license audit,prerequisites;edition;recommendation,not_established,US; regional availability not guaranteed,,,,,2026-09-20T14:35:11+00:00,fetch_failed,identity_not_established,https://www.alderac.com/smash-up/,,src-240c0aaca6d007fb,not_established,base_game_requirement,,
rec_d4b40d210d705f,prd_63f8f16258563f,game_smash-up,Smash Up,smash-up,Oops You Did It Again,Alderac Entertainment Group,faction_set,,primary_catalog_identity,hold_for_product_detail_verification,unknown,unknown,,,not_verified,false,,Faction sets are mixable within Smash Up. Standalone capability depends on faction count and exact package; not inferred from the expansion label.,,,"Factions: Vikings, Cowboys, Ancient Egyptians and Samurai.",product_or_cycle_description,,not_established,,,,,,,,,not_assessed,,,,,,,,,,not_recorded,,,not_verified,,,unknown,not_checked,https://www.alderac.com/smash-up/,,publisher,catalog,product_name;base_game_association;what_it_adds,catalog_verified_details_pending,2026-09-20,web_retrieval_or_search_index; not a legal/license audit,prerequisites;edition;recommendation,not_established,US; regional availability not guaranteed,,,,,2026-09-20T14:35:11+00:00,fetch_failed,identity_not_established,https://www.alderac.com/smash-up/,,src-240c0aaca6d007fb,not_established,base_game_requirement,,
rec_b7d706b9963b89,prd_c0edc3ce85ef61,game_smash-up,Smash Up,smash-up,Penguins,Alderac Entertainment Group,mini_expansion,,primary_catalog_identity,hold_for_product_detail_verification,unknown,unknown,,,not_verified,false,,,,,Penguins faction.,product_or_cycle_description,,not_established,,,,,,,,,not_assessed,,,,,,,,,,not_recorded,,,not_verified,,,unknown,not_checked,https://www.alderac.com/smash-up/,,publisher,catalog,product_name;base_game_association;what_it_adds,catalog_verified_details_pending,2026-09-20,web_retrieval_or_search_index; not a legal/license audit,prerequisites;edition;recommendation,not_established,US; regional availability not guaranteed,,,,,2026-09-20T14:35:11+00:00,fetch_failed,identity_not_established,https://www.alderac.com/smash-up/,,src-240c0aaca6d007fb,not_established,base_game_requirement | edition_compatibility_notes,,
rec_d9f196607a3610,prd_bb0ac2bc68020a,game_smash-up,Smash Up,smash-up,Pretty Pretty,Alderac Entertainment Group,faction_set,,primary_catalog_identity,hold_for_product_detail_verification,unknown,unknown,,,not_verified,false,,Faction sets are mixable within Smash Up. Standalone capability depends on faction count and exact package; not inferred from the expansion label.,,,"Factions: Fairies, Kitty Cats, Mythic Horses and Princesses.",product_or_cycle_description,,not_established,,,,,,,,,not_assessed,,,,,,,,,,not_recorded,,,not_verified,,,unknown,not_checked,https://www.alderac.com/smash-up/,,publisher,catalog,product_name;base_game_association;what_it_adds,catalog_verified_details_pending,2026-09-20,web_retrieval_or_search_index; not a legal/license audit,prerequisites;edition;recommendation,not_established,US; regional availability not guaranteed,,,,,2026-09-20T14:35:11+00:00,fetch_failed,identity_not_established,https://www.alderac.com/smash-up/,,src-240c0aaca6d007fb,not_established,base_game_requirement,,
rec_0dd036b8a9d4ec,prd_82b4e96c42eb86,game_smash-up,Smash Up,smash-up,Science Fiction Double Feature,Alderac Entertainment Group,faction_set,,primary_catalog_identity,hold_for_product_detail_verification,unknown,unknown,,,not_verified,false,,Faction sets are mixable within Smash Up. Standalone capability depends on faction count and exact package; not inferred from the expansion label.,,,"Factions: Cyborg Apes, Shapeshifters, Super Spies and Time Travelers.",product_or_cycle_description,,not_established,,,,,,,,,not_assessed,,,,,,,,,,not_recorded,,,not_verified,,,unknown,not_checked,https://www.alderac.com/smash-up/,,publisher,catalog,product_name;base_game_association;what_it_adds,catalog_verified_details_pending,2026-09-20,web_retrieval_or_search_index; not a legal/license audit,prerequisites;edition;recommendation,not_established,US; regional availability not guaranteed,,,,,2026-09-20T14:35:11+00:00,fetch_failed,identity_not_established,https://www.alderac.com/smash-up/,,src-240c0aaca6d007fb,not_established,base_game_requirement,,
rec_7a1a2ec6679ca5,prd_c3d9a38fa3e8bb,game_smash-up,Smash Up,smash-up,Sheep,Alderac Entertainment Group,mini_expansion,,primary_catalog_identity,hold_for_product_detail_verification,unknown,unknown,,,not_verified,false,,,,,Sheep faction.,product_or_cycle_description,,not_established,,,,,,,,,not_assessed,,,,,,,,,,not_recorded,,,not_verified,,,unknown,not_checked,https://www.alderac.com/smash-up/,,publisher,catalog,product_name;base_game_association;what_it_adds,catalog_verified_details_pending,2026-09-20,web_retrieval_or_search_index; not a legal/license audit,prerequisites;edition;recommendation,not_established,US; regional availability not guaranteed,,,,,2026-09-20T14:35:11+00:00,fetch_failed,identity_not_established,https://www.alderac.com/smash-up/,,src-240c0aaca6d007fb,not_established,base_game_requirement | edition_compatibility_notes,,
rec_70e933860c4b54,prd_51f911ac64dd1c,game_smash-up,Smash Up,smash-up,Slashers,Alderac Entertainment Group,faction_set,,primary_catalog_identity,hold_for_product_detail_verification,unknown,unknown,,,not_verified,false,,,,,Slashers faction.,product_or_cycle_description,,not_established,,,,,,,,,not_assessed,,,,,,,,,,not_recorded,,,not_verified,,,publisher_catalog_says_available_soon,not_checked,https://www.alderac.com/smash-up/,,publisher,catalog,product_name;base_game_association;what_it_adds;catalog_status,catalog_verified_details_pending,2026-09-20,web_retrieval_or_search_index; not a legal/license audit,prerequisites;edition;recommendation,not_established,US; regional availability not guaranteed,,,,,2026-09-20T14:35:11+00:00,fetch_failed,identity_not_established,https://www.alderac.com/smash-up/,,src-240c0aaca6d007fb,not_established,base_game_requirement | edition_compatibility_notes,,
rec_256b7709542b75,prd_dd8a3022fb553f,game_smash-up,Smash Up,smash-up,Teens,Alderac Entertainment Group,mini_expansion,,primary_catalog_identity,hold_for_product_detail_verification,unknown,unknown,,,not_verified,false,,,,,Teens faction.,product_or_cycle_description,,not_established,,,,,,,,,not_assessed,,,,,,,,,,not_recorded,,,not_verified,,,unknown,not_checked,https://www.alderac.com/smash-up/,,publisher,catalog,product_name;base_game_association;what_it_adds,catalog_verified_details_pending,2026-09-20,web_retrieval_or_search_index; not a legal/license audit,prerequisites;edition;recommendation,not_established,US; regional availability not guaranteed,,,,,2026-09-20T14:35:11+00:00,fetch_failed,identity_not_established,https://www.alderac.com/smash-up/,,src-240c0aaca6d007fb,not_established,base_game_requirement | edition_compatibility_notes,,
rec_3b37a92447677e,prd_982bac7b4c1249,game_smash-up,Smash Up,smash-up,That 70s Expansion,Alderac Entertainment Group,faction_set,,primary_catalog_identity,hold_for_product_detail_verification,unknown,unknown,,,not_verified,false,,Faction sets are mixable within Smash Up. Standalone capability depends on faction count and exact package; not inferred from the expansion label.,,,"Factions: Truckers, Disco Dancers, Vigilantes and Kung Fu Fighters.",product_or_cycle_description,,not_established,,,,,,,,,not_assessed,,,,,,,,,,not_recorded,,,not_verified,,,unknown,not_checked,https://www.alderac.com/smash-up/,,publisher,catalog,product_name;base_game_association;what_it_adds,catalog_verified_details_pending,2026-09-20,web_retrieval_or_search_index; not a legal/license audit,prerequisites;edition;recommendation,not_established,US; regional availability not guaranteed,,,,,2026-09-20T14:35:11+00:00,fetch_failed,identity_not_established,https://www.alderac.com/smash-up/,,src-240c0aaca6d007fb,not_established,base_game_requirement,,
rec_a310afe6ff965f,prd_55ba356ea33ef7,game_smash-up,Smash Up,smash-up,The Obligatory Cthulhu Set,Alderac Entertainment Group,faction_set,,primary_catalog_identity,hold_for_product_detail_verification,unknown,unknown,,,not_verified,false,,Faction sets are mixable within Smash Up. Standalone capability depends on faction count and exact package; not inferred from the expansion label.,,,"Factions: Elder Things, Innsmouth, Minions of Cthulhu and Miskatonic University.",product_or_cycle_description,,not_established,,,,,,,,,not_assessed,,,,,,,,,,not_recorded,,,not_verified,,,unknown,not_checked,https://www.alderac.com/smash-up/,,publisher,catalog,product_name;base_game_association;what_it_adds,catalog_verified_details_pending,2026-09-20,web_retrieval_or_search_index; not a legal/license audit,prerequisites;edition;recommendation,not_established,US; regional availability not guaranteed,,,,,2026-09-20T14:35:11+00:00,fetch_failed,identity_not_established,https://www.alderac.com/smash-up/,,src-240c0aaca6d007fb,not_established,base_game_requirement,,
rec_3391e123b67b27,prd_82dba4d0513ccc,game_smash-up,Smash Up,smash-up,Titans,Alderac Entertainment Group,mini_expansion,,primary_catalog_identity,hold_for_product_detail_verification,unknown,unknown,,,not_verified,false,,,,,Additional Titan gameplay cards for factions.,product_or_cycle_description,,not_established,,,,,,,,,not_assessed,,,,,,,,,,not_recorded,,,not_verified,,,unknown,not_checked,https://www.alderac.com/smash-up/,,publisher,catalog,product_name;base_game_association;what_it_adds,catalog_verified_details_pending,2026-09-20,web_retrieval_or_search_index; not a legal/license audit,prerequisites;edition;recommendation,not_established,US; regional availability not guaranteed,,,,,2026-09-20T14:35:11+00:00,fetch_failed,identity_not_established,https://www.alderac.com/smash-up/,,src-240c0aaca6d007fb,not_established,base_game_requirement | edition_compatibility_notes,,
rec_798765f610117d,prd_b0966f98bec426,game_smash-up,Smash Up,smash-up,What Were We Thinking,Alderac Entertainment Group,faction_set,,primary_catalog_identity,hold_for_product_detail_verification,unknown,unknown,,,not_verified,false,,Faction sets are mixable within Smash Up. Standalone capability depends on faction count and exact package; not inferred from the expansion label.,,,"Factions: Teddy Bears, Grannies, Rock Stars and Explorers.",product_or_cycle_description,,not_established,,,,,,,,,not_assessed,,,,,,,,,,not_recorded,,,not_verified,,,unknown,not_checked,https://www.alderac.com/smash-up/,,publisher,catalog,product_name;base_game_association;what_it_adds,catalog_verified_details_pending,2026-09-20,web_retrieval_or_search_index; not a legal/license audit,prerequisites;edition;recommendation,not_established,US; regional availability not guaranteed,,,,,2026-09-20T14:35:11+00:00,fetch_failed,identity_not_established,https://www.alderac.com/smash-up/,,src-240c0aaca6d007fb,not_established,base_game_requirement,,
rec_0fd8a6b6fc4c75,prd_2f5388de1439fe,game_smash-up,Smash Up,smash-up,World Tour: Cultural Shock,Alderac Entertainment Group,faction_set,,primary_catalog_identity,hold_for_product_detail_verification,unknown,unknown,,,not_verified,false,,Faction sets are mixable within Smash Up. Standalone capability depends on faction count and exact package; not inferred from the expansion label.,,,"Factions: Russian Fairy Tales, Anansi Tales, Grimms' Fairy Tales, Ancient Incas and Polynesian Voyagers.",product_or_cycle_description,,not_established,,,,,,,,,not_assessed,,,,,,,,,,not_recorded,,,not_verified,,,unknown,not_checked,https://www.alderac.com/smash-up/,,publisher,catalog,product_name;base_game_association;what_it_adds,catalog_verified_details_pending,2026-09-20,web_retrieval_or_search_index; not a legal/license audit,prerequisites;edition;recommendation,not_established,US; regional availability not guaranteed,,,,,2026-09-20T14:35:11+00:00,fetch_failed,identity_not_established,https://www.alderac.com/smash-up/,,src-240c0aaca6d007fb,not_established,base_game_requirement,,
rec_d7554b82a34e07,prd_83fd531d0f7daa,game_smash-up,Smash Up,smash-up,World Tour: International Incident,Alderac Entertainment Group,faction_set,,primary_catalog_identity,hold_for_product_detail_verification,unknown,unknown,,,not_verified,false,,Faction sets are mixable within Smash Up. Standalone capability depends on faction count and exact package; not inferred from the expansion label.,,,"Factions: Luchadors, Mounties, Musketeers and Sumo Wrestlers.",product_or_cycle_description,,not_established,,,,,,,,,not_assessed,,,,,,,,,,not_recorded,,,not_verified,,,unknown,not_checked,https://www.alderac.com/smash-up/,,publisher,catalog,product_name;base_game_association;what_it_adds,catalog_verified_details_pending,2026-09-20,web_retrieval_or_search_index; not a legal/license audit,prerequisites;edition;recommendation,not_established,US; regional availability not guaranteed,,,,,2026-09-20T14:35:11+00:00,fetch_failed,identity_not_established,https://www.alderac.com/smash-up/,,src-240c0aaca6d007fb,not_established,base_game_requirement,,
rec_799e8ef3c8a04f,prd_c0c40e8abea3c4,game_spirit-island,Spirit Island,spirit-island,Branch & Claw,Greater Than Games,expansion,,product_facts_checked,fact_checked_draft_needs_editorial_review,unknown,unknown,,,not_verified,false,Spirit Island.,,,,"Two spirits, events, four token types, France adversary and additional scenarios.",product_or_cycle_description,,not_established,1,4,publisher_product_listing,,,,,,not_assessed,,,,34.95,displayed_catalog_price_not_live_quote,20_to_39_99,https://shop.greaterthangames.com/products/spirit-island-branch-claw,2026-09-20,https://shop.greaterthangames.com/products/spirit-island-branch-claw,source_product_page_may_link_to_store,,,not_verified,,,unknown,not_checked,https://shop.greaterthangames.com/products/spirit-island-branch-claw,,publisher,product_detail,product_name;base_game_association;what_it_adds;player_range;price,core_facts_verified,2026-09-20,web_retrieval_or_search_index; not a legal/license audit,edition;recommendation,not_established,US; regional availability not guaranteed,,,,,2026-09-20T14:35:11+00:00,fetch_failed,identity_not_established,https://shop.greaterthangames.com/products/spirit-island-branch-claw,,src-f10cefd2a5a6b983,not_established,base_game_requirement | edition_compatibility_notes,,
rec_99b38316f39f95,prd_6ff57de0aacde2,game_spirit-island,Spirit Island,spirit-island,Feather & Flame,Greater Than Games,promo_compilation,,product_facts_checked,fact_checked_draft_needs_editorial_review,yes,no,Spirit Island.,"[[""Spirit Island""]]",publisher_confirmed,true,,,Collects Promo Pack 1 and Promo Pack 2; not new content for owners of both.,,"Four spirits, aspects, scenarios and Scotland adversary.",product_or_cycle_description,,not_established,,,,,,,,,not_assessed,,,,34.95,displayed_catalog_price_not_live_quote,20_to_39_99,https://shop.greaterthangames.com/products/spirit-island-feather-and-flame,2026-09-20,https://shop.greaterthangames.com/products/spirit-island-feather-and-flame,source_product_page_may_link_to_store,,,not_verified,,,unknown,not_checked,https://shop.greaterthangames.com/products/spirit-island-feather-and-flame,,publisher,product_detail,product_name;base_game_association;base_requirement;what_it_adds;content_overlap;price,core_facts_verified,2026-09-20,web_retrieval_or_search_index; not a legal/license audit,edition;recommendation,not_established,US; regional availability not guaranteed,,,,,2026-09-20T14:35:11+00:00,fetch_failed,identity_not_established,https://shop.greaterthangames.com/products/spirit-island-feather-and-flame,,src-ddc5bef4c917ea29,not_established,edition_compatibility_notes,,
rec_b21f0c3265656c,prd_a7d81a5766d262,game_spirit-island,Spirit Island,spirit-island,Jagged Earth,Greater Than Games,expansion,,product_facts_checked,fact_checked_draft_needs_editorial_review,yes,no,Spirit Island.,"[[""Spirit Island""]]",publisher_confirmed,true,,,,,"Ten spirits, two island boards, new adversaries and powers; supports up to six players.",product_or_cycle_description,,not_established,1,6,publisher_product_listing,Experienced players want many more spirits or fifth/sixth-player components.,strong_fit_for_stated_use,1,Experienced players want many more spirits or fifth/sixth-player components.,Ten spirits and two island boards address variety and capacity in one product.,editorial_draft_mechanics_based,editorial_inference_from_publisher_mechanics_not_playtesting,stated_use_case_only_not_universal_rank,https://shop.greaterthangames.com/products/spirit-island-jagged-earth,69.95,displayed_catalog_price_not_live_quote,60_to_99_99,https://shop.greaterthangames.com/products/spirit-island-jagged-earth,2026-09-20,https://shop.greaterthangames.com/products/spirit-island-jagged-earth,source_product_page_not_checkout_tested,https://www.amazon.com/dp/B085DLZRFQ,B085DLZRFQ,product_identity_checked_not_stock,2026-09-20,2020,released,not_checked,https://shop.greaterthangames.com/products/spirit-island-jagged-earth,,publisher,product_detail,product_name;base_game_association;base_requirement;prerequisite_chain;what_it_adds;player_range;release_year;price,core_facts_verified,2026-09-20,web_retrieval_or_search_index; not a legal/license audit,edition;recommendation;editorial_human_review,not_established,US; regional availability not guaranteed,,,,,2026-09-20T14:35:11+00:00,fetch_failed,identity_not_established,https://shop.greaterthangames.com/products/spirit-island-jagged-earth,,src-9bf3a21ad2d0b450,not_established,edition_compatibility_notes,,
rec_1cd1a0deae153a,prd_89b520e0635919,game_spirit-island,Spirit Island,spirit-island,Nature Incarnate,Greater Than Games,expansion,,product_facts_checked,fact_checked_draft_needs_editorial_review,yes,no,Spirit Island + Jagged Earth.,"[[""Spirit Island"", ""Jagged Earth""]]",publisher_confirmed,true,,,,,"Eight spirits, Incarna, new aspects, scenarios and an adversary.",product_or_cycle_description,,not_established,1,6,publisher_product_listing,"Jagged Earth owner wants more spirits, aspects and Incarna.",buy_only_when_requirements_met,2,"Jagged Earth owner wants more spirits, aspects and Incarna.",Requires Jagged Earth; do not suggest it to a base-only owner as an immediately usable purchase.,editorial_draft_mechanics_based,editorial_inference_from_publisher_mechanics_not_playtesting,stated_use_case_only_not_universal_rank,https://shop.greaterthangames.com/products/spirit-island-nature-incarnate,59.95,displayed_catalog_price_not_live_quote,40_to_59_99,https://shop.greaterthangames.com/products/spirit-island-nature-incarnate,2026-09-20,https://shop.greaterthangames.com/products/spirit-island-nature-incarnate,source_product_page_not_checkout_tested,,,not_verified,,2023,released,not_checked,https://shop.greaterthangames.com/products/spirit-island-nature-incarnate,,publisher,product_detail,product_name;base_game_association;base_requirement;prerequisite_chain;what_it_adds;player_range;release_year;price,core_facts_verified,2026-09-20,web_retrieval_or_search_index; not a legal/license audit,edition;recommendation;editorial_human_review,not_established,US; regional availability not guaranteed,,,,,2026-09-20T14:35:11+00:00,fetch_failed,identity_not_established,https://shop.greaterthangames.com/products/spirit-island-nature-incarnate,,src-4a6e9a90525ecb1e,not_established,edition_compatibility_notes,,
rec_1938d3677a4f60,prd_ddf5cf146b2867,game_spirit-island,Spirit Island,spirit-island,Promo Pack 1,Greater Than Games,official_promo,,primary_catalog_identity,hold_for_product_detail_verification,unknown,unknown,,,not_verified,false,,,Repackaged in Feather & Flame; buying both formats duplicates content.,,,not_recorded,,not_established,,,,,,,,,not_assessed,,,,,,,,,,not_recorded,,,not_verified,,,unknown,not_checked,https://shop.greaterthangames.com/products/spirit-island-feather-and-flame,,publisher,catalog,product_name;base_game_association,catalog_verified_details_pending,2026-09-20,web_retrieval_or_search_index; not a legal/license audit,prerequisites;edition;recommendation,not_established,US; regional availability not guaranteed,,,,,2026-09-20T14:35:11+00:00,fetch_failed,identity_not_established,https://shop.greaterthangames.com/products/spirit-island-feather-and-flame,,src-ddc5bef4c917ea29,not_established,what_it_adds | base_game_requirement | edition_compatibility_notes,,
rec_e503dc0a8a6e5c,prd_89ad1cbd1bc00a,game_spirit-island,Spirit Island,spirit-island,Promo Pack 2,Greater Than Games,official_promo,,primary_catalog_identity,hold_for_product_detail_verification,unknown,unknown,,,not_verified,false,,,Repackaged in Feather & Flame; buying both formats duplicates content.,,,not_recorded,,not_established,,,,,,,,,not_assessed,,,,,,,,,,not_recorded,,,not_verified,,,unknown,not_checked,https://shop.greaterthangames.com/products/spirit-island-feather-and-flame,,publisher,catalog,product_name;base_game_association,catalog_verified_details_pending,2026-09-20,web_retrieval_or_search_index; not a legal/license audit,prerequisites;edition;recommendation,not_established,US; regional availability not guaranteed,,,,,2026-09-20T14:35:11+00:00,fetch_failed,identity_not_established,https://shop.greaterthangames.com/products/spirit-island-feather-and-flame,,src-ddc5bef4c917ea29,not_established,what_it_adds | base_game_requirement | edition_compatibility_notes,,
rec_b5c7d4c3005183,prd_ab8700cc4fdb46,game_star-realms,Star Realms,star-realms,Star Captain Starla Promo,Wise Wizard Games,official_promo,,secondary_catalog_identity,hold_for_product_detail_verification,unknown,unknown,,,not_verified,false,,,,,Promotional gameplay content; exact effects and required editions not independently checked.,format_level_only,,not_established,,,,,,,,,not_assessed,,,,,,,,,,not_recorded,,,not_verified,,,unknown,not_checked,,https://boardgamegeekstore.com/collections/bgg-store-promos?page=2,specialist_retailer,retailer_catalog,product_name;base_game_association,secondary_catalog_details_pending,2026-09-20,web_retrieval_or_search_index; not a legal/license audit,product_rulebook;prerequisites;edition;recommendation;retailer_identity_only,not_established,US; regional availability not guaranteed,,,,,2026-09-20T14:35:11+00:00,fetch_failed,identity_not_established,https://boardgamegeekstore.com/collections/bgg-store-promos?page=2,,src-42cc4ca501b42b1f,not_established,base_game_requirement | edition_compatibility_notes,,
rec_27b1bb22b515e9,prd_69cee3ec5f6a7d,game_star-wars-villainous,Star Wars Villainous,star-wars-villainous,Cold Tactics,Ravensburger,standalone_compatible,,product_facts_checked,fact_checked_draft_needs_editorial_review,no,yes,Playable by itself; may combine with a set in the same Villainous universe.,,publisher_confirmed,false,,"Disney, Marvel and Star Wars universes are not cross-compatible. Standalone does not mean solitaire.",,,,not_recorded,,not_established,,,,,,,,,not_assessed,,,,22.99,displayed_catalog_price_not_live_quote,20_to_39_99,https://www.ravensburger.us/en-US/products/games/villainous-board-game-expansion-packs,2026-09-20,,not_recorded,,,not_verified,,,unknown,not_checked,https://www.ravensburger.us/en-US/products/games/villainous-board-game-expansion-packs,,publisher,family_product_details,product_name;base_game_association;standalone_status;family_compatibility;price,core_facts_verified,2026-09-20,web_retrieval_or_search_index; not a legal/license audit,prerequisites;edition;recommendation,not_established,US; regional availability not guaranteed,,,,,2026-09-20T14:35:11+00:00,fetch_failed,identity_not_established,https://www.ravensburger.us/en-US/products/games/villainous-board-game-expansion-packs,,src-4579d0beeb4bc9f5,not_established,what_it_adds,,
rec_68129a6f051887,prd_7d01a6ac48e34a,game_star-wars-villainous,Star Wars Villainous,star-wars-villainous,Revenge at Last,Ravensburger,standalone_compatible,,product_facts_checked,fact_checked_draft_needs_editorial_review,no,yes,Playable by itself; may combine with a set in the same Villainous universe.,,publisher_confirmed,false,,"Disney, Marvel and Star Wars universes are not cross-compatible. Standalone does not mean solitaire.",,,,not_recorded,,not_established,,,,,,,,,not_assessed,,,,19.54,displayed_sale_price_not_live_quote,under_20,https://www.ravensburger.us/en-US/products/games/villainous-board-game-expansion-packs,2026-09-20,,not_recorded,,,not_verified,,,unknown,not_checked,https://www.ravensburger.us/en-US/products/games/villainous-board-game-expansion-packs,,publisher,family_product_details,product_name;base_game_association;standalone_status;family_compatibility;price,core_facts_verified,2026-09-20,web_retrieval_or_search_index; not a legal/license audit,prerequisites;edition;recommendation,not_established,US; regional availability not guaranteed,,,,,2026-09-20T14:35:11+00:00,fetch_failed,identity_not_established,https://www.ravensburger.us/en-US/products/games/villainous-board-game-expansion-packs,,src-4579d0beeb4bc9f5,not_established,what_it_adds,,
rec_fca96b52f5f667,prd_c14d0b904be63c,game_star-wars-villainous,Star Wars Villainous,star-wars-villainous,Scum and Villainy,Ravensburger,compatible_character_set,,primary_catalog_identity,hold_for_product_detail_verification,unknown,unknown,,,not_verified,false,,"Only combine products within the same Disney, Marvel or Star Wars Villainous universe.",,,,not_recorded,,not_established,,,,,,,,,not_assessed,,,,,,,,,,not_recorded,,,not_verified,,,unknown,not_checked,https://www.ravensburger.us/en-US/products/games/villainous-games,,publisher,catalog,product_name;base_game_association,catalog_verified_details_pending,2026-09-20,web_retrieval_or_search_index; not a legal/license audit,prerequisites;edition;recommendation,not_established,US; regional availability not guaranteed,,,,,2026-09-20T14:35:11+00:00,fetch_failed,identity_not_established,https://www.ravensburger.us/en-US/products/games/villainous-games,,src-627751c03d890d75,not_established,what_it_adds | base_game_requirement,,
rec_cda8f76788bab7,prd_9f856f6fb88092,game_stonespine-architects,Stonespine Architects,stonespine-architects,Shrines & Fountains,Thunderworks Games,gameplay_addition_format_pending,,secondary_catalog_identity,hold_for_product_detail_verification,unknown,unknown,,,not_verified,false,,,,,Promotional gameplay content; exact effects and required editions not independently checked.,format_level_only,,not_established,,,,,,,,,not_assessed,,,,,,,,,,not_recorded,,,not_verified,,,unknown,not_checked,,https://boardgamegeekstore.com/collections/bgg-store-promos,specialist_retailer,retailer_catalog,product_name;base_game_association,secondary_catalog_details_pending,2026-09-20,web_retrieval_or_search_index; not a legal/license audit,product_rulebook;prerequisites;edition;recommendation;retailer_identity_only,not_established,US; regional availability not guaranteed,,,,,2026-09-20T14:35:11+00:00,fetch_failed,identity_not_established,https://boardgamegeekstore.com/collections/bgg-store-promos,,src-01c27471df6176f4,not_established,base_game_requirement | edition_compatibility_notes,,
rec_e3ea92ac568a06,prd_91dea8f9a3a63b,game_tapestry,Tapestry,tapestry,Arts & Architecture,Stonemaier Games,expansion,,primary_catalog_identity,hold_for_product_detail_verification,unknown,unknown,,,not_verified,false,,,,,,not_recorded,,not_established,,,,,,,,,not_assessed,,,,,,,,,,not_recorded,,,not_verified,,,unknown,not_checked,https://store.stonemaiergames.com/collections/wingspan,,publisher,publisher_navigation,product_name;base_game_association,catalog_verified_details_pending,2026-09-20,web_retrieval_or_search_index; not a legal/license audit,product_detail;prerequisites;edition;release_status;recommendation,not_established,US; regional availability not guaranteed,,,,,2026-09-20T14:35:11+00:00,fetch_failed,identity_not_established,https://store.stonemaiergames.com/collections/wingspan,,src-aad88cb2772fb023,not_established,what_it_adds | base_game_requirement | edition_compatibility_notes,,
rec_60a0cce4de21b2,prd_4e7e1df1e2f68a,game_tapestry,Tapestry,tapestry,Fantasies & Futures,Stonemaier Games,expansion,,primary_catalog_identity,hold_for_product_detail_verification,unknown,unknown,,,not_verified,false,,,,,,not_recorded,,not_established,,,,,,,,,not_assessed,,,,,,,,,,not_recorded,,,not_verified,,,unknown,not_checked,https://store.stonemaiergames.com/collections/wingspan,,publisher,publisher_navigation,product_name;base_game_association,catalog_verified_details_pending,2026-09-20,web_retrieval_or_search_index; not a legal/license audit,product_detail;prerequisites;edition;release_status;recommendation,not_established,US; regional availability not guaranteed,,,,,2026-09-20T14:35:11+00:00,fetch_failed,identity_not_established,https://store.stonemaiergames.com/collections/wingspan,,src-aad88cb2772fb023,not_established,what_it_adds | base_game_requirement | edition_compatibility_notes,,
rec_483e4eaf002b12,prd_a802ff64e2ca9f,game_tapestry,Tapestry,tapestry,Plans & Ploys,Stonemaier Games,expansion,,primary_catalog_identity,hold_for_product_detail_verification,unknown,unknown,,,not_verified,false,,,,,,not_recorded,,not_established,,,,,,,,,not_assessed,,,,,,,,,,not_recorded,,,not_verified,,,unknown,not_checked,https://store.stonemaiergames.com/collections/wingspan,,publisher,publisher_navigation,product_name;base_game_association,catalog_verified_details_pending,2026-09-20,web_retrieval_or_search_index; not a legal/license audit,product_detail;prerequisites;edition;release_status;recommendation,not_established,US; regional availability not guaranteed,,,,,2026-09-20T14:35:11+00:00,fetch_failed,identity_not_established,https://store.stonemaiergames.com/collections/wingspan,,src-aad88cb2772fb023,not_established,what_it_adds | base_game_requirement | edition_compatibility_notes,,
rec_a9869418d7a219,prd_dc81e2d009ee87,game_terraforming-mars,Terraforming Mars,terraforming-mars,Amazonis & Vastitas,FryxGames / Stronghold Games,expansion,,product_facts_checked,fact_checked_draft_needs_editorial_review,yes,no,Terraforming Mars base game.,"[[""Terraforming Mars""]]",publisher_summary_only,false,,,,,"Two alternate maps, including a larger Amazonis surface and longer parameters.",product_or_cycle_description,,not_established,,,,,,,,,not_assessed,,,,,,,,,,not_recorded,,,not_verified,,,unknown,not_checked,https://fryxgames.se/product/terraforming-mars-expansion-bundle/,,publisher,catalog,product_name;base_game_association;base_requirement;what_it_adds,core_facts_verified,2026-09-20,web_retrieval_or_search_index; not a legal/license audit,edition;recommendation,not_established,US; regional availability not guaranteed,,,,,2026-09-20T14:35:11+00:00,fetch_failed,identity_not_established,https://fryxgames.se/product/terraforming-mars-expansion-bundle/,,src-2e951c2b52fbe2aa,not_established,edition_compatibility_notes,,
rec_163ec325313ebd,prd_0d8ead0f9d77d8,game_terraforming-mars,Terraforming Mars,terraforming-mars,Automa,FryxGames / Stronghold Games,automated_opponent_expansion,,primary_catalog_identity,hold_for_product_detail_verification,unknown,unknown,,,not_verified,false,,,,,A solo opponent system.,product_or_cycle_description,,not_established,,,,solo,,,,,not_assessed,,,,,,,,,,not_recorded,,,not_verified,,,unknown,not_checked,https://fryxgames.se/product/terraforming-mars-expansion-bundle/,,publisher,catalog,product_name;base_game_association,catalog_verified_details_pending,2026-09-20,web_retrieval_or_search_index; not a legal/license audit,prerequisites;edition;recommendation,not_established,US; regional availability not guaranteed,,,,,2026-09-20T14:35:11+00:00,fetch_failed,identity_not_established,https://fryxgames.se/product/terraforming-mars-expansion-bundle/,,src-2e951c2b52fbe2aa,not_established,base_game_requirement | edition_compatibility_notes,,
rec_734d7a00b955f0,prd_37fc1110c9d817,game_terraforming-mars,Terraforming Mars,terraforming-mars,Colonies,FryxGames / Stronghold Games,expansion,,product_facts_checked,fact_checked_draft_needs_editorial_review,yes,no,Terraforming Mars base game.,"[[""Terraforming Mars""]]",publisher_summary_only,false,,,,,Trading with off-world colonies.,product_or_cycle_description,,not_established,,,,,,,,,not_assessed,,,,,,,,,,not_recorded,,,not_verified,,,unknown,not_checked,https://fryxgames.se/product/terraforming-mars-expansion-bundle/,,publisher,catalog,product_name;base_game_association;base_requirement;what_it_adds,core_facts_verified,2026-09-20,web_retrieval_or_search_index; not a legal/license audit,edition;recommendation,not_established,US; regional availability not guaranteed,,,,,2026-09-20T14:35:11+00:00,fetch_failed,identity_not_established,https://fryxgames.se/product/terraforming-mars-expansion-bundle/,,src-2e951c2b52fbe2aa,not_established,edition_compatibility_notes,,
rec_977be212ce357f,prd_eefec53309e8b7,game_terraforming-mars,Terraforming Mars,terraforming-mars,Expansion Bundle (8 Expansions),FryxGames / Stronghold Games,expansion_bundle,,primary_catalog_identity,hold_for_product_detail_verification,unknown,unknown,,,not_verified,false,Terraforming Mars base game; Prelude required by Prelude 2 is included in this bundle.,,"Includes Hellas & Elysium, Amazonis & Vastitas, Utopia & Cimmeria, Venus Next, Prelude, Prelude 2, Colonies and Turmoil. Excludes Automa and Milestones & Awards.",,,not_recorded,,not_established,,,,,,,,,not_assessed,,,,,,,,,,not_recorded,,,not_verified,,,unknown,not_checked,https://fryxgames.se/product/terraforming-mars-expansion-bundle/,,publisher,catalog,product_name;base_game_association,catalog_verified_details_pending,2026-09-20,web_retrieval_or_search_index; not a legal/license audit,prerequisites;edition;recommendation,not_established,US; regional availability not guaranteed,,,,,2026-09-20T14:35:11+00:00,fetch_failed,identity_not_established,https://fryxgames.se/product/terraforming-mars-expansion-bundle/,,src-2e951c2b52fbe2aa,not_established,what_it_adds | base_game_requirement | edition_compatibility_notes,,
rec_3f30ff74b149aa,prd_acc2787c474ddf,game_terraforming-mars,Terraforming Mars,terraforming-mars,Hellas & Elysium,FryxGames / Stronghold Games,expansion,,product_facts_checked,fact_checked_draft_needs_editorial_review,yes,no,Terraforming Mars base game.,"[[""Terraforming Mars""]]",publisher_summary_only,false,,,,,Two alternate Mars maps.,product_or_cycle_description,,not_established,,,,,,,,,not_assessed,,,,,,,,,,not_recorded,,,not_verified,,,unknown,not_checked,https://fryxgames.se/product/terraforming-mars-expansion-bundle/,,publisher,catalog,product_name;base_game_association;base_requirement;what_it_adds,core_facts_verified,2026-09-20,web_retrieval_or_search_index; not a legal/license audit,edition;recommendation,not_established,US; regional availability not guaranteed,,,,,2026-09-20T14:35:11+00:00,fetch_failed,identity_not_established,https://fryxgames.se/product/terraforming-mars-expansion-bundle/,,src-2e951c2b52fbe2aa,not_established,edition_compatibility_notes,,
rec_edbeb3bcf878f2,prd_2fd49335744548,game_terraforming-mars,Terraforming Mars,terraforming-mars,Milestones & Awards,FryxGames / Stronghold Games,mini_expansion,,primary_catalog_identity,hold_for_product_detail_verification,unknown,unknown,,,not_verified,false,,,,,Additional milestone and award options.,product_or_cycle_description,,not_established,,,,,,,,,not_assessed,,,,,,,,,,not_recorded,https://www.amazon.com/dp/B0DJDX61G1,B0DJDX61G1,product_identity_checked_not_stock,2026-09-20,,unknown,not_checked,https://fryxgames.se/product/terraforming-mars-expansion-bundle/,,publisher,catalog,product_name;base_game_association,catalog_verified_details_pending,2026-09-20,web_retrieval_or_search_index; not a legal/license audit,prerequisites;edition;recommendation,not_established,US; regional availability not guaranteed,,,,,2026-09-20T14:35:11+00:00,fetch_failed,identity_not_established,https://fryxgames.se/product/terraforming-mars-expansion-bundle/,,src-2e951c2b52fbe2aa,not_established,base_game_requirement | edition_compatibility_notes,,
rec_ac61a534869040,prd_648fbc1e5e3bdc,game_terraforming-mars,Terraforming Mars,terraforming-mars,Prelude,FryxGames / Stronghold Games,expansion,,product_facts_checked,fact_checked_draft_needs_editorial_review,yes,no,Terraforming Mars base game.,"[[""Terraforming Mars""]]",publisher_summary_only,false,,,,,Opening cards that accelerate and differentiate starting positions.,product_or_cycle_description,,not_established,,,,,,,,,not_assessed,,,,,,,,,,not_recorded,,,not_verified,,,unknown,not_checked,https://fryxgames.se/product/terraforming-mars-expansion-bundle/,,publisher,catalog,product_name;base_game_association;base_requirement;what_it_adds,core_facts_verified,2026-09-20,web_retrieval_or_search_index; not a legal/license audit,edition;recommendation,not_established,US; regional availability not guaranteed,,,,,2026-09-20T14:35:11+00:00,fetch_failed,identity_not_established,https://fryxgames.se/product/terraforming-mars-expansion-bundle/,,src-2e951c2b52fbe2aa,not_established,edition_compatibility_notes,,
rec_fac2439d34cb47,prd_47e30350441565,game_terraforming-mars,Terraforming Mars,terraforming-mars,Prelude 2,FryxGames / Stronghold Games,card_expansion,,product_facts_checked,fact_checked_draft_needs_editorial_review,yes,no,"Terraforming Mars + Prelude; cards referencing Venus Next, Colonies or Turmoil need those expansions.","[[""Terraforming Mars"",""Prelude""]]",publisher_confirmed,true,,Not every included card is usable with base plus Prelude alone.,,,"More Prelude cards, corporations and cross-expansion projects.",product_or_cycle_description,,not_established,,,,,,,,,not_assessed,,,,,,,,,,not_recorded,,,not_verified,,2024,released,not_checked,https://fryxgames.se/product/terraforming-mars-prelude-2/,,publisher,product_detail,product_name;base_game_association;base_requirement;prerequisite_chain;what_it_adds;release_year,core_facts_verified,2026-09-20,web_retrieval_or_search_index; not a legal/license audit,recommendation,not_established,US; regional availability not guaranteed,,,,,2026-09-20T14:35:11+00:00,fetch_failed,identity_not_established,https://fryxgames.se/product/terraforming-mars-prelude-2/,,src-7899bed4ca5ba9f8,not_established,,,
rec_0aec7a0d10bfd3,prd_581d3fd3bfea68,game_terraforming-mars,Terraforming Mars,terraforming-mars,Turmoil,FryxGames / Stronghold Games,expansion,,product_facts_checked,fact_checked_draft_needs_editorial_review,yes,no,Terraforming Mars base game.,"[[""Terraforming Mars""]]",publisher_summary_only,false,,,,,"Political parties, policy changes and global events.",product_or_cycle_description,,not_established,,,,,,,,,not_assessed,,,,,,,,,,not_recorded,,,not_verified,,,unknown,not_checked,https://fryxgames.se/product/terraforming-mars-expansion-bundle/,,publisher,catalog,product_name;base_game_association;base_requirement;what_it_adds,core_facts_verified,2026-09-20,web_retrieval_or_search_index; not a legal/license audit,edition;recommendation,not_established,US; regional availability not guaranteed,,,,,2026-09-20T14:35:11+00:00,fetch_failed,identity_not_established,https://fryxgames.se/product/terraforming-mars-expansion-bundle/,,src-2e951c2b52fbe2aa,not_established,edition_compatibility_notes,,
rec_1d43e9cff63e82,prd_c78d2fcc7529ae,game_terraforming-mars,Terraforming Mars,terraforming-mars,Utopia & Cimmeria,FryxGames / Stronghold Games,expansion,,product_facts_checked,fact_checked_draft_needs_editorial_review,yes,no,Terraforming Mars base game.,"[[""Terraforming Mars""]]",publisher_summary_only,false,,,,,Two additional Mars maps.,product_or_cycle_description,,not_established,,,,,,,,,not_assessed,,,,,,,,,,not_recorded,,,not_verified,,,unknown,not_checked,https://fryxgames.se/product/terraforming-mars-expansion-bundle/,,publisher,catalog,product_name;base_game_association;base_requirement;what_it_adds,core_facts_verified,2026-09-20,web_retrieval_or_search_index; not a legal/license audit,edition;recommendation,not_established,US; regional availability not guaranteed,,,,,2026-09-20T14:35:11+00:00,fetch_failed,identity_not_established,https://fryxgames.se/product/terraforming-mars-expansion-bundle/,,src-2e951c2b52fbe2aa,not_established,edition_compatibility_notes,,
rec_93bc6431199b72,prd_50658ace114969,game_terraforming-mars,Terraforming Mars,terraforming-mars,Venus Next,FryxGames / Stronghold Games,expansion,,product_facts_checked,fact_checked_draft_needs_editorial_review,yes,no,Terraforming Mars base game.,"[[""Terraforming Mars""]]",publisher_summary_only,false,,,,,"Venus terraforming, floaters and associated project and corporation cards.",product_or_cycle_description,,not_established,,,,,,,,,not_assessed,,,,,,,,,,not_recorded,,,not_verified,,,unknown,not_checked,https://fryxgames.se/product/terraforming-mars-expansion-bundle/,,publisher,catalog,product_name;base_game_association;base_requirement;what_it_adds,core_facts_verified,2026-09-20,web_retrieval_or_search_index; not a legal/license audit,edition;recommendation,not_established,US; regional availability not guaranteed,,,,,2026-09-20T14:35:11+00:00,fetch_failed,identity_not_established,https://fryxgames.se/product/terraforming-mars-expansion-bundle/,,src-2e951c2b52fbe2aa,not_established,edition_compatibility_notes,,
rec_6d55439602957d,prd_ca646cb186dbbf,game_the-castles-of-burgundy,The Castles of Burgundy,the-castles-of-burgundy,10th Expansion: Solo Board,,gameplay_addition_format_pending,,secondary_catalog_identity,hold_for_product_detail_verification,unknown,unknown,,,not_verified,false,,,,,Promotional gameplay content; exact effects and required editions not independently checked.,format_level_only,,not_established,,,,,,,,,not_assessed,,,,,,,,,,not_recorded,,,not_verified,,,unknown,not_checked,,https://boardgamegeekstore.com/collections/bgg-store-promos?page=5,specialist_retailer,retailer_catalog,product_name;base_game_association,secondary_catalog_details_pending,2026-09-20,web_retrieval_or_search_index; not a legal/license audit,product_rulebook;prerequisites;edition;recommendation;retailer_identity_only,not_established,US; regional availability not guaranteed,,,,,2026-09-20T14:35:11+00:00,fetch_failed,identity_not_established,https://boardgamegeekstore.com/collections/bgg-store-promos?page=5,,src-8c6068e038559de0,not_established,base_game_requirement | edition_compatibility_notes,,
rec_643b8ddf8079f6,prd_6a4d30d8cb30b8,game_the-crew-the-quest-for-planet-nine,The Crew: The Quest for Planet Nine,the-crew-the-quest-for-planet-nine,Flight to the ISS,,gameplay_addition_format_pending,,secondary_catalog_identity,hold_for_product_detail_verification,unknown,unknown,,,not_verified,false,,,,,Promotional gameplay content; exact effects and required editions not independently checked.,format_level_only,,not_established,,,,,,,,,not_assessed,,,,,,,,,,not_recorded,,,not_verified,,,unknown,not_checked,,https://boardgamegeekstore.com/collections/bgg-store-promos?page=5,specialist_retailer,retailer_catalog,product_name;base_game_association,secondary_catalog_details_pending,2026-09-20,web_retrieval_or_search_index; not a legal/license audit,product_rulebook;prerequisites;edition;recommendation;retailer_identity_only,not_established,US; regional availability not guaranteed,,,,,2026-09-20T14:35:11+00:00,fetch_failed,identity_not_established,https://boardgamegeekstore.com/collections/bgg-store-promos?page=5,,src-8c6068e038559de0,not_established,base_game_requirement | edition_compatibility_notes,,
rec_0b49e10b274296,prd_d082b8b1e0ddb5,game_the-fox-experiment,The Fox Experiment,the-fox-experiment,Patron and Science Promo Cards,,official_promo,,secondary_catalog_identity,hold_for_product_detail_verification,unknown,unknown,,,not_verified,false,,,,,Promotional gameplay content; exact effects and required editions not independently checked.,format_level_only,,not_established,,,,,,,,,not_assessed,,,,,,,,,,not_recorded,,,not_verified,,,unknown,not_checked,,https://boardgamegeekstore.com/collections/bgg-store-promos?page=3,specialist_retailer,retailer_catalog,product_name;base_game_association,secondary_catalog_details_pending,2026-09-20,web_retrieval_or_search_index; not a legal/license audit,product_rulebook;prerequisites;edition;recommendation;retailer_identity_only,not_established,US; regional availability not guaranteed,,,,,2026-09-20T14:35:11+00:00,fetch_failed,identity_not_established,https://boardgamegeekstore.com/collections/bgg-store-promos?page=3,,src-1d4913c5e78cfab9,not_established,base_game_requirement | edition_compatibility_notes,,
rec_5ba09b1370ee3e,prd_b70334407b2ea3,game_the-fox-experiment,The Fox Experiment,the-fox-experiment,Study Promo Cards,,official_promo,,secondary_catalog_identity,hold_for_product_detail_verification,unknown,unknown,,,not_verified,false,,,,,Promotional gameplay content; exact effects and required editions not independently checked.,format_level_only,,not_established,,,,,,,,,not_assessed,,,,,,,,,,not_recorded,,,not_verified,,,unknown,not_checked,,https://boardgamegeekstore.com/collections/bgg-store-promos?page=2,specialist_retailer,retailer_catalog,product_name;base_game_association,secondary_catalog_details_pending,2026-09-20,web_retrieval_or_search_index; not a legal/license audit,product_rulebook;prerequisites;edition;recommendation;retailer_identity_only,not_established,US; regional availability not guaranteed,,,,,2026-09-20T14:35:11+00:00,fetch_failed,identity_not_established,https://boardgamegeekstore.com/collections/bgg-store-promos?page=2,,src-42cc4ca501b42b1f,not_established,base_game_requirement | edition_compatibility_notes,,
rec_cac7f8f3a53ee9,prd_eef8b7409ccf5b,game_the-king-of-12,The King of 12,the-king-of-12,Faun & Collector Promos,,official_promo,,secondary_catalog_identity,hold_for_product_detail_verification,unknown,unknown,,,not_verified,false,,,,,Promotional gameplay content; exact effects and required editions not independently checked.,format_level_only,,not_established,,,,,,,,,not_assessed,,,,,,,,,,not_recorded,,,not_verified,,,unknown,not_checked,,https://boardgamegeekstore.com/collections/bgg-store-promos,specialist_retailer,retailer_catalog,product_name;base_game_association,secondary_catalog_details_pending,2026-09-20,web_retrieval_or_search_index; not a legal/license audit,product_rulebook;prerequisites;edition;recommendation;retailer_identity_only,not_established,US; regional availability not guaranteed,,,,,2026-09-20T14:35:11+00:00,fetch_failed,identity_not_established,https://boardgamegeekstore.com/collections/bgg-store-promos,,src-01c27471df6176f4,not_established,base_game_requirement | edition_compatibility_notes,,
rec_40977d5ce92011,prd_347ec0af1227a2,game_the-lord-of-the-rings-duel-for-middle-earth,The Lord of the Rings: Duel for Middle-earth,the-lord-of-the-rings-duel-for-middle-earth,Grond Promo,Repos Production,official_promo,,secondary_catalog_identity,hold_for_product_detail_verification,unknown,unknown,,,not_verified,false,,,,,Promotional gameplay content; exact effects and required editions not independently checked.,format_level_only,,not_established,,,,,,,,,not_assessed,,,,,,,,,,not_recorded,,,not_verified,,,unknown,not_checked,,https://boardgamegeekstore.com/collections/bgg-store-promos?page=2,specialist_retailer,retailer_catalog,product_name;base_game_association,secondary_catalog_details_pending,2026-09-20,web_retrieval_or_search_index; not a legal/license audit,product_rulebook;prerequisites;edition;recommendation;retailer_identity_only,not_established,US; regional availability not guaranteed,,,,,2026-09-20T14:35:11+00:00,fetch_failed,identity_not_established,https://boardgamegeekstore.com/collections/bgg-store-promos?page=2,,src-42cc4ca501b42b1f,not_established,base_game_requirement | edition_compatibility_notes,,
rec_30dcbef9b8742e,prd_c6852fbf4c015b,game_the-lord-of-the-rings-duel-for-middle-earth,The Lord of the Rings: Duel for Middle-earth,the-lord-of-the-rings-duel-for-middle-earth,The Shire Promo,Repos Production,official_promo,,secondary_catalog_identity,hold_for_product_detail_verification,unknown,unknown,,,not_verified,false,,,,,Promotional gameplay content; exact effects and required editions not independently checked.,format_level_only,,not_established,,,,,,,,,not_assessed,,,,,,,,,,not_recorded,,,not_verified,,,unknown,not_checked,,https://boardgamegeekstore.com/collections/bgg-store-promos?page=2,specialist_retailer,retailer_catalog,product_name;base_game_association,secondary_catalog_details_pending,2026-09-20,web_retrieval_or_search_index; not a legal/license audit,product_rulebook;prerequisites;edition;recommendation;retailer_identity_only,not_established,US; regional availability not guaranteed,,,,,2026-09-20T14:35:11+00:00,fetch_failed,identity_not_established,https://boardgamegeekstore.com/collections/bgg-store-promos?page=2,,src-42cc4ca501b42b1f,not_established,base_game_requirement | edition_compatibility_notes,,
rec_108dca81789c81,prd_754906272b75e1,game_the-lord-of-the-rings-the-card-game,The Lord of the Rings: The Card Game,the-lord-of-the-rings-the-card-game,Dream-chaser Campaign Expansion,Fantasy Flight Games,campaign_expansion,Repackaged,product_facts_checked,fact_checked_draft_needs_editorial_review,yes,no,The Lord of the Rings: The Card Game Revised Core Set,"[[""The Lord of the Rings: The Card Game Revised Core Set""]]",publisher_confirmed,true,,,Repackages scenarios from The Grey Havens and the Dream-chaser cycle; not the player cards.,,Nine nautical scenarios and new campaign material.,product_or_cycle_description,,not_established,1,4,publisher_product_listing,,,,,,not_assessed,,,,69.99,publisher_listed_price_not_live_quote,60_to_99_99,https://www.fantasyflightgames.com/en/products/the-lord-of-the-rings-the-card-game/products/dream-chaser-campaign-expansion/,2026-09-20,https://www.fantasyflightgames.com/en/products/the-lord-of-the-rings-the-card-game/products/dream-chaser-campaign-expansion/,source_product_page_may_link_to_store,,,not_verified,,2023,released,not_checked,https://www.fantasyflightgames.com/en/products/the-lord-of-the-rings-the-card-game/products/dream-chaser-campaign-expansion/,,publisher,product_detail,product_name;base_game_association;what_it_adds;base_requirement,core_facts_verified,2026-09-20,web_retrieval_or_search_index; not a legal/license audit,edition;recommendation,not_established,US; regional availability not guaranteed,,,,,2026-09-20T14:35:11+00:00,fetch_failed,identity_not_established,https://www.fantasyflightgames.com/en/products/the-lord-of-the-rings-the-card-game/products/dream-chaser-campaign-expansion/,,src-4dbb8e0ef02067fa,not_established,edition_compatibility_notes,,
rec_1fc915a0e23aa3,prd_4232bf861dd105,game_the-lord-of-the-rings-the-card-game,The Lord of the Rings: The Card Game,the-lord-of-the-rings-the-card-game,Ered Mithrin Campaign Expansion,Fantasy Flight Games,campaign_expansion,Repackaged,product_facts_checked,fact_checked_draft_needs_editorial_review,yes,no,The Lord of the Rings: The Card Game Revised Core Set,"[[""The Lord of the Rings: The Card Game Revised Core Set""]]",publisher_confirmed,true,,,Repackages the scenarios in The Wilds of Rhovanion and the Ered Mithrin cycle; not the player cards.,,Nine scenarios and new campaign material.,product_or_cycle_description,,not_established,1,4,publisher_product_listing,Revised Core owner wants the nine Ered Mithrin scenarios.,check_overlap_before_buying,1,Revised Core owner wants the nine Ered Mithrin scenarios.,Campaign content is separate from the Hero Expansion; original-cycle owners should check overlap.,editorial_draft_mechanics_based,editorial_inference_from_publisher_mechanics_not_playtesting,stated_use_case_only_not_universal_rank,https://www.fantasyflightgames.com/en/products/the-lord-of-the-rings-the-card-game/products/ered-mithrin-campaign-expansion/,69.99,publisher_listed_price_not_live_quote,60_to_99_99,https://www.fantasyflightgames.com/en/products/the-lord-of-the-rings-the-card-game/products/ered-mithrin-campaign-expansion/,2026-09-20,https://www.fantasyflightgames.com/en/products/the-lord-of-the-rings-the-card-game/products/ered-mithrin-campaign-expansion/,source_product_page_may_link_to_store,,,not_verified,,2024,released,not_checked,https://www.fantasyflightgames.com/en/products/the-lord-of-the-rings-the-card-game/products/ered-mithrin-campaign-expansion/,,publisher,product_detail,product_name;base_game_association;what_it_adds;base_requirement,core_facts_verified,2026-09-20,web_retrieval_or_search_index; not a legal/license audit,edition;recommendation;editorial_human_review,not_established,US; regional availability not guaranteed,,,,,2026-09-20T14:35:11+00:00,fetch_failed,identity_not_established,https://www.fantasyflightgames.com/en/products/the-lord-of-the-rings-the-card-game/products/ered-mithrin-campaign-expansion/,,src-39f4a4ef04341f0f,not_established,edition_compatibility_notes,,
rec_231e69c95375d3,prd_6fd6b7e74c0270,game_the-lord-of-the-rings-the-card-game,The Lord of the Rings: The Card Game,the-lord-of-the-rings-the-card-game,Ered Mithrin Hero Expansion,Fantasy Flight Games,hero_card_expansion,Repackaged,product_facts_checked,fact_checked_draft_needs_editorial_review,yes,no,The Lord of the Rings: The Card Game Revised Core Set,"[[""The Lord of the Rings: The Card Game Revised Core Set""]]",publisher_confirmed,true,,,Repackages player cards from The Wilds of Rhovanion and the Ered Mithrin cycle; not the scenarios.,,Eight heroes plus the player cards and deck-building options from the Ered Mithrin cycle.,product_or_cycle_description,,not_established,,,,Revised Core owner wants player-card deck-building options.,consider_for_stated_use,1,Revised Core owner wants player-card deck-building options.,"Buy for heroes/player cards, not expecting the nine campaign scenarios.",editorial_draft_mechanics_based,editorial_inference_from_publisher_mechanics_not_playtesting,stated_use_case_only_not_universal_rank,https://www.fantasyflightgames.com/en/products/the-lord-of-the-rings-the-card-game/products/ered-mithrin-hero-expansion/,44.99,publisher_listed_price_not_live_quote,40_to_59_99,https://www.fantasyflightgames.com/en/products/the-lord-of-the-rings-the-card-game/products/ered-mithrin-hero-expansion/,2026-09-20,https://www.fantasyflightgames.com/en/products/the-lord-of-the-rings-the-card-game/products/ered-mithrin-hero-expansion/,source_product_page_may_link_to_store,,,not_verified,,2024,released,not_checked,https://www.fantasyflightgames.com/en/products/the-lord-of-the-rings-the-card-game/products/ered-mithrin-hero-expansion/,,publisher,product_detail,product_name;base_game_association;what_it_adds;base_requirement,core_facts_verified,2026-09-20,web_retrieval_or_search_index; not a legal/license audit,edition;recommendation;editorial_human_review,not_established,US; regional availability not guaranteed,,,,,2026-09-20T14:35:11+00:00,fetch_failed,identity_not_established,https://www.fantasyflightgames.com/en/products/the-lord-of-the-rings-the-card-game/products/ered-mithrin-hero-expansion/,,src-bd8aa496ea85d9e7,not_established,edition_compatibility_notes,,
rec_2e39b427db1cca,prd_14a3225ca5684b,game_the-lord-of-the-rings-the-card-game,The Lord of the Rings: The Card Game,the-lord-of-the-rings-the-card-game,The Return of the King Saga Expansion,Fantasy Flight Games,saga_expansion,Repackaged,product_facts_checked,fact_checked_draft_needs_editorial_review,unknown,unknown,,,not_verified,false,,,Repackages The Flame of the West and The Mountain of Fire. Publisher says there is no new content for owners of both.,,Six scenarios and over 60 hero/player cards.,product_or_cycle_description,,not_established,,,,,,,,,not_assessed,,,,69.99,displayed_catalog_price_not_live_quote,60_to_99_99,https://www.fantasyflightgames.com/en/products/the-lord-of-the-rings-the-card-game/products/return-king-saga-expansion/,2026-09-20,https://www.fantasyflightgames.com/en/products/the-lord-of-the-rings-the-card-game/products/return-king-saga-expansion/,source_product_page_may_link_to_store,https://www.amazon.com/dp/B0DCL7ZG59,B0DCL7ZG59,product_identity_checked_not_stock,2026-09-20,2024,released,not_checked,https://www.fantasyflightgames.com/en/products/the-lord-of-the-rings-the-card-game/products/return-king-saga-expansion/,,publisher,product_detail,product_name;base_game_association;what_it_adds,core_facts_verified,2026-09-20,web_retrieval_or_search_index; not a legal/license audit,core_requirements;recommendation,not_established,US; regional availability not guaranteed,,,,,2026-09-20T14:35:11+00:00,fetch_failed,identity_not_established,https://www.fantasyflightgames.com/en/products/the-lord-of-the-rings-the-card-game/products/return-king-saga-expansion/,,src-769f06e688d0d60a,not_established,base_game_requirement | edition_compatibility_notes,,
rec_1d309fd6b8402b,prd_d51cf99cfa7f3e,game_the-lord-of-the-rings-the-card-game,The Lord of the Rings: The Card Game,the-lord-of-the-rings-the-card-game,The Two Towers Saga Expansion,Fantasy Flight Games,saga_expansion,Repackaged,product_facts_checked,fact_checked_draft_needs_editorial_review,yes,no,The Lord of the Rings: The Card Game Revised Core Set,"[[""The Lord of the Rings: The Card Game Revised Core Set""]]",publisher_confirmed,true,,,Contains all of The Treason of Saruman and The Land of Shadow. Publisher says there is NO new content for owners of both.,,Six scenarios and over 50 hero/player cards.,product_or_cycle_description,,not_established,,,,Owner wants the saga scenarios and does not own both original constituent boxes.,skip_if_constituents_owned,1,Owner wants the saga scenarios and does not own both original constituent boxes.,Publisher explicitly states that owners of both original boxes receive no new content.,editorial_draft_mechanics_based,editorial_inference_from_publisher_mechanics_not_playtesting,stated_use_case_only_not_universal_rank,https://www.fantasyflightgames.com/en/products/the-lord-of-the-rings-the-card-game/products/two-towers-saga-expansion/,69.99,displayed_catalog_price_not_live_quote,60_to_99_99,https://www.fantasyflightgames.com/en/products/the-lord-of-the-rings-the-card-game/products/two-towers-saga-expansion/,2026-09-20,https://www.fantasyflightgames.com/en/products/the-lord-of-the-rings-the-card-game/products/two-towers-saga-expansion/,source_product_page_may_link_to_store,,,not_verified,,2023,released,not_checked,https://www.fantasyflightgames.com/en/products/the-lord-of-the-rings-the-card-game/products/two-towers-saga-expansion/,https://www.fantasyflightgames.com/en/news/2023/10/6/available-now-october-6/,publisher,product_detail,product_name;base_game_association;what_it_adds;base_requirement,core_facts_verified,2026-09-20,web_retrieval_or_search_index; not a legal/license audit,edition;recommendation;editorial_human_review,not_established,US; regional availability not guaranteed,,,,,2026-09-20T14:35:11+00:00,fetch_failed,identity_not_established,https://www.fantasyflightgames.com/en/products/the-lord-of-the-rings-the-card-game/products/two-towers-saga-expansion/,,src-7654b9e5ce41d426,not_established,edition_compatibility_notes,,
rec_bd6cab1b57e1b5,prd_39f04d904e30c5,game_the-pursuit-of-happiness,The Pursuit of Happiness,the-pursuit-of-happiness,Run a Fair Booth Promo,,official_promo,,secondary_catalog_identity,hold_for_product_detail_verification,unknown,unknown,,,not_verified,false,,,,,Promotional gameplay content; exact effects and required editions not independently checked.,format_level_only,,not_established,,,,,,,,,not_assessed,,,,,,,,,,not_recorded,,,not_verified,,,unknown,not_checked,,https://boardgamegeekstore.com/collections/bgg-store-promos?page=5,specialist_retailer,retailer_catalog,product_name;base_game_association,secondary_catalog_details_pending,2026-09-20,web_retrieval_or_search_index; not a legal/license audit,product_rulebook;prerequisites;edition;recommendation;retailer_identity_only,not_established,US; regional availability not guaranteed,,,,,2026-09-20T14:35:11+00:00,fetch_failed,identity_not_established,https://boardgamegeekstore.com/collections/bgg-store-promos?page=5,,src-8c6068e038559de0,not_established,base_game_requirement | edition_compatibility_notes,,
rec_309a357ce7d29f,prd_11e2be8c43be44,game_the-pursuit-of-happiness,The Pursuit of Happiness,the-pursuit-of-happiness,Wakakusa Yamayaki Promo,,official_promo,,secondary_catalog_identity,hold_for_product_detail_verification,unknown,unknown,,,not_verified,false,,,,,Promotional gameplay content; exact effects and required editions not independently checked.,format_level_only,,not_established,,,,,,,,,not_assessed,,,,,,,,,,not_recorded,,,not_verified,,,unknown,not_checked,,https://boardgamegeekstore.com/collections/bgg-store-promos?page=5,specialist_retailer,retailer_catalog,product_name;base_game_association,secondary_catalog_details_pending,2026-09-20,web_retrieval_or_search_index; not a legal/license audit,product_rulebook;prerequisites;edition;recommendation;retailer_identity_only,not_established,US; regional availability not guaranteed,,,,,2026-09-20T14:35:11+00:00,fetch_failed,identity_not_established,https://boardgamegeekstore.com/collections/bgg-store-promos?page=5,,src-8c6068e038559de0,not_established,base_game_requirement | edition_compatibility_notes,,
rec_234d228b1a4c08,prd_ecb257c6ad88dd,game_the-resistance,The Resistance,the-resistance,Hidden Agenda,Indie Boards and Cards,expansion,,primary_catalog_identity,hold_for_product_detail_verification,unknown,unknown,,,not_verified,false,,,,,,not_recorded,,not_established,,,,,,,,,not_assessed,,,,,,,,,,not_recorded,,,not_verified,,,unknown,not_checked,https://indieboardsandcards.com/type/expansions/,,publisher,catalog,product_name;base_game_association,catalog_verified_details_pending,2026-09-20,web_retrieval_or_search_index; not a legal/license audit,exact_compatible_core_set;edition;prerequisites;recommendation,not_established,US; regional availability not guaranteed,,,,,2026-09-20T14:35:11+00:00,fetch_failed,identity_not_established,https://indieboardsandcards.com/type/expansions/,,src-ad059ab786e6a887,not_established,what_it_adds | base_game_requirement | edition_compatibility_notes,,
rec_8e71115acbb217,prd_4e993be831cd27,game_the-resistance,The Resistance,the-resistance,Hostile Intent,Indie Boards and Cards,expansion,,primary_catalog_identity,hold_for_product_detail_verification,unknown,unknown,,,not_verified,false,,,,,,not_recorded,,not_established,,,,,,,,,not_assessed,,,,,,,,,,not_recorded,,,not_verified,,,unknown,not_checked,https://indieboardsandcards.com/type/expansions/,,publisher,catalog,product_name;base_game_association,catalog_verified_details_pending,2026-09-20,web_retrieval_or_search_index; not a legal/license audit,exact_compatible_core_set;edition;prerequisites;recommendation,not_established,US; regional availability not guaranteed,,,,,2026-09-20T14:35:11+00:00,fetch_failed,identity_not_established,https://indieboardsandcards.com/type/expansions/,,src-ad059ab786e6a887,not_established,what_it_adds | base_game_requirement | edition_compatibility_notes,,
rec_b4191ab78f425a,prd_00b7ed19dde0e7,game_the-resistance,The Resistance,the-resistance,The Plot Thickens,Indie Boards and Cards,expansion,,primary_catalog_identity,hold_for_product_detail_verification,unknown,unknown,,,not_verified,false,,,,,,not_recorded,,not_established,,,,,,,,,not_assessed,,,,,,,,,,not_recorded,,,not_verified,,,unknown,not_checked,https://indieboardsandcards.com/type/expansions/,,publisher,catalog,product_name;base_game_association,catalog_verified_details_pending,2026-09-20,web_retrieval_or_search_index; not a legal/license audit,exact_compatible_core_set;edition;prerequisites;recommendation,not_established,US; regional availability not guaranteed,,,,,2026-09-20T14:35:11+00:00,fetch_failed,identity_not_established,https://indieboardsandcards.com/type/expansions/,,src-ad059ab786e6a887,not_established,what_it_adds | base_game_requirement | edition_compatibility_notes,,
rec_239269e0dd49d2,prd_9a8ed6506f2d22,game_tianxia,Tianxia,tianxia,Shipping Bonus Promo,,official_promo,,secondary_catalog_identity,hold_for_product_detail_verification,unknown,unknown,,,not_verified,false,,,,,Promotional gameplay content; exact effects and required editions not independently checked.,format_level_only,,not_established,,,,,,,,,not_assessed,,,,,,,,,,not_recorded,,,not_verified,,,unknown,not_checked,,https://boardgamegeekstore.com/collections/bgg-store-promos,specialist_retailer,retailer_catalog,product_name;base_game_association,secondary_catalog_details_pending,2026-09-20,web_retrieval_or_search_index; not a legal/license audit,product_rulebook;prerequisites;edition;recommendation;retailer_identity_only,not_established,US; regional availability not guaranteed,,,,,2026-09-20T14:35:11+00:00,fetch_failed,identity_not_established,https://boardgamegeekstore.com/collections/bgg-store-promos,,src-01c27471df6176f4,not_established,base_game_requirement | edition_compatibility_notes,,
rec_985b90433b4dd3,prd_3e56721854d666,game_ticket-to-ride,Ticket to Ride,ticket-to-ride,Asia,Days of Wonder,map_expansion,,base_requirement_only,hold_for_product_detail_verification,yes,no,Ticket to Ride original USA base OR Ticket to Ride: Europe.,"[[""Ticket to Ride""],[""Ticket to Ride: Europe""]]",publisher_summary_only,false,,,,,An additional regional map collection; check product detail for reverse-side maps and variant rules.,product_or_cycle_description,,not_established,,,,,,,,,not_assessed,,,,,,,,,,not_recorded,,,not_verified,,,unknown,not_checked,https://www.daysofwonder.com/universe/ticket-to-ride-map-collection/,,publisher,catalog,product_name;base_game_association;base_requirement;alternative_base_games,base_requirement_verified_details_pending,2026-09-20,web_retrieval_or_search_index; not a legal/license audit,map_specific_player_count;edition;recommendation,not_established,US; regional availability not guaranteed,,,,,2026-09-20T14:35:11+00:00,fetch_failed,identity_not_established,https://www.daysofwonder.com/universe/ticket-to-ride-map-collection/,,src-2c885f136e6f6ab0,not_established,edition_compatibility_notes,,
rec_0a497daae68787,prd_4bd6334698c3e5,game_ticket-to-ride,Ticket to Ride,ticket-to-ride,France & Old West,Days of Wonder,map_expansion,,base_requirement_only,hold_for_product_detail_verification,yes,no,Ticket to Ride original USA base OR Ticket to Ride: Europe.,"[[""Ticket to Ride""],[""Ticket to Ride: Europe""]]",publisher_summary_only,false,,,,,An additional regional map collection; check product detail for reverse-side maps and variant rules.,product_or_cycle_description,,not_established,,,,,,,,,not_assessed,,,,,,,,,,not_recorded,,,not_verified,,,unknown,not_checked,https://www.daysofwonder.com/universe/ticket-to-ride-map-collection/,https://www.daysofwonder.com/universe/five-tribes/,publisher,catalog,product_name;base_game_association;base_requirement;alternative_base_games,base_requirement_verified_details_pending,2026-09-20,web_retrieval_or_search_index; not a legal/license audit,map_specific_player_count;edition;recommendation,not_established,US; regional availability not guaranteed,,,,,2026-09-20T14:35:11+00:00,fetch_failed,identity_not_established,https://www.daysofwonder.com/universe/ticket-to-ride-map-collection/,,src-2c885f136e6f6ab0,not_established,edition_compatibility_notes,,
rec_d2cd8dcddf4dac,prd_18c3249e558a27,game_ticket-to-ride,Ticket to Ride,ticket-to-ride,Iberia,Days of Wonder,map_expansion,,base_requirement_only,hold_for_product_detail_verification,yes,no,Ticket to Ride original USA base OR Ticket to Ride: Europe.,"[[""Ticket to Ride""],[""Ticket to Ride: Europe""]]",publisher_summary_only,false,,,,,An additional regional map collection; check product detail for reverse-side maps and variant rules.,product_or_cycle_description,,not_established,,,,,,,,,not_assessed,,,,,,,,,,not_recorded,,,not_verified,,,unknown,not_checked,https://www.daysofwonder.com/universe/ticket-to-ride-map-collection/,,publisher,catalog,product_name;base_game_association;base_requirement;alternative_base_games,base_requirement_verified_details_pending,2026-09-20,web_retrieval_or_search_index; not a legal/license audit,map_specific_player_count;edition;recommendation,not_established,US; regional availability not guaranteed,,,,,2026-09-20T14:35:11+00:00,fetch_failed,identity_not_established,https://www.daysofwonder.com/universe/ticket-to-ride-map-collection/,,src-2c885f136e6f6ab0,not_established,edition_compatibility_notes,,
rec_c46919e8dca908,prd_55d7791119288f,game_ticket-to-ride,Ticket to Ride,ticket-to-ride,India & Switzerland,Days of Wonder,map_expansion,,base_requirement_only,hold_for_product_detail_verification,yes,no,Ticket to Ride original USA base OR Ticket to Ride: Europe.,"[[""Ticket to Ride""],[""Ticket to Ride: Europe""]]",publisher_summary_only,false,,,,,An additional regional map collection; check product detail for reverse-side maps and variant rules.,product_or_cycle_description,,not_established,,,,,,,,,not_assessed,,,,,,,,,,not_recorded,,,not_verified,,,unknown,not_checked,https://www.daysofwonder.com/universe/ticket-to-ride-map-collection/,https://www.daysofwonder.com/universe/five-tribes/,publisher,catalog,product_name;base_game_association;base_requirement;alternative_base_games,base_requirement_verified_details_pending,2026-09-20,web_retrieval_or_search_index; not a legal/license audit,map_specific_player_count;edition;recommendation,not_established,US; regional availability not guaranteed,,,,,2026-09-20T14:35:11+00:00,fetch_failed,identity_not_established,https://www.daysofwonder.com/universe/ticket-to-ride-map-collection/,,src-2c885f136e6f6ab0,not_established,edition_compatibility_notes,,
rec_3e31444f0006a1,prd_674b6a5e56bd7d,game_ticket-to-ride,Ticket to Ride,ticket-to-ride,Japan & Italy,Days of Wonder,map_expansion,,base_requirement_only,hold_for_product_detail_verification,yes,no,Ticket to Ride original USA base OR Ticket to Ride: Europe.,"[[""Ticket to Ride""],[""Ticket to Ride: Europe""]]",publisher_summary_only,false,,,,,An additional regional map collection; check product detail for reverse-side maps and variant rules.,product_or_cycle_description,,not_established,,,,,,,,,not_assessed,,,,,,,,,,not_recorded,,,not_verified,,,unknown,not_checked,https://www.daysofwonder.com/universe/ticket-to-ride-map-collection/,,publisher,catalog,product_name;base_game_association;base_requirement;alternative_base_games,base_requirement_verified_details_pending,2026-09-20,web_retrieval_or_search_index; not a legal/license audit,map_specific_player_count;edition;recommendation,not_established,US; regional availability not guaranteed,,,,,2026-09-20T14:35:11+00:00,fetch_failed,identity_not_established,https://www.daysofwonder.com/universe/ticket-to-ride-map-collection/,,src-2c885f136e6f6ab0,not_established,edition_compatibility_notes,,
rec_31ace81cafc239,prd_8c82133afbe95d,game_ticket-to-ride,Ticket to Ride,ticket-to-ride,Nederland,Days of Wonder,map_expansion,,base_requirement_only,hold_for_product_detail_verification,yes,no,Ticket to Ride original USA base OR Ticket to Ride: Europe.,"[[""Ticket to Ride""],[""Ticket to Ride: Europe""]]",publisher_summary_only,false,,,,,An additional regional map collection; check product detail for reverse-side maps and variant rules.,product_or_cycle_description,,not_established,,,,,,,,,not_assessed,,,,,,,,,,not_recorded,,,not_verified,,,unknown,not_checked,https://www.daysofwonder.com/universe/ticket-to-ride-map-collection/,,publisher,catalog,product_name;base_game_association;base_requirement;alternative_base_games,base_requirement_verified_details_pending,2026-09-20,web_retrieval_or_search_index; not a legal/license audit,map_specific_player_count;edition;recommendation,not_established,US; regional availability not guaranteed,,,,,2026-09-20T14:35:11+00:00,fetch_failed,identity_not_established,https://www.daysofwonder.com/universe/ticket-to-ride-map-collection/,,src-2c885f136e6f6ab0,not_established,edition_compatibility_notes,,
rec_3aebb2638e8f24,prd_3472d41f7390fe,game_ticket-to-ride,Ticket to Ride,ticket-to-ride,Poland,Days of Wonder,map_expansion,,base_requirement_only,hold_for_product_detail_verification,yes,no,Ticket to Ride original USA base OR Ticket to Ride: Europe.,"[[""Ticket to Ride""],[""Ticket to Ride: Europe""]]",publisher_summary_only,false,,,,,An additional regional map collection; check product detail for reverse-side maps and variant rules.,product_or_cycle_description,,not_established,,,,,,,,,not_assessed,,,,,,,,,,not_recorded,,,not_verified,,,unknown,not_checked,https://www.daysofwonder.com/universe/ticket-to-ride-map-collection/,,publisher,catalog,product_name;base_game_association;base_requirement;alternative_base_games,base_requirement_verified_details_pending,2026-09-20,web_retrieval_or_search_index; not a legal/license audit,map_specific_player_count;edition;recommendation,not_established,US; regional availability not guaranteed,,,,,2026-09-20T14:35:11+00:00,fetch_failed,identity_not_established,https://www.daysofwonder.com/universe/ticket-to-ride-map-collection/,,src-2c885f136e6f6ab0,not_established,edition_compatibility_notes,,
rec_ba2f1282969307,prd_ef4b107669f859,game_ticket-to-ride,Ticket to Ride,ticket-to-ride,The Heart of Africa,Days of Wonder,map_expansion,,base_requirement_only,hold_for_product_detail_verification,yes,no,Ticket to Ride original USA base OR Ticket to Ride: Europe.,"[[""Ticket to Ride""],[""Ticket to Ride: Europe""]]",publisher_summary_only,false,,,,,An additional regional map collection; check product detail for reverse-side maps and variant rules.,product_or_cycle_description,,not_established,,,,,,,,,not_assessed,,,,,,,,,,not_recorded,,,not_verified,,,unknown,not_checked,https://www.daysofwonder.com/universe/ticket-to-ride-map-collection/,,publisher,catalog,product_name;base_game_association;base_requirement;alternative_base_games,base_requirement_verified_details_pending,2026-09-20,web_retrieval_or_search_index; not a legal/license audit,map_specific_player_count;edition;recommendation,not_established,US; regional availability not guaranteed,,,,,2026-09-20T14:35:11+00:00,fetch_failed,identity_not_established,https://www.daysofwonder.com/universe/ticket-to-ride-map-collection/,,src-2c885f136e6f6ab0,not_established,edition_compatibility_notes,,
rec_9fada6ba74d662,prd_3fda4fb63b3a83,game_ticket-to-ride,Ticket to Ride,ticket-to-ride,United Kingdom & Pennsylvania,Days of Wonder,map_expansion,,base_requirement_only,hold_for_product_detail_verification,yes,no,Ticket to Ride original USA base OR Ticket to Ride: Europe.,"[[""Ticket to Ride""],[""Ticket to Ride: Europe""]]",publisher_summary_only,false,,,,,An additional regional map collection; check product detail for reverse-side maps and variant rules.,product_or_cycle_description,,not_established,,,,,,,,,not_assessed,,,,,,,,,,not_recorded,,,not_verified,,,unknown,not_checked,https://www.daysofwonder.com/universe/ticket-to-ride-map-collection/,https://www.daysofwonder.com/universe/five-tribes/,publisher,catalog,product_name;base_game_association;base_requirement;alternative_base_games,base_requirement_verified_details_pending,2026-09-20,web_retrieval_or_search_index; not a legal/license audit,map_specific_player_count;edition;recommendation,not_established,US; regional availability not guaranteed,,,,,2026-09-20T14:35:11+00:00,fetch_failed,identity_not_established,https://www.daysofwonder.com/universe/ticket-to-ride-map-collection/,,src-2c885f136e6f6ab0,not_established,edition_compatibility_notes,,
rec_21b9431b7df7f3,prd_0daf8773d2f488,game_ticket-to-ride,Ticket to Ride,ticket-to-ride,USA 1910,Days of Wonder,card_expansion,,primary_catalog_identity,hold_for_product_detail_verification,unknown,unknown,,,not_verified,false,Original Ticket to Ride USA base.,,,,Additional destination tickets and card-based variants for the original USA game.,product_or_cycle_description,,not_established,,,,,,,,,not_assessed,,,,,,,,,,not_recorded,,,not_verified,,,unknown,not_checked,https://www.daysofwonder.com/universe/ticket-to-ride/page/2/,,publisher,catalog,product_name;base_game_association,catalog_verified_details_pending,2026-09-20,web_retrieval_or_search_index; not a legal/license audit,prerequisites;edition;recommendation,not_established,US; regional availability not guaranteed,,,,,2026-09-20T14:35:11+00:00,fetch_failed,identity_not_established,https://www.daysofwonder.com/universe/ticket-to-ride/page/2/,,src-bed45d1784807f21,not_established,base_game_requirement | edition_compatibility_notes,,
rec_29ba548d2c7198,prd_3e56721854d666,game_ticket-to-ride-europe,Ticket to Ride: Europe,ticket-to-ride-europe,Asia,Days of Wonder,map_expansion,,base_requirement_only,hold_for_product_detail_verification,yes,no,Ticket to Ride original USA base OR Ticket to Ride: Europe.,"[[""Ticket to Ride""],[""Ticket to Ride: Europe""]]",publisher_summary_only,false,,,,,An additional regional map collection; check product detail for reverse-side maps and variant rules.,product_or_cycle_description,,not_established,,,,,,,,,not_assessed,,,,,,,,,,not_recorded,,,not_verified,,,unknown,not_checked,https://www.daysofwonder.com/universe/ticket-to-ride-map-collection/,,publisher,catalog,product_name;base_game_association;base_requirement;alternative_base_games,base_requirement_verified_details_pending,2026-09-20,web_retrieval_or_search_index; not a legal/license audit,map_specific_player_count;edition;recommendation,not_established,US; regional availability not guaranteed,,,,,2026-09-20T14:35:11+00:00,fetch_failed,identity_not_established,https://www.daysofwonder.com/universe/ticket-to-ride-map-collection/,,src-2c885f136e6f6ab0,not_established,edition_compatibility_notes,,
rec_de127bccb4fb1f,prd_a06d7c22c59696,game_ticket-to-ride-europe,Ticket to Ride: Europe,ticket-to-ride-europe,Europa 1912,Days of Wonder,card_expansion,,primary_catalog_identity,hold_for_product_detail_verification,unknown,unknown,,,not_verified,false,Ticket to Ride: Europe for the Europe ticket variants; check broader compatibility of other modules.,,,,Additional European destination tickets and expansion material.,product_or_cycle_description,,not_established,,,,,,,,,not_assessed,,,,,,,,,,not_recorded,,,not_verified,,,unknown,not_checked,https://www.daysofwonder.com/universe/ticket-to-ride/page/2/,,publisher,catalog,product_name;base_game_association,catalog_verified_details_pending,2026-09-20,web_retrieval_or_search_index; not a legal/license audit,prerequisites;edition;recommendation,not_established,US; regional availability not guaranteed,,,,,2026-09-20T14:35:11+00:00,fetch_failed,identity_not_established,https://www.daysofwonder.com/universe/ticket-to-ride/page/2/,,src-bed45d1784807f21,not_established,base_game_requirement | edition_compatibility_notes,,
rec_42af5e12bed90d,prd_4bd6334698c3e5,game_ticket-to-ride-europe,Ticket to Ride: Europe,ticket-to-ride-europe,France & Old West,Days of Wonder,map_expansion,,base_requirement_only,hold_for_product_detail_verification,yes,no,Ticket to Ride original USA base OR Ticket to Ride: Europe.,"[[""Ticket to Ride""],[""Ticket to Ride: Europe""]]",publisher_summary_only,false,,,,,An additional regional map collection; check product detail for reverse-side maps and variant rules.,product_or_cycle_description,,not_established,,,,,,,,,not_assessed,,,,,,,,,,not_recorded,,,not_verified,,,unknown,not_checked,https://www.daysofwonder.com/universe/ticket-to-ride-map-collection/,https://www.daysofwonder.com/universe/five-tribes/,publisher,catalog,product_name;base_game_association;base_requirement;alternative_base_games,base_requirement_verified_details_pending,2026-09-20,web_retrieval_or_search_index; not a legal/license audit,map_specific_player_count;edition;recommendation,not_established,US; regional availability not guaranteed,,,,,2026-09-20T14:35:11+00:00,fetch_failed,identity_not_established,https://www.daysofwonder.com/universe/ticket-to-ride-map-collection/,,src-2c885f136e6f6ab0,not_established,edition_compatibility_notes,,
rec_a3dca7c57fdd67,prd_18c3249e558a27,game_ticket-to-ride-europe,Ticket to Ride: Europe,ticket-to-ride-europe,Iberia,Days of Wonder,map_expansion,,base_requirement_only,hold_for_product_detail_verification,yes,no,Ticket to Ride original USA base OR Ticket to Ride: Europe.,"[[""Ticket to Ride""],[""Ticket to Ride: Europe""]]",publisher_summary_only,false,,,,,An additional regional map collection; check product detail for reverse-side maps and variant rules.,product_or_cycle_description,,not_established,,,,,,,,,not_assessed,,,,,,,,,,not_recorded,,,not_verified,,,unknown,not_checked,https://www.daysofwonder.com/universe/ticket-to-ride-map-collection/,,publisher,catalog,product_name;base_game_association;base_requirement;alternative_base_games,base_requirement_verified_details_pending,2026-09-20,web_retrieval_or_search_index; not a legal/license audit,map_specific_player_count;edition;recommendation,not_established,US; regional availability not guaranteed,,,,,2026-09-20T14:35:11+00:00,fetch_failed,identity_not_established,https://www.daysofwonder.com/universe/ticket-to-ride-map-collection/,,src-2c885f136e6f6ab0,not_established,edition_compatibility_notes,,
rec_da5342ea11c473,prd_55d7791119288f,game_ticket-to-ride-europe,Ticket to Ride: Europe,ticket-to-ride-europe,India & Switzerland,Days of Wonder,map_expansion,,base_requirement_only,hold_for_product_detail_verification,yes,no,Ticket to Ride original USA base OR Ticket to Ride: Europe.,"[[""Ticket to Ride""],[""Ticket to Ride: Europe""]]",publisher_summary_only,false,,,,,An additional regional map collection; check product detail for reverse-side maps and variant rules.,product_or_cycle_description,,not_established,,,,,,,,,not_assessed,,,,,,,,,,not_recorded,,,not_verified,,,unknown,not_checked,https://www.daysofwonder.com/universe/ticket-to-ride-map-collection/,https://www.daysofwonder.com/universe/five-tribes/,publisher,catalog,product_name;base_game_association;base_requirement;alternative_base_games,base_requirement_verified_details_pending,2026-09-20,web_retrieval_or_search_index; not a legal/license audit,map_specific_player_count;edition;recommendation,not_established,US; regional availability not guaranteed,,,,,2026-09-20T14:35:11+00:00,fetch_failed,identity_not_established,https://www.daysofwonder.com/universe/ticket-to-ride-map-collection/,,src-2c885f136e6f6ab0,not_established,edition_compatibility_notes,,
rec_beded40e63e49a,prd_674b6a5e56bd7d,game_ticket-to-ride-europe,Ticket to Ride: Europe,ticket-to-ride-europe,Japan & Italy,Days of Wonder,map_expansion,,base_requirement_only,hold_for_product_detail_verification,yes,no,Ticket to Ride original USA base OR Ticket to Ride: Europe.,"[[""Ticket to Ride""],[""Ticket to Ride: Europe""]]",publisher_summary_only,false,,,,,An additional regional map collection; check product detail for reverse-side maps and variant rules.,product_or_cycle_description,,not_established,,,,,,,,,not_assessed,,,,,,,,,,not_recorded,,,not_verified,,,unknown,not_checked,https://www.daysofwonder.com/universe/ticket-to-ride-map-collection/,,publisher,catalog,product_name;base_game_association;base_requirement;alternative_base_games,base_requirement_verified_details_pending,2026-09-20,web_retrieval_or_search_index; not a legal/license audit,map_specific_player_count;edition;recommendation,not_established,US; regional availability not guaranteed,,,,,2026-09-20T14:35:11+00:00,fetch_failed,identity_not_established,https://www.daysofwonder.com/universe/ticket-to-ride-map-collection/,,src-2c885f136e6f6ab0,not_established,edition_compatibility_notes,,
rec_8c21e68e2e6821,prd_8c82133afbe95d,game_ticket-to-ride-europe,Ticket to Ride: Europe,ticket-to-ride-europe,Nederland,Days of Wonder,map_expansion,,base_requirement_only,hold_for_product_detail_verification,yes,no,Ticket to Ride original USA base OR Ticket to Ride: Europe.,"[[""Ticket to Ride""],[""Ticket to Ride: Europe""]]",publisher_summary_only,false,,,,,An additional regional map collection; check product detail for reverse-side maps and variant rules.,product_or_cycle_description,,not_established,,,,,,,,,not_assessed,,,,,,,,,,not_recorded,,,not_verified,,,unknown,not_checked,https://www.daysofwonder.com/universe/ticket-to-ride-map-collection/,,publisher,catalog,product_name;base_game_association;base_requirement;alternative_base_games,base_requirement_verified_details_pending,2026-09-20,web_retrieval_or_search_index; not a legal/license audit,map_specific_player_count;edition;recommendation,not_established,US; regional availability not guaranteed,,,,,2026-09-20T14:35:11+00:00,fetch_failed,identity_not_established,https://www.daysofwonder.com/universe/ticket-to-ride-map-collection/,,src-2c885f136e6f6ab0,not_established,edition_compatibility_notes,,
rec_fc2aea965a3d3f,prd_3472d41f7390fe,game_ticket-to-ride-europe,Ticket to Ride: Europe,ticket-to-ride-europe,Poland,Days of Wonder,map_expansion,,base_requirement_only,hold_for_product_detail_verification,yes,no,Ticket to Ride original USA base OR Ticket to Ride: Europe.,"[[""Ticket to Ride""],[""Ticket to Ride: Europe""]]",publisher_summary_only,false,,,,,An additional regional map collection; check product detail for reverse-side maps and variant rules.,product_or_cycle_description,,not_established,,,,,,,,,not_assessed,,,,,,,,,,not_recorded,,,not_verified,,,unknown,not_checked,https://www.daysofwonder.com/universe/ticket-to-ride-map-collection/,,publisher,catalog,product_name;base_game_association;base_requirement;alternative_base_games,base_requirement_verified_details_pending,2026-09-20,web_retrieval_or_search_index; not a legal/license audit,map_specific_player_count;edition;recommendation,not_established,US; regional availability not guaranteed,,,,,2026-09-20T14:35:11+00:00,fetch_failed,identity_not_established,https://www.daysofwonder.com/universe/ticket-to-ride-map-collection/,,src-2c885f136e6f6ab0,not_established,edition_compatibility_notes,,
rec_2483f81b507ddc,prd_ef4b107669f859,game_ticket-to-ride-europe,Ticket to Ride: Europe,ticket-to-ride-europe,The Heart of Africa,Days of Wonder,map_expansion,,base_requirement_only,hold_for_product_detail_verification,yes,no,Ticket to Ride original USA base OR Ticket to Ride: Europe.,"[[""Ticket to Ride""],[""Ticket to Ride: Europe""]]",publisher_summary_only,false,,,,,An additional regional map collection; check product detail for reverse-side maps and variant rules.,product_or_cycle_description,,not_established,,,,,,,,,not_assessed,,,,,,,,,,not_recorded,,,not_verified,,,unknown,not_checked,https://www.daysofwonder.com/universe/ticket-to-ride-map-collection/,,publisher,catalog,product_name;base_game_association;base_requirement;alternative_base_games,base_requirement_verified_details_pending,2026-09-20,web_retrieval_or_search_index; not a legal/license audit,map_specific_player_count;edition;recommendation,not_established,US; regional availability not guaranteed,,,,,2026-09-20T14:35:11+00:00,fetch_failed,identity_not_established,https://www.daysofwonder.com/universe/ticket-to-ride-map-collection/,,src-2c885f136e6f6ab0,not_established,edition_compatibility_notes,,
rec_0f1292697fd147,prd_3fda4fb63b3a83,game_ticket-to-ride-europe,Ticket to Ride: Europe,ticket-to-ride-europe,United Kingdom & Pennsylvania,Days of Wonder,map_expansion,,base_requirement_only,hold_for_product_detail_verification,yes,no,Ticket to Ride original USA base OR Ticket to Ride: Europe.,"[[""Ticket to Ride""],[""Ticket to Ride: Europe""]]",publisher_summary_only,false,,,,,An additional regional map collection; check product detail for reverse-side maps and variant rules.,product_or_cycle_description,,not_established,,,,,,,,,not_assessed,,,,,,,,,,not_recorded,,,not_verified,,,unknown,not_checked,https://www.daysofwonder.com/universe/ticket-to-ride-map-collection/,https://www.daysofwonder.com/universe/five-tribes/,publisher,catalog,product_name;base_game_association;base_requirement;alternative_base_games,base_requirement_verified_details_pending,2026-09-20,web_retrieval_or_search_index; not a legal/license audit,map_specific_player_count;edition;recommendation,not_established,US; regional availability not guaranteed,,,,,2026-09-20T14:35:11+00:00,fetch_failed,identity_not_established,https://www.daysofwonder.com/universe/ticket-to-ride-map-collection/,,src-2c885f136e6f6ab0,not_established,edition_compatibility_notes,,
rec_858ef3b6eaf2aa,prd_79667901eab355,game_tokaido,Tokaido,tokaido,Crossroads & Matsuri,Stonemaier Games,expansion,,primary_catalog_identity,hold_for_product_detail_verification,unknown,unknown,,,not_verified,false,,,,,,not_recorded,,not_established,,,,,,,,,not_assessed,,,,,,,,,,not_recorded,,,not_verified,,,unknown,not_checked,https://store.stonemaiergames.com/collections/wingspan,,publisher,publisher_navigation,product_name;base_game_association,catalog_verified_details_pending,2026-09-20,web_retrieval_or_search_index; not a legal/license audit,product_detail;prerequisites;edition;release_status;recommendation,not_established,US; regional availability not guaranteed,,,,,2026-09-20T14:35:11+00:00,fetch_failed,identity_not_established,https://store.stonemaiergames.com/collections/wingspan,,src-aad88cb2772fb023,not_established,what_it_adds | base_game_requirement | edition_compatibility_notes,,
rec_03cf9748040108,prd_097c53162df2e4,game_trickerion,Trickerion,trickerion,Arcane Arts,Mindclash Games,expansion,,primary_catalog_identity,hold_for_product_detail_verification,unknown,unknown,,,not_verified,false,,,,,,not_recorded,,not_established,,,,,,,,,not_assessed,,,,,,,,,,not_recorded,,,not_verified,,,unknown,not_checked,https://uk.shop.mindclashgames.com/product-category/expansions/,,publisher,catalog,product_name;base_game_association,catalog_verified_details_pending,2026-09-20,web_retrieval_or_search_index; not a legal/license audit,US_edition_availability;prerequisites;component_overlap;recommendation,not_established,US; regional availability not guaranteed,,,,,2026-09-20T14:35:11+00:00,fetch_failed,identity_not_established,https://uk.shop.mindclashgames.com/product-category/expansions/,,src-c2a0ba114a2a6d9e,not_established,what_it_adds | base_game_requirement | edition_compatibility_notes,,
rec_41a787ffb2712c,prd_ab6e29bf2c54ed,game_trickerion,Trickerion,trickerion,Dahlgaard's Academy,Mindclash Games,expansion,,primary_catalog_identity,hold_for_product_detail_verification,unknown,unknown,,,not_verified,false,,,,,,not_recorded,,not_established,,,,,,,,,not_assessed,,,,,,,,,,not_recorded,,,not_verified,,,unknown,not_checked,https://uk.shop.mindclashgames.com/product-category/expansions/,,publisher,catalog,product_name;base_game_association,catalog_verified_details_pending,2026-09-20,web_retrieval_or_search_index; not a legal/license audit,US_edition_availability;prerequisites;component_overlap;recommendation,not_established,US; regional availability not guaranteed,,,,,2026-09-20T14:35:11+00:00,fetch_failed,identity_not_established,https://uk.shop.mindclashgames.com/product-category/expansions/,,src-c2a0ba114a2a6d9e,not_established,what_it_adds | base_game_requirement | edition_compatibility_notes,,
rec_5b3ce0726438e2,prd_a52df2ee3bac13,game_trickerion,Trickerion,trickerion,Dahlgaard's Gifts,Mindclash Games,expansion,,primary_catalog_identity,hold_for_product_detail_verification,unknown,unknown,,,not_verified,false,,,,,,not_recorded,,not_established,,,,,,,,,not_assessed,,,,,,,,,,not_recorded,,,not_verified,,,unknown,not_checked,https://uk.shop.mindclashgames.com/product-category/expansions/,,publisher,catalog,product_name;base_game_association,catalog_verified_details_pending,2026-09-20,web_retrieval_or_search_index; not a legal/license audit,US_edition_availability;prerequisites;component_overlap;recommendation,not_established,US; regional availability not guaranteed,,,,,2026-09-20T14:35:11+00:00,fetch_failed,identity_not_established,https://uk.shop.mindclashgames.com/product-category/expansions/,,src-c2a0ba114a2a6d9e,not_established,what_it_adds | base_game_requirement | edition_compatibility_notes,,
rec_6b6cfe7774e375,prd_f2727b3724781c,game_vikings-gone-wild,Vikings Gone Wild,vikings-gone-wild,Masters of Elements: 2nd Season Promo Pack,Lucky Duck Games,official_promo,,secondary_catalog_identity,hold_for_product_detail_verification,unknown,unknown,,,not_verified,false,,,,,Promotional gameplay content; exact effects and required editions not independently checked.,format_level_only,,not_established,,,,,,,,,not_assessed,,,,,,,,,,not_recorded,,,not_verified,,,unknown,not_checked,,https://boardgamegeekstore.com/collections/bgg-store-promos,specialist_retailer,retailer_catalog,product_name;base_game_association,secondary_catalog_details_pending,2026-09-20,web_retrieval_or_search_index; not a legal/license audit,product_rulebook;prerequisites;edition;recommendation;retailer_identity_only,not_established,US; regional availability not guaranteed,,,,,2026-09-20T14:35:11+00:00,fetch_failed,identity_not_established,https://boardgamegeekstore.com/collections/bgg-store-promos,,src-01c27471df6176f4,not_established,base_game_requirement | edition_compatibility_notes,,
rec_7ae02394c737cb,prd_e42a99a6a965ad,game_vikings-gone-wild,Vikings Gone Wild,vikings-gone-wild,Season 1 Promo Cards,Lucky Duck Games,official_promo,,secondary_catalog_identity,hold_for_product_detail_verification,unknown,unknown,,,not_verified,false,,,,,Promotional gameplay content; exact effects and required editions not independently checked.,format_level_only,,not_established,,,,,,,,,not_assessed,,,,,,,,,,not_recorded,,,not_verified,,,unknown,not_checked,,https://boardgamegeekstore.com/collections/bgg-store-promos,specialist_retailer,retailer_catalog,product_name;base_game_association,secondary_catalog_details_pending,2026-09-20,web_retrieval_or_search_index; not a legal/license audit,product_rulebook;prerequisites;edition;recommendation;retailer_identity_only,not_established,US; regional availability not guaranteed,,,,,2026-09-20T14:35:11+00:00,fetch_failed,identity_not_established,https://boardgamegeekstore.com/collections/bgg-store-promos,,src-01c27471df6176f4,not_established,base_game_requirement | edition_compatibility_notes,,
rec_ecda90b4c360b8,prd_e79a89433c345a,game_viscounts-of-the-west-kingdom,Viscounts of the West Kingdom,viscounts-of-the-west-kingdom,Dice Tower 2022 Promos,Garphill Games,official_promo,,primary_catalog_identity,hold_for_product_detail_verification,unknown,unknown,,,not_verified,false,,,,,,not_recorded,,not_established,,,,,,,,,not_assessed,,,,,,,,,,not_recorded,,,not_verified,,,unknown,not_checked,https://www.garphill.com/collections/west-kingdom,,publisher,catalog,product_name;base_game_association,catalog_verified_details_pending,2026-09-20,web_retrieval_or_search_index; not a legal/license audit,promo_overlap;prerequisites;recommendation,not_established,US; regional availability not guaranteed,,,,,2026-09-20T14:35:11+00:00,fetch_failed,identity_not_established,https://www.garphill.com/collections/west-kingdom,,src-7f6cf10813685995,not_established,what_it_adds | base_game_requirement | edition_compatibility_notes,,
rec_80067e6ef9d3e6,prd_61280a555eba3b,game_viscounts-of-the-west-kingdom,Viscounts of the West Kingdom,viscounts-of-the-west-kingdom,Gates of Gold,Garphill Games,expansion,,primary_catalog_identity,hold_for_product_detail_verification,unknown,unknown,,,not_verified,false,,,,,,not_recorded,,not_established,,,,,,,,,not_assessed,,,,,,,,,,not_recorded,,,not_verified,,,unknown,not_checked,https://www.garphill.com/collections/west-kingdom,,publisher,catalog,product_name;base_game_association,catalog_verified_details_pending,2026-09-20,web_retrieval_or_search_index; not a legal/license audit,prerequisites;edition;recommendation,not_established,US; regional availability not guaranteed,,,,,2026-09-20T14:35:11+00:00,fetch_failed,identity_not_established,https://www.garphill.com/collections/west-kingdom,,src-7f6cf10813685995,not_established,what_it_adds | base_game_requirement | edition_compatibility_notes,,
rec_9d90574ff5f2fc,prd_9cb9e10874f7ae,game_viscounts-of-the-west-kingdom,Viscounts of the West Kingdom,viscounts-of-the-west-kingdom,Keeper of Keys,Garphill Games,expansion,,primary_catalog_identity,hold_for_product_detail_verification,unknown,unknown,,,not_verified,false,,,,,,not_recorded,,not_established,,,,,,,,,not_assessed,,,,,,,,,,not_recorded,,,not_verified,,,unknown,not_checked,https://www.garphill.com/collections/west-kingdom,,publisher,catalog,product_name;base_game_association,catalog_verified_details_pending,2026-09-20,web_retrieval_or_search_index; not a legal/license audit,prerequisites;edition;recommendation,not_established,US; regional availability not guaranteed,,,,,2026-09-20T14:35:11+00:00,fetch_failed,identity_not_established,https://www.garphill.com/collections/west-kingdom,,src-7f6cf10813685995,not_established,what_it_adds | base_game_requirement | edition_compatibility_notes,,
rec_8992adf43cc03b,prd_efb1a4d104bcd9,game_viscounts-of-the-west-kingdom,Viscounts of the West Kingdom,viscounts-of-the-west-kingdom,Suzerain Promos,Garphill Games,official_promo,,secondary_catalog_identity,hold_for_product_detail_verification,unknown,unknown,,,not_verified,false,,,,,Promotional gameplay content; exact effects and required editions not independently checked.,format_level_only,,not_established,,,,,,,,,not_assessed,,,,,,,,,,not_recorded,,,not_verified,,,unknown,not_checked,,https://boardgamegeekstore.com/collections/bgg-store-promos?page=5,specialist_retailer,retailer_catalog,product_name;base_game_association,secondary_catalog_details_pending,2026-09-20,web_retrieval_or_search_index; not a legal/license audit,product_rulebook;prerequisites;edition;recommendation;retailer_identity_only,not_established,US; regional availability not guaranteed,,,,,2026-09-20T14:35:11+00:00,fetch_failed,identity_not_established,https://boardgamegeekstore.com/collections/bgg-store-promos?page=5,,src-8c6068e038559de0,not_established,base_game_requirement | edition_compatibility_notes,,
rec_433756f75878a0,prd_e01644b67a9f4e,game_viticulture,Viticulture,viticulture,Bordeaux,Stonemaier Games,expansion,,primary_catalog_identity,hold_for_product_detail_verification,unknown,unknown,,,not_verified,false,,,,,,not_recorded,,not_established,,,,,,,,,not_assessed,,,,,,,,,,not_recorded,,,not_verified,,,unknown,not_checked,https://store.stonemaiergames.com/collections/wingspan,,publisher,publisher_navigation,product_name;base_game_association,catalog_verified_details_pending,2026-09-20,web_retrieval_or_search_index; not a legal/license audit,product_detail;prerequisites;edition;release_status;recommendation,not_established,US; regional availability not guaranteed,,,,,2026-09-20T14:35:11+00:00,fetch_failed,identity_not_established,https://store.stonemaiergames.com/collections/wingspan,,src-aad88cb2772fb023,not_established,what_it_adds | base_game_requirement | edition_compatibility_notes,,
rec_b9f0ababc24aa8,prd_7c4ec4483605e9,game_viticulture,Viticulture,viticulture,Moor Visitors,Stonemaier Games,expansion,,primary_catalog_identity,hold_for_product_detail_verification,unknown,unknown,,,not_verified,false,,,,,,not_recorded,,not_established,,,,,,,,,not_assessed,,,,,,,,,,not_recorded,,,not_verified,,,unknown,not_checked,https://store.stonemaiergames.com/collections/wingspan,,publisher,publisher_navigation,product_name;base_game_association,catalog_verified_details_pending,2026-09-20,web_retrieval_or_search_index; not a legal/license audit,product_detail;prerequisites;edition;release_status;recommendation,not_established,US; regional availability not guaranteed,,,,,2026-09-20T14:35:11+00:00,fetch_failed,identity_not_established,https://store.stonemaiergames.com/collections/wingspan,,src-aad88cb2772fb023,not_established,what_it_adds | base_game_requirement | edition_compatibility_notes,,
rec_87f476157bce7a,prd_f193a01a57798c,game_viticulture,Viticulture,viticulture,Tuscany Essential Edition,Stonemaier Games,expansion,,primary_catalog_identity,hold_for_product_detail_verification,unknown,unknown,,,not_verified,false,,,,,,not_recorded,,not_established,,,,,,,,,not_assessed,,,,,,,,,,not_recorded,,,not_verified,,,unknown,not_checked,https://store.stonemaiergames.com/collections/wingspan,,publisher,publisher_navigation,product_name;base_game_association,catalog_verified_details_pending,2026-09-20,web_retrieval_or_search_index; not a legal/license audit,product_detail;prerequisites;edition;release_status;recommendation,not_established,US; regional availability not guaranteed,,,,,2026-09-20T14:35:11+00:00,fetch_failed,identity_not_established,https://store.stonemaiergames.com/collections/wingspan,,src-aad88cb2772fb023,not_established,what_it_adds | base_game_requirement | edition_compatibility_notes,,
rec_0281efb30caa96,prd_fd90e7c5b0a304,game_viticulture,Viticulture,viticulture,Visit from the Rhine Valley,Stonemaier Games,expansion,,primary_catalog_identity,hold_for_product_detail_verification,unknown,unknown,,,not_verified,false,,,,,,not_recorded,,not_established,,,,,,,,,not_assessed,,,,,,,,,,not_recorded,,,not_verified,,,unknown,not_checked,https://store.stonemaiergames.com/collections/wingspan,,publisher,publisher_navigation,product_name;base_game_association,catalog_verified_details_pending,2026-09-20,web_retrieval_or_search_index; not a legal/license audit,product_detail;prerequisites;edition;release_status;recommendation,not_established,US; regional availability not guaranteed,,,,,2026-09-20T14:35:11+00:00,fetch_failed,identity_not_established,https://store.stonemaiergames.com/collections/wingspan,,src-aad88cb2772fb023,not_established,what_it_adds | base_game_requirement | edition_compatibility_notes,,
rec_986d17f2834d02,prd_88b8ce829705df,game_viticulture,Viticulture,viticulture,Viticulture World,Stonemaier Games,expansion,,primary_catalog_identity,hold_for_product_detail_verification,unknown,unknown,,,not_verified,false,,,,,,not_recorded,,not_established,,,,,,,,,not_assessed,,,,,,,,,,not_recorded,,,not_verified,,,unknown,not_checked,https://store.stonemaiergames.com/collections/wingspan,,publisher,publisher_navigation,product_name;base_game_association,catalog_verified_details_pending,2026-09-20,web_retrieval_or_search_index; not a legal/license audit,product_detail;prerequisites;edition;release_status;recommendation,not_established,US; regional availability not guaranteed,,,,,2026-09-20T14:35:11+00:00,fetch_failed,identity_not_established,https://store.stonemaiergames.com/collections/wingspan,,src-aad88cb2772fb023,not_established,what_it_adds | base_game_requirement | edition_compatibility_notes,,
rec_71172c7e16302c,prd_809688f511c98a,game_wayfarers-of-the-south-tigris,Wayfarers of the South Tigris,wayfarers-of-the-south-tigris,Kickstarter Promo Cards,Garphill Games,official_promo,,primary_catalog_identity,hold_for_product_detail_verification,unknown,unknown,,,not_verified,false,,,,,,not_recorded,,not_established,,,,,,,,,not_assessed,,,,,,,,,,not_recorded,,,not_verified,,,unknown,not_checked,https://www.garphill.com/collections/medieval-trilogies,,publisher,catalog,product_name;base_game_association,catalog_verified_details_pending,2026-09-20,web_retrieval_or_search_index; not a legal/license audit,prerequisites;edition;recommendation,not_established,US; regional availability not guaranteed,,,,,2026-09-20T14:35:11+00:00,fetch_failed,identity_not_established,https://www.garphill.com/collections/medieval-trilogies,,src-139d4459dee16d02,not_established,what_it_adds | base_game_requirement | edition_compatibility_notes,,
rec_e81f217aaab2fa,prd_c54163d1fcd01d,game_wayfarers-of-the-south-tigris,Wayfarers of the South Tigris,wayfarers-of-the-south-tigris,Townsfolk Promo Cards,Garphill Games,official_promo,,primary_catalog_identity,hold_for_product_detail_verification,unknown,unknown,,,not_verified,false,,,,,,not_recorded,,not_established,,,,,,,,,not_assessed,,,,,,,,,,not_recorded,,,not_verified,,,unknown,not_checked,https://www.garphill.com/collections/medieval-trilogies,,publisher,catalog,product_name;base_game_association,catalog_verified_details_pending,2026-09-20,web_retrieval_or_search_index; not a legal/license audit,prerequisites;edition;recommendation,not_established,US; regional availability not guaranteed,,,,,2026-09-20T14:35:11+00:00,fetch_failed,identity_not_established,https://www.garphill.com/collections/medieval-trilogies,,src-139d4459dee16d02,not_established,what_it_adds | base_game_requirement | edition_compatibility_notes,,
rec_1213e091f443d5,prd_33cb32cb8e27ea,game_welcome-to,Welcome To...,welcome-to,Doomsday,,gameplay_addition_format_pending,,secondary_catalog_identity,hold_for_product_detail_verification,unknown,unknown,,,not_verified,false,,,,,Promotional gameplay content; exact effects and required editions not independently checked.,format_level_only,,not_established,,,,,,,,,not_assessed,,,,,,,,,,not_recorded,,,not_verified,,,unknown,not_checked,,https://boardgamegeekstore.com/collections/bgg-store-promos?page=5,specialist_retailer,retailer_catalog,product_name;base_game_association,secondary_catalog_details_pending,2026-09-20,web_retrieval_or_search_index; not a legal/license audit,product_rulebook;prerequisites;edition;recommendation;retailer_identity_only,not_established,US; regional availability not guaranteed,,,,,2026-09-20T14:35:11+00:00,fetch_failed,identity_not_established,https://boardgamegeekstore.com/collections/bgg-store-promos?page=5,,src-8c6068e038559de0,not_established,base_game_requirement | edition_compatibility_notes,,
rec_21d38b45707d70,prd_7760e3f5a48b83,game_welcome-to,Welcome To...,welcome-to,Outbreak,,gameplay_addition_format_pending,,secondary_catalog_identity,hold_for_product_detail_verification,unknown,unknown,,,not_verified,false,,,,,Promotional gameplay content; exact effects and required editions not independently checked.,format_level_only,,not_established,,,,,,,,,not_assessed,,,,,,,,,,not_recorded,,,not_verified,,,unknown,not_checked,,https://boardgamegeekstore.com/collections/bgg-store-promos?page=5,specialist_retailer,retailer_catalog,product_name;base_game_association,secondary_catalog_details_pending,2026-09-20,web_retrieval_or_search_index; not a legal/license audit,product_rulebook;prerequisites;edition;recommendation;retailer_identity_only,not_established,US; regional availability not guaranteed,,,,,2026-09-20T14:35:11+00:00,fetch_failed,identity_not_established,https://boardgamegeekstore.com/collections/bgg-store-promos?page=5,,src-8c6068e038559de0,not_established,base_game_requirement | edition_compatibility_notes,,
rec_9abdbdcc0b8f92,prd_b8525e9fa05841,game_wingspan,Wingspan,wingspan,Americas Expansion,Stonemaier Games,expansion,,primary_catalog_identity,hold_for_product_detail_verification,unknown,unknown,,,not_verified,false,,,,,,not_recorded,,not_established,,,,,,,,,not_assessed,,,,30.0,displayed_catalog_price_not_live_quote,20_to_39_99,https://store.stonemaiergames.com/collections/wingspan,2026-09-20,,not_recorded,,,not_verified,,,unknown,not_checked,https://store.stonemaiergames.com/collections/wingspan,,publisher,catalog,product_name;base_game_association,catalog_verified_details_pending,2026-09-20,web_retrieval_or_search_index; not a legal/license audit,prerequisites;edition;recommendation,not_established,US; regional availability not guaranteed,,,,,2026-09-20T14:35:11+00:00,fetch_failed,identity_not_established,https://store.stonemaiergames.com/collections/wingspan,,src-aad88cb2772fb023,not_established,what_it_adds | base_game_requirement | edition_compatibility_notes,,
rec_cd988e947361f9,prd_af550e1c606262,game_wingspan,Wingspan,wingspan,Asia,Stonemaier Games,standalone_compatible,,product_facts_checked,fact_checked_draft_needs_editorial_review,conditional,yes,No other box for 1-2 players. Wingspan core player components required for 6-7-player Flock mode.,,publisher_confirmed_conditional,false,,"Bird/bonus cards are compatible with the original Wingspan; 1-7 is the combined mode range, not a standalone player range.",,,"90 birds, 14 bonus cards, standalone solo/Duet play and Flock mode for six or seven players.",product_or_cycle_description,,not_established,1,7,mode_dependent:standalone_1_2;flock_with_core_6_7,One or two players want a self-contained Wingspan entry or Duet mode.,strong_fit_for_stated_use,1,One or two players want a self-contained Wingspan entry or Duet mode.,Standalone solo/two-player play avoids buying the original base solely to try this configuration.,editorial_draft_mechanics_based,editorial_inference_from_publisher_mechanics_not_playtesting,stated_use_case_only_not_universal_rank,https://store.stonemaiergames.com/products/wingspan-asia-expansion,39.0,displayed_catalog_price_not_live_quote,20_to_39_99,https://store.stonemaiergames.com/products/wingspan-asia-expansion,2026-09-20,https://store.stonemaiergames.com/products/wingspan-asia-expansion,source_product_page_may_link_to_store,,,not_verified,,,unknown,not_checked,https://store.stonemaiergames.com/products/wingspan-asia-expansion,,publisher,product_detail,product_name;base_game_association;what_it_adds,core_facts_verified,2026-09-20,web_retrieval_or_search_index; not a legal/license audit,edition;recommendation;editorial_human_review,not_established,US; regional availability not guaranteed,,,,,2026-09-20T14:35:11+00:00,fetch_failed,identity_not_established,https://store.stonemaiergames.com/products/wingspan-asia-expansion,,src-3701de0486d80486,not_established,,,
rec_0696f40dfb3d99,prd_5c02c090faf30e,game_wingspan,Wingspan,wingspan,European Expansion,Stonemaier Games,expansion,,product_facts_checked,fact_checked_draft_needs_editorial_review,yes,no,Wingspan,"[[""Wingspan""]]",publisher_confirmed_conditional,false,,Publisher describes mixing with other Wingspan expansions. Check Asia-only standalone/Duet configurations separately; a full-size base is not assumed mandatory for every mode.,,,"81 birds, additional round-end powers, bonus cards and goal tiles.",product_or_cycle_description,,not_established,1,5,publisher_product_listing,Group wants more cards without replacing the main player boards.,strong_fit_for_stated_use,1,Group wants more cards without replacing the main player boards.,"Adds birds, powers and goals while retaining the familiar board structure.",editorial_draft_mechanics_based,editorial_inference_from_publisher_mechanics_not_playtesting,stated_use_case_only_not_universal_rank,https://store.stonemaiergames.com/products/wingspan-european-expansion,25.0,displayed_catalog_price_not_live_quote,20_to_39_99,https://store.stonemaiergames.com/products/wingspan-european-expansion,2026-09-20,https://store.stonemaiergames.com/products/wingspan-european-expansion,source_product_page_may_link_to_store,https://www.amazon.com/dp/B07YQ6FS8G,B07YQ6FS8G,product_identity_checked_not_stock,2026-09-20,,unknown,not_checked,https://store.stonemaiergames.com/products/wingspan-european-expansion,,publisher,product_detail,product_name;base_game_association;what_it_adds;base_requirement,core_facts_verified,2026-09-20,web_retrieval_or_search_index; not a legal/license audit,Asia_only_mode_requirements;edition;recommendation;editorial_human_review,not_established,US; regional availability not guaranteed,,,,,2026-09-20T14:35:11+00:00,fetch_failed,identity_not_established,https://store.stonemaiergames.com/products/wingspan-european-expansion,,src-b7e6920f1f088a1e,not_established,,,
rec_f27c997bc7c47c,prd_e68f4899ad4f69,game_wingspan,Wingspan,wingspan,Fan-Designed Bird Promo Pack: Additional Asian Avians,Stonemaier Games,official_promo,,primary_catalog_identity,hold_for_product_detail_verification,unknown,unknown,,,not_verified,false,,Official publisher releases of fan-designed content; not unofficial fan material.,,,,not_recorded,,not_established,,,,,,,,,not_assessed,,,,9.0,displayed_catalog_price_not_live_quote,under_20,https://store.stonemaiergames.com/collections/wingspan,2026-09-20,,not_recorded,,,not_verified,,,unknown,not_checked,https://store.stonemaiergames.com/collections/wingspan,,publisher,catalog,product_name;base_game_association,catalog_verified_details_pending,2026-09-20,web_retrieval_or_search_index; not a legal/license audit,prerequisites;edition;recommendation;promo_bundle_overlap,not_established,US; regional availability not guaranteed,,,,,2026-09-20T14:35:11+00:00,fetch_failed,identity_not_established,https://store.stonemaiergames.com/collections/wingspan,,src-aad88cb2772fb023,not_established,what_it_adds | base_game_requirement,,
rec_a5efd91f2cce20,prd_a849c332819f36,game_wingspan,Wingspan,wingspan,Fan-Designed Bird Promo Pack: Birds of Canada,Stonemaier Games,official_promo,,primary_catalog_identity,hold_for_product_detail_verification,unknown,unknown,,,not_verified,false,,Official publisher releases of fan-designed content; not unofficial fan material.,,,,not_recorded,,not_established,,,,,,,,,not_assessed,,,,9.0,displayed_catalog_price_not_live_quote,under_20,https://store.stonemaiergames.com/collections/wingspan,2026-09-20,,not_recorded,,,not_verified,,,unknown,not_checked,https://store.stonemaiergames.com/collections/wingspan,,publisher,catalog,product_name;base_game_association,catalog_verified_details_pending,2026-09-20,web_retrieval_or_search_index; not a legal/license audit,prerequisites;edition;recommendation;promo_bundle_overlap,not_established,US; regional availability not guaranteed,,,,,2026-09-20T14:35:11+00:00,fetch_failed,identity_not_established,https://store.stonemaiergames.com/collections/wingspan,,src-aad88cb2772fb023,not_established,what_it_adds | base_game_requirement,,
rec_865639e1c6f6c5,prd_601cc173c907e8,game_wingspan,Wingspan,wingspan,Fan-Designed Bird Promo Pack: Birds of Continental Europe,Stonemaier Games,official_promo,,primary_catalog_identity,hold_for_product_detail_verification,unknown,unknown,,,not_verified,false,,Official publisher releases of fan-designed content; not unofficial fan material.,,,,not_recorded,,not_established,,,,,,,,,not_assessed,,,,9.0,displayed_catalog_price_not_live_quote,under_20,https://store.stonemaiergames.com/collections/wingspan,2026-09-20,,not_recorded,,,not_verified,,,unknown,not_checked,https://store.stonemaiergames.com/collections/wingspan,,publisher,catalog,product_name;base_game_association,catalog_verified_details_pending,2026-09-20,web_retrieval_or_search_index; not a legal/license audit,prerequisites;edition;recommendation;promo_bundle_overlap,not_established,US; regional availability not guaranteed,,,,,2026-09-20T14:35:11+00:00,fetch_failed,identity_not_established,https://store.stonemaiergames.com/collections/wingspan,,src-aad88cb2772fb023,not_established,what_it_adds | base_game_requirement,,
rec_29b0efb0e77c01,prd_c011a16204270a,game_wingspan,Wingspan,wingspan,Fan-Designed Bird Promo Pack: Birds of New Zealand,Stonemaier Games,official_promo,,primary_catalog_identity,hold_for_product_detail_verification,unknown,unknown,,,not_verified,false,,Official publisher releases of fan-designed content; not unofficial fan material.,,,,not_recorded,,not_established,,,,,,,,,not_assessed,,,,9.0,displayed_catalog_price_not_live_quote,under_20,https://store.stonemaiergames.com/collections/wingspan,2026-09-20,,not_recorded,,,not_verified,,,unknown,not_checked,https://store.stonemaiergames.com/collections/wingspan,,publisher,catalog,product_name;base_game_association,catalog_verified_details_pending,2026-09-20,web_retrieval_or_search_index; not a legal/license audit,prerequisites;edition;recommendation;promo_bundle_overlap,not_established,US; regional availability not guaranteed,,,,,2026-09-20T14:35:11+00:00,fetch_failed,identity_not_established,https://store.stonemaiergames.com/collections/wingspan,,src-aad88cb2772fb023,not_established,what_it_adds | base_game_requirement,,
rec_74dffa4f63fcd7,prd_1987a567c6a679,game_wingspan,Wingspan,wingspan,Fan-Designed Bird Promo Pack: Birds of U.S.A.,Stonemaier Games,official_promo,,primary_catalog_identity,hold_for_product_detail_verification,unknown,unknown,,,not_verified,false,,Official publisher releases of fan-designed content; not unofficial fan material.,,,,not_recorded,,not_established,,,,,,,,,not_assessed,,,,9.0,displayed_catalog_price_not_live_quote,under_20,https://store.stonemaiergames.com/collections/wingspan,2026-09-20,,not_recorded,,,not_verified,,,unknown,not_checked,https://store.stonemaiergames.com/collections/wingspan,,publisher,catalog,product_name;base_game_association,catalog_verified_details_pending,2026-09-20,web_retrieval_or_search_index; not a legal/license audit,prerequisites;edition;recommendation;promo_bundle_overlap,not_established,US; regional availability not guaranteed,,,,,2026-09-20T14:35:11+00:00,fetch_failed,identity_not_established,https://store.stonemaiergames.com/collections/wingspan,,src-aad88cb2772fb023,not_established,what_it_adds | base_game_requirement,,
rec_fecd19dc4660b0,prd_95dd7ccbff0463,game_wingspan,Wingspan,wingspan,Fan-Designed Bird Promo Pack: British Birds,Stonemaier Games,official_promo,,primary_catalog_identity,hold_for_product_detail_verification,unknown,unknown,,,not_verified,false,,Official publisher releases of fan-designed content; not unofficial fan material.,,,,not_recorded,,not_established,,,,,,,,,not_assessed,,,,9.0,displayed_catalog_price_not_live_quote,under_20,https://store.stonemaiergames.com/collections/wingspan,2026-09-20,,not_recorded,,,not_verified,,,unknown,not_checked,https://store.stonemaiergames.com/collections/wingspan,,publisher,catalog,product_name;base_game_association,catalog_verified_details_pending,2026-09-20,web_retrieval_or_search_index; not a legal/license audit,prerequisites;edition;recommendation;promo_bundle_overlap,not_established,US; regional availability not guaranteed,,,,,2026-09-20T14:35:11+00:00,fetch_failed,identity_not_established,https://store.stonemaiergames.com/collections/wingspan,,src-aad88cb2772fb023,not_established,what_it_adds | base_game_requirement,,
rec_35e5e15a123904,prd_939e7f96d833ca,game_wingspan,Wingspan,wingspan,Fan-Designed Bird Promo Packs: Set 1,Stonemaier Games,promo_compilation,,primary_catalog_identity,hold_for_product_detail_verification,unknown,unknown,,,not_verified,false,,Official publisher releases of fan-designed content; not unofficial fan material.,Compilation of the six named regional fan-designed promo packs; do not count compilation and constituents as independent new content.,,,not_recorded,,not_established,,,,,,,,,not_assessed,,,,54.0,displayed_catalog_price_not_live_quote,40_to_59_99,https://store.stonemaiergames.com/collections/wingspan,2026-09-20,,not_recorded,,,not_verified,,,unknown,not_checked,https://store.stonemaiergames.com/collections/wingspan,,publisher,catalog,product_name;base_game_association,catalog_verified_details_pending,2026-09-20,web_retrieval_or_search_index; not a legal/license audit,prerequisites;edition;recommendation;promo_bundle_overlap,not_established,US; regional availability not guaranteed,,,,,2026-09-20T14:35:11+00:00,fetch_failed,identity_not_established,https://store.stonemaiergames.com/collections/wingspan,,src-aad88cb2772fb023,not_established,what_it_adds | base_game_requirement,,
rec_6c241d6d548c7a,prd_b1bb964148590b,game_wingspan,Wingspan,wingspan,Oceania Expansion,Stonemaier Games,expansion,,product_facts_checked,fact_checked_draft_needs_editorial_review,yes,no,Wingspan,"[[""Wingspan""]]",publisher_confirmed_conditional,false,,Publisher describes mixing with other Wingspan expansions. Check Asia-only standalone/Duet configurations separately; a full-size base is not assumed mandatory for every mode.,,,"95 birds, nectar food, revised player mats, food dice, bonus cards and goals.",product_or_cycle_description,,not_established,1,5,publisher_product_listing,Experienced group wants a new resource and revised action boards.,strong_fit_for_stated_use,1,Experienced group wants a new resource and revised action boards.,Nectar and new mats change the engine-building choices more directly than a card-only increase.,editorial_draft_mechanics_based,editorial_inference_from_publisher_mechanics_not_playtesting,stated_use_case_only_not_universal_rank,https://store.stonemaiergames.com/products/wingspan-oceania-expansion,32.0,displayed_catalog_price_not_live_quote,20_to_39_99,https://store.stonemaiergames.com/products/wingspan-oceania-expansion,2026-09-20,https://store.stonemaiergames.com/products/wingspan-oceania-expansion,source_product_page_may_link_to_store,,,not_verified,,,unknown,not_checked,https://store.stonemaiergames.com/products/wingspan-oceania-expansion,,publisher,product_detail,product_name;base_game_association;what_it_adds;base_requirement,core_facts_verified,2026-09-20,web_retrieval_or_search_index; not a legal/license audit,Asia_only_mode_requirements;edition;recommendation;editorial_human_review,not_established,US; regional availability not guaranteed,,,,,2026-09-20T14:35:11+00:00,fetch_failed,identity_not_established,https://store.stonemaiergames.com/products/wingspan-oceania-expansion,,src-42c6e8cb8f0e4b56,not_established,,,
rec_03dcbd3716273e,prd_b8bee6cadf04f0,game_wyrmspan,Wyrmspan,wyrmspan,Dragon Academy,Stonemaier Games,expansion,,primary_catalog_identity,hold_for_product_detail_verification,unknown,unknown,,,not_verified,false,,,,,,not_recorded,,not_established,,,,,,,,,not_assessed,,,,,,,,,,not_recorded,,,not_verified,,,unknown,not_checked,https://store.stonemaiergames.com/collections/wingspan,,publisher,publisher_navigation,product_name;base_game_association,catalog_verified_details_pending,2026-09-20,web_retrieval_or_search_index; not a legal/license audit,product_detail;prerequisites;edition;release_status;recommendation,not_established,US; regional availability not guaranteed,,,,,2026-09-20T14:35:11+00:00,fetch_failed,identity_not_established,https://store.stonemaiergames.com/collections/wingspan,,src-aad88cb2772fb023,not_established,what_it_adds | base_game_requirement | edition_compatibility_notes,,
rec_8fb783eedd4ff5,prd_4c9d2df96a70cf,game_xia-legends-of-a-drift-system,Xia: Legends of a Drift System,xia-legends-of-a-drift-system,Balanced Economy Promo,,official_promo,,secondary_catalog_identity,hold_for_product_detail_verification,unknown,unknown,,,not_verified,false,,,,,Promotional gameplay content; exact effects and required editions not independently checked.,format_level_only,,not_established,,,,,,,,,not_assessed,,,,,,,,,,not_recorded,,,not_verified,,,unknown,not_checked,,https://boardgamegeekstore.com/collections/bgg-store-promos?page=5,specialist_retailer,retailer_catalog,product_name;base_game_association,secondary_catalog_details_pending,2026-09-20,web_retrieval_or_search_index; not a legal/license audit,product_rulebook;prerequisites;edition;recommendation;retailer_identity_only,not_established,US; regional availability not guaranteed,,,,,2026-09-20T14:35:11+00:00,fetch_failed,identity_not_established,https://boardgamegeekstore.com/collections/bgg-store-promos?page=5,,src-8c6068e038559de0,not_established,base_game_requirement | edition_compatibility_notes,,
